customer_code,segment,lifetime_value,orders_count,successful_payments,failed_payments,previous_recovery_success,contact_count
CUST_00001,price_sensitive,5883.68,5,5,0,0.6,0
CUST_00002,reliable,13528.39,6,6,0,0.75,0
CUST_00003,reliable,10982.33,7,6,1,0.75,0
CUST_00004,reliable,3476.59,4,3,1,0.75,0
CUST_00005,high_value,54253.63,6,6,0,0.8,0
CUST_00006,price_sensitive,4585.61,7,6,1,0.6,0
CUST_00007,unresponsive,2392.73,2,2,0,0.25,0
CUST_00008,reliable,5437.59,7,5,2,0.75,0
CUST_00009,occasional,1760.85,2,1,1,0.55,0
CUST_00010,reliable,15533.53,7,7,0,0.75,0
CUST_00011,reliable,13938.75,12,12,0,0.75,0
CUST_00012,occasional,10589.23,6,6,0,0.55,0
CUST_00013,reliable,28478.16,12,12,0,0.75,0
CUST_00014,reliable,6674.49,4,4,0,0.75,0
CUST_00015,price_sensitive,5635.38,8,7,1,0.6,0
CUST_00016,occasional,3157.78,3,3,0,0.55,0
CUST_00017,reliable,21891.08,9,9,0,0.75,0
CUST_00018,price_sensitive,5931.56,4,4,0,0.6,0
CUST_00019,unresponsive,3719.27,2,2,0,0.25,0
CUST_00020,reliable,6248.53,6,5,1,0.75,0
CUST_00021,unresponsive,6143.9,6,6,0,0.25,0
CUST_00022,price_sensitive,8564.7,6,6,0,0.6,0
CUST_00023,occasional,2922.38,2,2,0,0.55,0
CUST_00024,reliable,13776.57,11,11,0,0.75,0
CUST_00025,frequent_failure,5711.76,10,6,4,0.35,0
CUST_00026,occasional,3137.73,4,2,2,0.55,0
CUST_00027,reliable,27310.09,13,12,1,0.75,0
CUST_00028,reliable,30992.91,17,17,0,0.75,0
CUST_00029,unresponsive,3749.01,2,2,0,0.25,0
CUST_00030,price_sensitive,656.5,1,1,0,0.6,0
CUST_00031,unresponsive,7666.84,4,3,1,0.25,0
CUST_00032,high_value,87651.21,8,8,0,0.8,0
CUST_00033,occasional,10089.54,5,5,0,0.55,0
CUST_00034,frequent_failure,11452.95,10,8,2,0.35,0
CUST_00035,occasional,1316.91,1,1,0,0.55,0
CUST_00036,price_sensitive,4844.4,3,3,0,0.6,0
CUST_00037,unresponsive,4870.21,3,3,0,0.25,0
CUST_00038,price_sensitive,3491.4,3,2,1,0.6,0
CUST_00039,unresponsive,0.0,1,0,1,0.25,0
CUST_00040,price_sensitive,10165.04,7,7,0,0.6,0
CUST_00041,high_value,14219.54,2,2,0,0.8,0
CUST_00042,reliable,7890.75,6,5,1,0.75,0
CUST_00043,reliable,19397.26,13,12,1,0.75,0
CUST_00044,reliable,15341.84,8,8,0,0.75,0
CUST_00045,reliable,10313.9,12,12,0,0.75,0
CUST_00046,reliable,15580.17,6,6,0,0.75,0
CUST_00047,reliable,3445.09,5,3,2,0.75,0
CUST_00048,reliable,11666.41,10,10,0,0.75,0
CUST_00049,price_sensitive,1449.56,1,1,0,0.6,0
CUST_00050,occasional,6679.21,7,4,3,0.55,0
CUST_00051,occasional,5634.31,4,4,0,0.55,0
CUST_00052,reliable,20240.99,10,10,0,0.75,0
CUST_00053,reliable,17821.53,8,8,0,0.75,0
CUST_00054,frequent_failure,10012.56,10,9,1,0.35,0
CUST_00055,price_sensitive,2351.6,5,2,3,0.6,0
CUST_00056,price_sensitive,2353.3,3,2,1,0.6,0
CUST_00057,reliable,27293.58,14,14,0,0.75,0
CUST_00058,high_value,48772.7,9,8,1,0.8,0
CUST_00059,reliable,4084.43,4,4,0,0.75,0
CUST_00060,occasional,11433.11,9,6,3,0.55,0
CUST_00061,frequent_failure,9934.01,8,7,1,0.35,0
CUST_00062,price_sensitive,4207.67,5,5,0,0.6,0
CUST_00063,price_sensitive,1070.57,1,1,0,0.6,0
CUST_00064,price_sensitive,2445.93,4,3,1,0.6,0
CUST_00065,unresponsive,7382.67,4,4,0,0.25,0
CUST_00066,high_value,44601.63,6,5,1,0.8,0
CUST_00067,reliable,6462.59,6,6,0,0.75,0
CUST_00068,reliable,7566.23,4,4,0,0.75,0
CUST_00069,occasional,9665.47,6,5,1,0.55,0
CUST_00070,reliable,18382.59,9,9,0,0.75,0
CUST_00071,reliable,2695.03,4,4,0,0.75,0
CUST_00072,frequent_failure,4567.53,8,3,5,0.35,0
CUST_00073,unresponsive,6847.61,4,4,0,0.25,0
CUST_00074,occasional,1322.0,3,3,0,0.55,0
CUST_00075,price_sensitive,2803.38,3,3,0,0.6,0
CUST_00076,occasional,11662.62,9,7,2,0.55,0
CUST_00077,frequent_failure,3424.58,6,3,3,0.35,0
CUST_00078,occasional,6243.02,6,5,1,0.55,0
CUST_00079,reliable,20617.71,11,11,0,0.75,0
CUST_00080,reliable,16448.17,9,8,1,0.75,0
CUST_00081,price_sensitive,3077.35,4,3,1,0.6,0
CUST_00082,reliable,12236.01,9,9,0,0.75,0
CUST_00083,price_sensitive,5221.09,6,5,1,0.6,0
CUST_00084,unresponsive,11331.36,8,7,1,0.25,0
CUST_00085,occasional,7097.52,7,5,2,0.55,0
CUST_00086,reliable,11461.93,5,5,0,0.75,0
CUST_00087,frequent_failure,9084.86,8,7,1,0.35,0
CUST_00088,occasional,3753.2,5,4,1,0.55,0
CUST_00089,reliable,10134.99,7,7,0,0.75,0
CUST_00090,reliable,12620.56,6,6,0,0.75,0
CUST_00091,reliable,11702.17,9,9,0,0.75,0
CUST_00092,price_sensitive,1581.87,1,1,0,0.6,0
CUST_00093,high_value,19549.57,3,3,0,0.8,0
CUST_00094,occasional,3142.56,3,2,1,0.55,0
CUST_00095,reliable,13627.32,7,7,0,0.75,0
CUST_00096,occasional,5772.66,6,6,0,0.55,0
CUST_00097,frequent_failure,4763.57,9,4,5,0.35,0
CUST_00098,occasional,1871.12,1,1,0,0.55,0
CUST_00099,frequent_failure,5392.68,7,7,0,0.35,0
CUST_00100,unresponsive,7282.98,4,4,0,0.25,0
CUST_00101,reliable,16433.94,10,10,0,0.75,0
CUST_00102,high_value,47233.78,6,6,0,0.8,0
CUST_00103,price_sensitive,4708.5,5,5,0,0.6,0
CUST_00104,occasional,5770.81,5,4,1,0.55,0
CUST_00105,reliable,10856.64,10,9,1,0.75,0
CUST_00106,price_sensitive,5188.91,9,5,4,0.6,0
CUST_00107,reliable,14006.92,7,7,0,0.75,0
CUST_00108,occasional,7952.13,7,6,1,0.55,0
CUST_00109,occasional,3679.03,2,2,0,0.55,0
CUST_00110,frequent_failure,8074.02,8,8,0,0.35,0
CUST_00111,unresponsive,2786.17,2,2,0,0.25,0
CUST_00112,reliable,24342.06,10,10,0,0.75,0
CUST_00113,occasional,2775.72,2,2,0,0.55,0
CUST_00114,reliable,17148.57,11,9,2,0.75,0
CUST_00115,frequent_failure,6557.1,7,6,1,0.35,0
CUST_00116,unresponsive,8302.43,5,4,1,0.25,0
CUST_00117,reliable,12193.96,9,8,1,0.75,0
CUST_00118,price_sensitive,5960.29,7,6,1,0.6,0
CUST_00119,price_sensitive,2872.97,3,3,0,0.6,0
CUST_00120,reliable,32311.98,18,17,1,0.75,0
CUST_00121,high_value,31035.56,5,5,0,0.8,0
CUST_00122,occasional,4719.7,3,3,0,0.55,0
CUST_00123,high_value,68367.89,9,7,2,0.8,0
CUST_00124,occasional,3581.91,4,4,0,0.55,0
CUST_00125,reliable,6193.94,5,4,1,0.75,0
CUST_00126,occasional,3064.05,2,2,0,0.55,0
CUST_00127,reliable,25353.17,11,11,0,0.75,0
CUST_00128,frequent_failure,3451.85,8,2,6,0.35,0
CUST_00129,unresponsive,3298.15,3,3,0,0.25,0
CUST_00130,unresponsive,19597.55,9,9,0,0.25,0
CUST_00131,occasional,5816.31,5,5,0,0.55,0
CUST_00132,reliable,15662.54,6,6,0,0.75,0
CUST_00133,unresponsive,1419.08,1,1,0,0.25,0
CUST_00134,frequent_failure,2561.2,7,5,2,0.35,0
CUST_00135,reliable,8433.94,6,6,0,0.75,0
CUST_00136,occasional,2826.36,2,2,0,0.55,0
CUST_00137,reliable,15692.35,6,6,0,0.75,0
CUST_00138,high_value,73540.0,10,9,1,0.8,0
CUST_00139,high_value,20698.05,3,3,0,0.8,0
CUST_00140,reliable,21899.62,12,11,1,0.75,0
CUST_00141,occasional,1781.87,1,1,0,0.55,0
CUST_00142,occasional,5444.97,6,4,2,0.55,0
CUST_00143,reliable,26290.08,13,13,0,0.75,0
CUST_00144,unresponsive,3408.54,3,2,1,0.25,0
CUST_00145,occasional,9185.99,6,6,0,0.55,0
CUST_00146,reliable,14087.36,8,8,0,0.75,0
CUST_00147,occasional,9011.99,7,7,0,0.55,0
CUST_00148,high_value,79757.32,7,7,0,0.8,0
CUST_00149,reliable,11176.23,6,6,0,0.75,0
CUST_00150,occasional,9350.32,6,6,0,0.55,0
CUST_00151,frequent_failure,6449.81,8,5,3,0.35,0
CUST_00152,price_sensitive,3301.87,3,2,1,0.6,0
CUST_00153,occasional,6887.76,6,5,1,0.55,0
CUST_00154,occasional,13635.6,11,9,2,0.55,0
CUST_00155,reliable,7552.58,3,3,0,0.75,0
CUST_00156,reliable,7094.34,5,5,0,0.75,0
CUST_00157,occasional,6395.55,7,7,0,0.55,0
CUST_00158,price_sensitive,4532.61,7,7,0,0.6,0
CUST_00159,reliable,5842.86,5,4,1,0.75,0
CUST_00160,reliable,15063.27,9,9,0,0.75,0
CUST_00161,reliable,14573.02,6,6,0,0.75,0
CUST_00162,price_sensitive,3238.01,4,3,1,0.6,0
CUST_00163,reliable,23569.27,10,9,1,0.75,0
CUST_00164,frequent_failure,6185.02,7,6,1,0.35,0
CUST_00165,unresponsive,985.22,1,1,0,0.25,0
CUST_00166,reliable,21125.37,11,11,0,0.75,0
CUST_00167,reliable,9046.95,6,6,0,0.75,0
CUST_00168,price_sensitive,763.42,2,1,1,0.6,0
CUST_00169,reliable,17604.45,13,13,0,0.75,0
CUST_00170,reliable,18749.13,9,9,0,0.75,0
CUST_00171,frequent_failure,6267.32,10,6,4,0.35,0
CUST_00172,price_sensitive,2935.64,4,4,0,0.6,0
CUST_00173,occasional,10330.06,8,6,2,0.55,0
CUST_00174,high_value,34778.68,6,5,1,0.8,0
CUST_00175,unresponsive,8039.01,7,6,1,0.25,0
CUST_00176,reliable,10191.81,5,5,0,0.75,0
CUST_00177,reliable,12285.61,9,9,0,0.75,0
CUST_00178,occasional,1546.02,3,1,2,0.55,0
CUST_00179,occasional,4741.24,4,4,0,0.55,0
CUST_00180,occasional,6470.68,6,5,1,0.55,0
CUST_00181,high_value,51091.46,6,6,0,0.8,0
CUST_00182,price_sensitive,1308.77,1,1,0,0.6,0
CUST_00183,frequent_failure,2930.75,4,3,1,0.35,0
CUST_00184,reliable,14288.62,8,8,0,0.75,0
CUST_00185,occasional,15085.41,9,7,2,0.55,0
CUST_00186,occasional,5940.0,6,5,1,0.55,0
CUST_00187,unresponsive,2907.74,2,2,0,0.25,0
CUST_00188,reliable,7532.42,4,4,0,0.75,0
CUST_00189,reliable,14512.46,7,7,0,0.75,0
CUST_00190,occasional,3717.81,3,2,1,0.55,0
CUST_00191,occasional,5728.4,5,3,2,0.55,0
CUST_00192,reliable,23487.05,9,9,0,0.75,0
CUST_00193,reliable,23461.79,11,10,1,0.75,0
CUST_00194,frequent_failure,8781.4,8,7,1,0.35,0
CUST_00195,occasional,16271.85,8,8,0,0.55,0
CUST_00196,unresponsive,9247.1,5,5,0,0.25,0
CUST_00197,price_sensitive,5191.82,5,4,1,0.6,0
CUST_00198,reliable,9803.71,4,4,0,0.75,0
CUST_00199,frequent_failure,6139.1,5,4,1,0.35,0
CUST_00200,unresponsive,7254.33,7,5,2,0.25,0
CUST_00201,frequent_failure,1358.86,2,1,1,0.35,0
CUST_00202,frequent_failure,5141.89,9,5,4,0.35,0
CUST_00203,unresponsive,3757.11,2,2,0,0.25,0
CUST_00204,reliable,13379.32,6,6,0,0.75,0
CUST_00205,occasional,8888.09,8,7,1,0.55,0
CUST_00206,reliable,11449.68,5,5,0,0.75,0
CUST_00207,occasional,5083.64,6,4,2,0.55,0
CUST_00208,reliable,13865.58,7,7,0,0.75,0
CUST_00209,occasional,3174.81,5,3,2,0.55,0
CUST_00210,frequent_failure,5049.76,7,5,2,0.35,0
CUST_00211,reliable,3020.18,3,3,0,0.75,0
CUST_00212,high_value,33450.29,6,6,0,0.8,0
CUST_00213,occasional,6253.0,5,4,1,0.55,0
CUST_00214,occasional,4162.58,3,3,0,0.55,0
CUST_00215,frequent_failure,4124.13,7,4,3,0.35,0
CUST_00216,frequent_failure,9295.98,10,7,3,0.35,0
CUST_00217,price_sensitive,3868.98,4,4,0,0.6,0
CUST_00218,high_value,57125.09,10,10,0,0.8,0
CUST_00219,reliable,21594.73,11,11,0,0.75,0
CUST_00220,reliable,31405.27,13,13,0,0.75,0
CUST_00221,frequent_failure,3923.61,6,3,3,0.35,0
CUST_00222,price_sensitive,10418.52,7,7,0,0.6,0
CUST_00223,occasional,2236.24,2,2,0,0.55,0
CUST_00224,high_value,94801.62,11,11,0,0.8,0
CUST_00225,reliable,14086.33,6,6,0,0.75,0
CUST_00226,price_sensitive,6073.45,5,4,1,0.6,0
CUST_00227,occasional,3210.69,3,2,1,0.55,0
CUST_00228,unresponsive,7050.19,5,5,0,0.25,0
CUST_00229,reliable,22360.47,12,12,0,0.75,0
CUST_00230,frequent_failure,3315.39,4,2,2,0.35,0
CUST_00231,reliable,18870.49,10,9,1,0.75,0
CUST_00232,reliable,8130.43,5,5,0,0.75,0
CUST_00233,price_sensitive,3653.36,5,3,2,0.6,0
CUST_00234,price_sensitive,4041.79,3,3,0,0.6,0
CUST_00235,reliable,17910.71,8,8,0,0.75,0
CUST_00236,reliable,28356.89,14,14,0,0.75,0
CUST_00237,unresponsive,2191.63,3,1,2,0.25,0
CUST_00238,reliable,12450.09,6,6,0,0.75,0
CUST_00239,price_sensitive,2562.18,4,3,1,0.6,0
CUST_00240,price_sensitive,915.91,1,1,0,0.6,0
CUST_00241,occasional,3023.42,2,2,0,0.55,0
CUST_00242,price_sensitive,4405.87,4,3,1,0.6,0
CUST_00243,occasional,2520.62,5,2,3,0.55,0
CUST_00244,frequent_failure,6526.85,10,6,4,0.35,0
CUST_00245,reliable,5701.87,4,4,0,0.75,0
CUST_00246,high_value,13431.36,4,4,0,0.8,0
CUST_00247,reliable,11358.15,6,6,0,0.75,0
CUST_00248,occasional,6662.51,4,4,0,0.55,0
CUST_00249,price_sensitive,1064.65,1,1,0,0.6,0
CUST_00250,reliable,4765.84,6,5,1,0.75,0
CUST_00251,occasional,7505.21,6,5,1,0.55,0
CUST_00252,high_value,71892.93,9,9,0,0.8,0
CUST_00253,reliable,4657.2,4,4,0,0.75,0
CUST_00254,occasional,5473.98,3,3,0,0.55,0
CUST_00255,frequent_failure,6334.04,7,5,2,0.35,0
CUST_00256,frequent_failure,2866.02,2,2,0,0.35,0
CUST_00257,reliable,8454.52,5,4,1,0.75,0
CUST_00258,reliable,16497.81,10,10,0,0.75,0
CUST_00259,reliable,5455.89,6,6,0,0.75,0
CUST_00260,frequent_failure,12344.57,10,8,2,0.35,0
CUST_00261,unresponsive,990.19,1,1,0,0.25,0
CUST_00262,unresponsive,8481.85,7,5,2,0.25,0
CUST_00263,occasional,5359.08,7,6,1,0.55,0
CUST_00264,reliable,18469.96,13,13,0,0.75,0
CUST_00265,unresponsive,3674.85,4,2,2,0.25,0
CUST_00266,high_value,13907.4,7,7,0,0.8,0
CUST_00267,price_sensitive,1362.11,5,1,4,0.6,0
CUST_00268,frequent_failure,4400.26,5,3,2,0.35,0
CUST_00269,price_sensitive,3893.56,6,6,0,0.6,0
CUST_00270,reliable,4261.39,5,4,1,0.75,0
CUST_00271,unresponsive,3727.4,2,2,0,0.25,0
CUST_00272,reliable,8887.63,4,4,0,0.75,0
CUST_00273,price_sensitive,5582.41,6,5,1,0.6,0
CUST_00274,frequent_failure,6950.74,8,5,3,0.35,0
CUST_00275,reliable,15641.6,10,10,0,0.75,0
CUST_00276,reliable,3737.12,2,2,0,0.75,0
CUST_00277,reliable,7068.49,5,5,0,0.75,0
CUST_00278,price_sensitive,1409.54,2,1,1,0.6,0
CUST_00279,reliable,22344.29,11,10,1,0.75,0
CUST_00280,price_sensitive,10079.55,7,7,0,0.6,0
CUST_00281,high_value,46551.11,7,7,0,0.8,0
CUST_00282,reliable,24536.1,10,10,0,0.75,0
CUST_00283,price_sensitive,2575.25,5,3,2,0.6,0
CUST_00284,reliable,5821.79,5,5,0,0.75,0
CUST_00285,occasional,1323.69,1,1,0,0.55,0
CUST_00286,frequent_failure,442.39,4,1,3,0.35,0
CUST_00287,unresponsive,13084.01,7,7,0,0.25,0
CUST_00288,reliable,6198.95,3,3,0,0.75,0
CUST_00289,occasional,4373.0,3,3,0,0.55,0
CUST_00290,reliable,14583.2,8,8,0,0.75,0
CUST_00291,reliable,16522.45,11,11,0,0.75,0
CUST_00292,high_value,38274.66,7,6,1,0.8,0
CUST_00293,price_sensitive,3202.01,5,4,1,0.6,0
CUST_00294,reliable,13839.04,8,8,0,0.75,0
CUST_00295,high_value,20085.5,3,3,0,0.8,0
CUST_00296,price_sensitive,8832.97,8,7,1,0.6,0
CUST_00297,occasional,4647.18,4,3,1,0.55,0
CUST_00298,reliable,16277.55,9,9,0,0.75,0
CUST_00299,reliable,1237.32,1,1,0,0.75,0
CUST_00300,unresponsive,7367.22,4,4,0,0.25,0
CUST_00301,frequent_failure,3452.65,7,4,3,0.35,0
CUST_00302,occasional,5872.01,8,7,1,0.55,0
CUST_00303,unresponsive,4311.56,3,3,0,0.25,0
CUST_00304,price_sensitive,6443.69,7,5,2,0.6,0
CUST_00305,reliable,6909.14,11,11,0,0.75,0
CUST_00306,reliable,20784.79,11,11,0,0.75,0
CUST_00307,occasional,1163.5,1,1,0,0.55,0
CUST_00308,unresponsive,6454.64,4,4,0,0.25,0
CUST_00309,high_value,112606.97,11,11,0,0.8,0
CUST_00310,unresponsive,2735.88,4,3,1,0.25,0
CUST_00311,unresponsive,4041.56,3,2,1,0.25,0
CUST_00312,reliable,17561.35,14,13,1,0.75,0
CUST_00313,reliable,14793.78,11,10,1,0.75,0
CUST_00314,reliable,4899.98,2,2,0,0.75,0
CUST_00315,high_value,49376.99,8,7,1,0.8,0
CUST_00316,unresponsive,8538.05,5,5,0,0.25,0
CUST_00317,occasional,11395.29,9,8,1,0.55,0
CUST_00318,price_sensitive,2772.19,4,3,1,0.6,0
CUST_00319,reliable,13104.06,7,7,0,0.75,0
CUST_00320,frequent_failure,7315.4,6,5,1,0.35,0
CUST_00321,unresponsive,6616.32,3,3,0,0.25,0
CUST_00322,frequent_failure,5503.29,7,5,2,0.35,0
CUST_00323,unresponsive,2762.66,4,2,2,0.25,0
CUST_00324,unresponsive,2982.68,4,2,2,0.25,0
CUST_00325,reliable,15329.61,9,9,0,0.75,0
CUST_00326,high_value,40094.94,5,5,0,0.8,0
CUST_00327,occasional,7682.24,7,7,0,0.55,0
CUST_00328,frequent_failure,5016.79,6,4,2,0.35,0
CUST_00329,unresponsive,6974.69,4,4,0,0.25,0
CUST_00330,unresponsive,1827.18,1,1,0,0.25,0
CUST_00331,unresponsive,4564.01,2,2,0,0.25,0
CUST_00332,reliable,21640.3,13,13,0,0.75,0
CUST_00333,high_value,63640.11,10,10,0,0.8,0
CUST_00334,reliable,18016.04,7,7,0,0.75,0
CUST_00335,unresponsive,1700.82,2,1,1,0.25,0
CUST_00336,unresponsive,4348.64,3,3,0,0.25,0
CUST_00337,reliable,12913.76,7,7,0,0.75,0
CUST_00338,unresponsive,2808.29,5,3,2,0.25,0
CUST_00339,occasional,8767.94,6,6,0,0.55,0
CUST_00340,occasional,17113.88,8,7,1,0.55,0
CUST_00341,high_value,37318.63,4,4,0,0.8,0
CUST_00342,reliable,6639.91,3,3,0,0.75,0
CUST_00343,reliable,8260.5,7,7,0,0.75,0
CUST_00344,reliable,15458.52,10,10,0,0.75,0
CUST_00345,occasional,7758.61,5,5,0,0.55,0
CUST_00346,unresponsive,3832.72,3,3,0,0.25,0
CUST_00347,frequent_failure,3918.61,3,2,1,0.35,0
CUST_00348,reliable,17850.52,8,8,0,0.75,0
CUST_00349,price_sensitive,5120.91,6,5,1,0.6,0
CUST_00350,occasional,6916.97,4,4,0,0.55,0
CUST_00351,frequent_failure,11235.29,8,6,2,0.35,0
CUST_00352,occasional,2602.01,2,2,0,0.55,0
CUST_00353,frequent_failure,7243.08,5,5,0,0.35,0
CUST_00354,reliable,22096.08,10,9,1,0.75,0
CUST_00355,frequent_failure,8428.98,11,8,3,0.35,0
CUST_00356,reliable,13416.09,9,9,0,0.75,0
CUST_00357,frequent_failure,7878.28,8,5,3,0.35,0
CUST_00358,reliable,9962.92,8,8,0,0.75,0
CUST_00359,reliable,8422.46,4,4,0,0.75,0
CUST_00360,occasional,10354.27,8,8,0,0.55,0
CUST_00361,high_value,59410.39,8,8,0,0.8,0
CUST_00362,occasional,5411.7,5,4,1,0.55,0
CUST_00363,price_sensitive,4097.58,4,3,1,0.6,0
CUST_00364,occasional,9094.2,8,6,2,0.55,0
CUST_00365,occasional,16346.97,10,9,1,0.55,0
CUST_00366,price_sensitive,8532.35,6,6,0,0.6,0
CUST_00367,reliable,16283.08,8,8,0,0.75,0
CUST_00368,high_value,69967.63,9,7,2,0.8,0
CUST_00369,reliable,7551.04,4,4,0,0.75,0
CUST_00370,frequent_failure,5267.79,11,5,6,0.35,0
CUST_00371,occasional,6639.75,5,5,0,0.55,0
CUST_00372,high_value,24400.66,4,4,0,0.8,0
CUST_00373,high_value,52691.96,8,8,0,0.8,0
CUST_00374,price_sensitive,3009.66,3,3,0,0.6,0
CUST_00375,occasional,2914.66,4,4,0,0.55,0
CUST_00376,reliable,13859.62,8,8,0,0.75,0
CUST_00377,price_sensitive,4734.55,3,3,0,0.6,0
CUST_00378,occasional,11588.09,10,9,1,0.55,0
CUST_00379,occasional,7367.72,7,6,1,0.55,0
CUST_00380,unresponsive,5213.93,4,3,1,0.25,0
CUST_00381,high_value,44521.64,7,7,0,0.8,0
CUST_00382,occasional,6056.54,6,5,1,0.55,0
CUST_00383,occasional,4644.65,5,4,1,0.55,0
CUST_00384,occasional,2326.22,3,2,1,0.55,0
CUST_00385,occasional,5361.11,6,5,1,0.55,0
CUST_00386,reliable,14994.99,11,10,1,0.75,0
CUST_00387,reliable,7238.3,4,4,0,0.75,0
CUST_00388,occasional,3420.71,2,2,0,0.55,0
CUST_00389,frequent_failure,4142.95,4,3,1,0.35,0
CUST_00390,price_sensitive,2562.87,4,3,1,0.6,0
CUST_00391,frequent_failure,9323.1,7,7,0,0.35,0
CUST_00392,price_sensitive,1456.36,3,1,2,0.6,0
CUST_00393,occasional,15722.46,10,9,1,0.55,0
CUST_00394,occasional,7053.73,4,4,0,0.55,0
CUST_00395,reliable,13620.78,7,7,0,0.75,0
CUST_00396,reliable,16686.01,13,13,0,0.75,0
CUST_00397,occasional,6668.52,7,6,1,0.55,0
CUST_00398,price_sensitive,2797.91,4,3,1,0.6,0
CUST_00399,price_sensitive,5668.91,5,5,0,0.6,0
CUST_00400,occasional,10469.68,10,10,0,0.55,0
CUST_00401,occasional,5792.21,5,3,2,0.55,0
CUST_00402,reliable,8283.81,4,4,0,0.75,0
CUST_00403,occasional,10041.9,8,8,0,0.55,0
CUST_00404,frequent_failure,11480.99,8,6,2,0.35,0
CUST_00405,high_value,25833.23,5,4,1,0.8,0
CUST_00406,reliable,12143.95,10,10,0,0.75,0
CUST_00407,reliable,15047.39,8,8,0,0.75,0
CUST_00408,occasional,3141.19,3,2,1,0.55,0
CUST_00409,price_sensitive,6308.43,4,4,0,0.6,0
CUST_00410,occasional,3300.39,3,3,0,0.55,0
CUST_00411,unresponsive,3322.48,2,2,0,0.25,0
CUST_00412,high_value,103499.49,12,11,1,0.8,0
CUST_00413,price_sensitive,6293.35,7,6,1,0.6,0
CUST_00414,reliable,13576.5,7,7,0,0.75,0
CUST_00415,reliable,28524.76,12,12,0,0.75,0
CUST_00416,reliable,16026.38,7,7,0,0.75,0
CUST_00417,reliable,13631.51,6,6,0,0.75,0
CUST_00418,occasional,1979.39,2,1,1,0.55,0
CUST_00419,unresponsive,8166.96,5,5,0,0.25,0
CUST_00420,reliable,4698.03,3,3,0,0.75,0
CUST_00421,occasional,793.16,3,1,2,0.55,0
CUST_00422,price_sensitive,4775.05,5,4,1,0.6,0
CUST_00423,reliable,18943.31,9,9,0,0.75,0
CUST_00424,price_sensitive,2660.6,3,3,0,0.6,0
CUST_00425,occasional,5588.87,5,5,0,0.55,0
CUST_00426,reliable,4777.95,4,4,0,0.75,0
CUST_00427,price_sensitive,3483.17,5,5,0,0.6,0
CUST_00428,reliable,12594.95,10,8,2,0.75,0
CUST_00429,high_value,88363.35,10,10,0,0.8,0
CUST_00430,high_value,23814.56,7,6,1,0.8,0
CUST_00431,reliable,12768.82,8,8,0,0.75,0
CUST_00432,occasional,11992.07,8,7,1,0.55,0
CUST_00433,reliable,7094.59,5,5,0,0.75,0
CUST_00434,frequent_failure,6824.5,5,4,1,0.35,0
CUST_00435,occasional,5257.82,3,3,0,0.55,0
CUST_00436,reliable,8646.99,7,7,0,0.75,0
CUST_00437,reliable,18245.75,13,13,0,0.75,0
CUST_00438,unresponsive,2630.22,3,2,1,0.25,0
CUST_00439,occasional,4535.73,4,4,0,0.55,0
CUST_00440,unresponsive,5144.56,4,3,1,0.25,0
CUST_00441,price_sensitive,2534.62,2,2,0,0.6,0
CUST_00442,frequent_failure,10994.72,6,5,1,0.35,0
CUST_00443,price_sensitive,4353.5,3,3,0,0.6,0
CUST_00444,frequent_failure,5639.43,6,4,2,0.35,0
CUST_00445,unresponsive,4509.0,6,4,2,0.25,0
CUST_00446,price_sensitive,1223.61,1,1,0,0.6,0
CUST_00447,high_value,48017.42,5,5,0,0.8,0
CUST_00448,occasional,2212.01,1,1,0,0.55,0
CUST_00449,unresponsive,4652.54,5,4,1,0.25,0
CUST_00450,occasional,13537.3,8,8,0,0.55,0
CUST_00451,unresponsive,4757.81,4,4,0,0.25,0
CUST_00452,high_value,68643.76,7,7,0,0.8,0
CUST_00453,occasional,2709.06,4,4,0,0.55,0
CUST_00454,reliable,10439.11,8,7,1,0.75,0
CUST_00455,reliable,18249.16,9,9,0,0.75,0
CUST_00456,price_sensitive,1799.45,2,2,0,0.6,0
CUST_00457,high_value,58890.41,8,8,0,0.8,0
CUST_00458,occasional,8241.1,7,6,1,0.55,0
CUST_00459,price_sensitive,6432.73,8,6,2,0.6,0
CUST_00460,reliable,12626.02,9,8,1,0.75,0
CUST_00461,reliable,8472.75,5,5,0,0.75,0
CUST_00462,reliable,15143.45,8,7,1,0.75,0
CUST_00463,reliable,20497.86,11,11,0,0.75,0
CUST_00464,occasional,5868.06,3,3,0,0.55,0
CUST_00465,occasional,1124.08,3,3,0,0.55,0
CUST_00466,reliable,13619.19,5,5,0,0.75,0
CUST_00467,reliable,16479.92,6,6,0,0.75,0
CUST_00468,price_sensitive,3792.03,3,3,0,0.6,0
CUST_00469,high_value,24295.28,3,3,0,0.8,0
CUST_00470,reliable,7435.84,4,4,0,0.75,0
CUST_00471,occasional,5754.55,4,4,0,0.55,0
CUST_00472,occasional,6310.39,4,4,0,0.55,0
CUST_00473,occasional,9455.7,6,6,0,0.55,0
CUST_00474,reliable,14789.41,10,9,1,0.75,0
CUST_00475,occasional,2505.94,4,4,0,0.55,0
CUST_00476,frequent_failure,3317.65,6,2,4,0.35,0
CUST_00477,price_sensitive,9070.76,7,6,1,0.6,0
CUST_00478,price_sensitive,4832.6,4,3,1,0.6,0
CUST_00479,unresponsive,951.44,1,1,0,0.25,0
CUST_00480,high_value,58192.96,8,7,1,0.8,0
CUST_00481,occasional,3495.75,2,2,0,0.55,0
CUST_00482,reliable,6956.54,5,5,0,0.75,0
CUST_00483,occasional,6910.69,5,4,1,0.55,0
CUST_00484,high_value,62772.15,8,8,0,0.8,0
CUST_00485,unresponsive,8142.51,5,5,0,0.25,0
CUST_00486,frequent_failure,1759.22,4,2,2,0.35,0
CUST_00487,occasional,6618.82,4,3,1,0.55,0
CUST_00488,high_value,28356.25,8,6,2,0.8,0
CUST_00489,occasional,3010.7,3,3,0,0.55,0
CUST_00490,price_sensitive,5235.1,6,4,2,0.6,0
CUST_00491,reliable,29193.95,11,11,0,0.75,0
CUST_00492,reliable,12361.03,11,9,2,0.75,0
CUST_00493,occasional,3348.45,3,3,0,0.55,0
CUST_00494,reliable,18181.51,14,14,0,0.75,0
CUST_00495,occasional,10784.7,9,7,2,0.55,0
CUST_00496,price_sensitive,3605.84,5,4,1,0.6,0
CUST_00497,occasional,11349.08,6,5,1,0.55,0
CUST_00498,reliable,21110.64,11,11,0,0.75,0
CUST_00499,occasional,6754.34,5,5,0,0.55,0
CUST_00500,reliable,5815.28,4,3,1,0.75,0
CUST_00501,price_sensitive,3983.7,4,2,2,0.6,0
CUST_00502,reliable,17031.37,7,6,1,0.75,0
CUST_00503,occasional,2774.12,5,4,1,0.55,0
CUST_00504,price_sensitive,5699.46,5,5,0,0.6,0
CUST_00505,reliable,4030.94,2,2,0,0.75,0
CUST_00506,price_sensitive,1286.88,2,1,1,0.6,0
CUST_00507,reliable,14016.64,8,8,0,0.75,0
CUST_00508,occasional,7447.04,7,6,1,0.55,0
CUST_00509,reliable,25189.39,12,12,0,0.75,0
CUST_00510,occasional,2412.96,2,2,0,0.55,0
CUST_00511,reliable,11070.03,5,5,0,0.75,0
CUST_00512,occasional,6472.61,5,5,0,0.55,0
CUST_00513,high_value,42046.89,5,5,0,0.8,0
CUST_00514,occasional,4945.05,5,4,1,0.55,0
CUST_00515,high_value,41314.85,7,7,0,0.8,0
CUST_00516,unresponsive,4059.57,4,4,0,0.25,0
CUST_00517,reliable,13917.04,8,8,0,0.75,0
CUST_00518,reliable,9927.25,5,5,0,0.75,0
CUST_00519,reliable,27194.87,12,12,0,0.75,0
CUST_00520,occasional,4509.79,5,5,0,0.55,0
CUST_00521,frequent_failure,4773.68,8,4,4,0.35,0
CUST_00522,occasional,5041.14,3,3,0,0.55,0
CUST_00523,price_sensitive,2857.66,3,3,0,0.6,0
CUST_00524,high_value,21014.79,3,3,0,0.8,0
CUST_00525,price_sensitive,3588.44,6,5,1,0.6,0
CUST_00526,high_value,77958.03,10,10,0,0.8,0
CUST_00527,frequent_failure,7167.34,9,4,5,0.35,0
CUST_00528,reliable,23749.35,12,12,0,0.75,0
CUST_00529,reliable,9003.54,9,8,1,0.75,0
CUST_00530,reliable,19345.37,11,11,0,0.75,0
CUST_00531,reliable,15395.64,7,7,0,0.75,0
CUST_00532,price_sensitive,2618.47,4,2,2,0.6,0
CUST_00533,price_sensitive,3946.56,4,4,0,0.6,0
CUST_00534,reliable,17688.51,8,8,0,0.75,0
CUST_00535,price_sensitive,2814.26,2,2,0,0.6,0
CUST_00536,high_value,47097.18,7,6,1,0.8,0
CUST_00537,reliable,11760.31,7,6,1,0.75,0
CUST_00538,price_sensitive,5763.42,6,5,1,0.6,0
CUST_00539,high_value,30372.27,5,5,0,0.8,0
CUST_00540,reliable,21356.85,8,8,0,0.75,0
CUST_00541,unresponsive,3115.1,2,2,0,0.25,0
CUST_00542,frequent_failure,11124.07,7,6,1,0.35,0
CUST_00543,reliable,16309.27,7,7,0,0.75,0
CUST_00544,reliable,10226.04,6,6,0,0.75,0
CUST_00545,occasional,2996.37,2,2,0,0.55,0
CUST_00546,price_sensitive,8276.55,6,6,0,0.6,0
CUST_00547,frequent_failure,4583.18,7,3,4,0.35,0
CUST_00548,occasional,0.0,1,0,1,0.55,0
CUST_00549,high_value,39360.98,6,6,0,0.8,0
CUST_00550,reliable,24419.67,11,10,1,0.75,0
CUST_00551,price_sensitive,2332.05,3,3,0,0.6,0
CUST_00552,price_sensitive,2142.36,3,2,1,0.6,0
CUST_00553,reliable,5507.33,3,3,0,0.75,0
CUST_00554,high_value,38112.66,7,5,2,0.8,0
CUST_00555,unresponsive,7438.98,5,4,1,0.25,0
CUST_00556,price_sensitive,2646.16,2,2,0,0.6,0
CUST_00557,reliable,30400.07,13,12,1,0.75,0
CUST_00558,frequent_failure,3536.64,4,3,1,0.35,0
CUST_00559,high_value,53413.43,5,5,0,0.8,0
CUST_00560,occasional,2323.38,2,2,0,0.55,0
CUST_00561,occasional,5958.71,4,4,0,0.55,0
CUST_00562,occasional,9415.22,8,6,2,0.55,0
CUST_00563,occasional,5912.33,4,4,0,0.55,0
CUST_00564,occasional,5525.61,4,3,1,0.55,0
CUST_00565,unresponsive,3077.75,2,2,0,0.25,0
CUST_00566,unresponsive,2203.3,2,1,1,0.25,0
CUST_00567,reliable,11353.11,9,8,1,0.75,0
CUST_00568,frequent_failure,0.0,1,0,1,0.35,0
CUST_00569,price_sensitive,3168.07,4,3,1,0.6,0
CUST_00570,unresponsive,5923.8,6,3,3,0.25,0
CUST_00571,high_value,53950.78,7,7,0,0.8,0
CUST_00572,occasional,2361.58,2,2,0,0.55,0
CUST_00573,high_value,45511.78,6,6,0,0.8,0
CUST_00574,frequent_failure,0.0,4,0,4,0.35,0
CUST_00575,reliable,16808.67,9,9,0,0.75,0
CUST_00576,unresponsive,11863.88,5,5,0,0.25,0
CUST_00577,occasional,5593.2,7,7,0,0.55,0
CUST_00578,occasional,1411.32,1,1,0,0.55,0
CUST_00579,occasional,9575.32,8,7,1,0.55,0
CUST_00580,high_value,52518.89,10,9,1,0.8,0
CUST_00581,reliable,8781.46,5,5,0,0.75,0
CUST_00582,unresponsive,3209.39,4,4,0,0.25,0
CUST_00583,unresponsive,8290.16,6,5,1,0.25,0
CUST_00584,reliable,9023.97,7,6,1,0.75,0
CUST_00585,unresponsive,1925.77,1,1,0,0.25,0
CUST_00586,reliable,16701.42,6,6,0,0.75,0
CUST_00587,occasional,7077.63,5,5,0,0.55,0
CUST_00588,price_sensitive,3099.65,6,5,1,0.6,0
CUST_00589,occasional,1766.34,1,1,0,0.55,0
CUST_00590,reliable,21420.96,11,10,1,0.75,0
CUST_00591,unresponsive,4758.67,4,2,2,0.25,0
CUST_00592,reliable,11306.5,5,5,0,0.75,0
CUST_00593,reliable,12396.89,7,6,1,0.75,0
CUST_00594,high_value,52652.48,7,6,1,0.8,0
CUST_00595,occasional,5244.17,3,3,0,0.55,0
CUST_00596,unresponsive,1858.4,1,1,0,0.25,0
CUST_00597,high_value,53906.36,8,8,0,0.8,0
CUST_00598,reliable,16746.69,11,11,0,0.75,0
CUST_00599,reliable,17626.78,9,9,0,0.75,0
CUST_00600,frequent_failure,6100.05,8,6,2,0.35,0
CUST_00601,reliable,21284.38,9,9,0,0.75,0
CUST_00602,high_value,37094.02,4,4,0,0.8,0
CUST_00603,occasional,9052.8,7,6,1,0.55,0
CUST_00604,high_value,18159.94,5,4,1,0.8,0
CUST_00605,price_sensitive,1499.46,3,2,1,0.6,0
CUST_00606,price_sensitive,2384.26,2,2,0,0.6,0
CUST_00607,occasional,2423.08,2,2,0,0.55,0
CUST_00608,high_value,37446.97,4,4,0,0.8,0
CUST_00609,reliable,11090.1,7,6,1,0.75,0
CUST_00610,reliable,13820.22,8,7,1,0.75,0
CUST_00611,price_sensitive,4972.54,5,4,1,0.6,0
CUST_00612,occasional,4454.9,4,4,0,0.55,0
CUST_00613,price_sensitive,6677.97,5,5,0,0.6,0
CUST_00614,occasional,11922.49,6,6,0,0.55,0
CUST_00615,occasional,5531.11,5,4,1,0.55,0
CUST_00616,occasional,7855.9,5,5,0,0.55,0
CUST_00617,high_value,26342.21,4,4,0,0.8,0
CUST_00618,occasional,10656.1,6,6,0,0.55,0
CUST_00619,high_value,77985.88,12,11,1,0.8,0
CUST_00620,reliable,23592.9,11,11,0,0.75,0
CUST_00621,reliable,14802.58,8,7,1,0.75,0
CUST_00622,reliable,5010.01,5,4,1,0.75,0
CUST_00623,reliable,18390.44,11,11,0,0.75,0
CUST_00624,reliable,14180.0,9,9,0,0.75,0
CUST_00625,occasional,1653.93,1,1,0,0.55,0
CUST_00626,high_value,62050.08,8,8,0,0.8,0
CUST_00627,reliable,21380.79,13,13,0,0.75,0
CUST_00628,reliable,20201.65,10,10,0,0.75,0
CUST_00629,occasional,2788.37,2,2,0,0.55,0
CUST_00630,high_value,43809.54,7,6,1,0.8,0
CUST_00631,frequent_failure,1288.73,9,2,7,0.35,0
CUST_00632,occasional,3269.49,8,8,0,0.55,0
CUST_00633,reliable,19735.06,8,8,0,0.75,0
CUST_00634,reliable,8362.76,7,5,2,0.75,0
CUST_00635,reliable,14782.22,7,7,0,0.75,0
CUST_00636,reliable,20678.62,9,9,0,0.75,0
CUST_00637,reliable,10005.93,6,6,0,0.75,0
CUST_00638,reliable,11531.26,6,6,0,0.75,0
CUST_00639,occasional,9429.17,8,6,2,0.55,0
CUST_00640,reliable,12278.67,6,6,0,0.75,0
CUST_00641,frequent_failure,5248.91,4,4,0,0.35,0
CUST_00642,price_sensitive,3074.36,3,3,0,0.6,0
CUST_00643,price_sensitive,2319.11,4,3,1,0.6,0
CUST_00644,reliable,14220.43,8,8,0,0.75,0
CUST_00645,unresponsive,6263.48,6,5,1,0.25,0
CUST_00646,occasional,5736.94,4,4,0,0.55,0
CUST_00647,unresponsive,4147.4,3,2,1,0.25,0
CUST_00648,price_sensitive,2813.27,5,3,2,0.6,0
CUST_00649,occasional,2517.03,3,2,1,0.55,0
CUST_00650,occasional,11943.3,10,8,2,0.55,0
CUST_00651,reliable,15735.7,9,9,0,0.75,0
CUST_00652,reliable,7675.68,4,4,0,0.75,0
CUST_00653,frequent_failure,10583.25,8,6,2,0.35,0
CUST_00654,occasional,3759.59,4,3,1,0.55,0
CUST_00655,unresponsive,3073.36,4,2,2,0.25,0
CUST_00656,occasional,4006.95,5,3,2,0.55,0
CUST_00657,reliable,14581.93,8,8,0,0.75,0
CUST_00658,price_sensitive,3019.39,3,2,1,0.6,0
CUST_00659,reliable,5652.26,3,3,0,0.75,0
CUST_00660,reliable,16520.83,9,8,1,0.75,0
CUST_00661,price_sensitive,2741.32,3,3,0,0.6,0
CUST_00662,occasional,6181.77,4,4,0,0.55,0
CUST_00663,frequent_failure,6899.94,5,3,2,0.35,0
CUST_00664,reliable,12060.26,6,5,1,0.75,0
CUST_00665,high_value,37453.37,4,4,0,0.8,0
CUST_00666,price_sensitive,8866.96,6,6,0,0.6,0
CUST_00667,high_value,52433.0,7,7,0,0.8,0
CUST_00668,reliable,10529.15,7,7,0,0.75,0
CUST_00669,occasional,3655.83,4,3,1,0.55,0
CUST_00670,occasional,11183.08,8,6,2,0.55,0
CUST_00671,occasional,6215.05,6,5,1,0.55,0
CUST_00672,unresponsive,5086.27,3,3,0,0.25,0
CUST_00673,frequent_failure,2602.05,7,2,5,0.35,0
CUST_00674,occasional,3660.99,4,2,2,0.55,0
CUST_00675,price_sensitive,3975.76,4,4,0,0.6,0
CUST_00676,price_sensitive,8536.42,8,7,1,0.6,0
CUST_00677,high_value,56630.31,7,6,1,0.8,0
CUST_00678,frequent_failure,6456.97,9,6,3,0.35,0
CUST_00679,reliable,6842.32,8,8,0,0.75,0
CUST_00680,reliable,10537.25,5,5,0,0.75,0
CUST_00681,price_sensitive,3030.99,5,5,0,0.6,0
CUST_00682,reliable,14863.13,9,9,0,0.75,0
CUST_00683,reliable,15447.01,9,9,0,0.75,0
CUST_00684,reliable,10802.72,10,10,0,0.75,0
CUST_00685,reliable,12661.13,9,9,0,0.75,0
CUST_00686,occasional,8684.69,6,5,1,0.55,0
CUST_00687,price_sensitive,3827.2,7,5,2,0.6,0
CUST_00688,reliable,9067.18,7,7,0,0.75,0
CUST_00689,reliable,10166.89,8,7,1,0.75,0
CUST_00690,high_value,73343.12,9,8,1,0.8,0
CUST_00691,high_value,25267.02,3,3,0,0.8,0
CUST_00692,occasional,7071.97,5,5,0,0.55,0
CUST_00693,price_sensitive,5378.07,4,4,0,0.6,0
CUST_00694,frequent_failure,1870.86,5,2,3,0.35,0
CUST_00695,high_value,106972.8,10,9,1,0.8,0
CUST_00696,price_sensitive,1008.13,1,1,0,0.6,0
CUST_00697,price_sensitive,5052.9,6,5,1,0.6,0
CUST_00698,frequent_failure,2986.31,3,3,0,0.35,0
CUST_00699,occasional,1605.98,1,1,0,0.55,0
CUST_00700,occasional,9800.43,8,6,2,0.55,0
CUST_00701,price_sensitive,2949.46,4,3,1,0.6,0
CUST_00702,frequent_failure,6575.43,5,4,1,0.35,0
CUST_00703,unresponsive,9887.18,7,6,1,0.25,0
CUST_00704,reliable,8538.84,6,6,0,0.75,0
CUST_00705,reliable,11293.93,7,7,0,0.75,0
CUST_00706,occasional,5258.45,5,5,0,0.55,0
CUST_00707,high_value,53967.78,10,9,1,0.8,0
CUST_00708,price_sensitive,424.88,1,1,0,0.6,0
CUST_00709,reliable,13500.35,7,6,1,0.75,0
CUST_00710,reliable,20277.31,8,7,1,0.75,0
CUST_00711,price_sensitive,1735.62,2,2,0,0.6,0
CUST_00712,price_sensitive,5106.61,4,4,0,0.6,0
CUST_00713,frequent_failure,5074.28,9,6,3,0.35,0
CUST_00714,occasional,7283.61,6,4,2,0.55,0
CUST_00715,occasional,4247.9,6,4,2,0.55,0
CUST_00716,reliable,7788.21,5,5,0,0.75,0
CUST_00717,reliable,9590.9,9,8,1,0.75,0
CUST_00718,occasional,11574.13,7,7,0,0.55,0
CUST_00719,occasional,4490.84,4,3,1,0.55,0
CUST_00720,reliable,28929.64,13,12,1,0.75,0
CUST_00721,reliable,15667.62,7,7,0,0.75,0
CUST_00722,frequent_failure,5286.37,5,5,0,0.35,0
CUST_00723,unresponsive,10168.4,6,5,1,0.25,0
CUST_00724,price_sensitive,5789.17,5,5,0,0.6,0
CUST_00725,frequent_failure,2766.51,3,2,1,0.35,0
CUST_00726,frequent_failure,3375.65,5,2,3,0.35,0
CUST_00727,price_sensitive,2430.59,5,3,2,0.6,0
CUST_00728,reliable,15940.13,8,8,0,0.75,0
CUST_00729,reliable,19363.99,13,13,0,0.75,0
CUST_00730,high_value,45469.95,6,6,0,0.8,0
CUST_00731,occasional,2032.65,3,2,1,0.55,0
CUST_00732,price_sensitive,6488.01,8,6,2,0.6,0
CUST_00733,frequent_failure,3478.16,6,2,4,0.35,0
CUST_00734,reliable,4477.45,5,4,1,0.75,0
CUST_00735,price_sensitive,5601.31,4,4,0,0.6,0
CUST_00736,price_sensitive,1387.94,4,2,2,0.6,0
CUST_00737,occasional,4761.08,3,3,0,0.55,0
CUST_00738,reliable,11045.95,7,6,1,0.75,0
CUST_00739,occasional,2114.17,4,2,2,0.55,0
CUST_00740,occasional,10090.61,8,8,0,0.55,0
CUST_00741,price_sensitive,2578.36,3,2,1,0.6,0
CUST_00742,unresponsive,6774.03,5,5,0,0.25,0
CUST_00743,occasional,12598.4,6,6,0,0.55,0
CUST_00744,price_sensitive,2826.99,2,2,0,0.6,0
CUST_00745,reliable,5488.22,7,6,1,0.75,0
CUST_00746,frequent_failure,3879.29,7,3,4,0.35,0
CUST_00747,unresponsive,1526.68,1,1,0,0.25,0
CUST_00748,price_sensitive,8756.45,9,8,1,0.6,0
CUST_00749,occasional,5420.04,5,4,1,0.55,0
CUST_00750,occasional,5859.57,5,5,0,0.55,0
CUST_00751,occasional,9243.59,7,7,0,0.55,0
CUST_00752,frequent_failure,3761.79,7,3,4,0.35,0
CUST_00753,occasional,4664.61,4,4,0,0.55,0
CUST_00754,occasional,5632.77,5,5,0,0.55,0
CUST_00755,frequent_failure,7195.68,10,8,2,0.35,0
CUST_00756,price_sensitive,6809.64,6,5,1,0.6,0
CUST_00757,occasional,12384.21,7,7,0,0.55,0
CUST_00758,occasional,5549.57,6,4,2,0.55,0
CUST_00759,reliable,12679.73,8,8,0,0.75,0
CUST_00760,occasional,4028.17,4,4,0,0.55,0
CUST_00761,high_value,32546.51,8,7,1,0.8,0
CUST_00762,price_sensitive,0.0,1,0,1,0.6,0
CUST_00763,high_value,23966.65,5,5,0,0.8,0
CUST_00764,reliable,8436.38,4,4,0,0.75,0
CUST_00765,occasional,8499.74,6,5,1,0.55,0
CUST_00766,frequent_failure,5396.58,5,4,1,0.35,0
CUST_00767,occasional,8071.42,5,5,0,0.55,0
CUST_00768,price_sensitive,3628.43,4,3,1,0.6,0
CUST_00769,reliable,5251.36,11,10,1,0.75,0
CUST_00770,frequent_failure,5225.21,7,3,4,0.35,0
CUST_00771,price_sensitive,4339.74,5,4,1,0.6,0
CUST_00772,reliable,15234.06,11,11,0,0.75,0
CUST_00773,reliable,14815.71,11,11,0,0.75,0
CUST_00774,price_sensitive,3339.46,4,3,1,0.6,0
CUST_00775,price_sensitive,4272.89,3,3,0,0.6,0
CUST_00776,reliable,32414.49,12,12,0,0.75,0
CUST_00777,frequent_failure,6641.4,7,5,2,0.35,0
CUST_00778,frequent_failure,1926.51,6,2,4,0.35,0
CUST_00779,occasional,4992.58,4,4,0,0.55,0
CUST_00780,reliable,7724.91,3,3,0,0.75,0
CUST_00781,unresponsive,716.69,1,1,0,0.25,0
CUST_00782,occasional,3957.88,3,3,0,0.55,0
CUST_00783,high_value,30985.4,6,6,0,0.8,0
CUST_00784,occasional,9497.27,6,6,0,0.55,0
CUST_00785,reliable,14396.83,7,7,0,0.75,0
CUST_00786,unresponsive,2934.85,3,2,1,0.25,0
CUST_00787,frequent_failure,1334.84,5,1,4,0.35,0
CUST_00788,reliable,11595.63,7,7,0,0.75,0
CUST_00789,price_sensitive,6667.57,6,5,1,0.6,0
CUST_00790,occasional,5723.51,7,6,1,0.55,0
CUST_00791,frequent_failure,4187.85,6,3,3,0.35,0
CUST_00792,occasional,7899.71,8,6,2,0.55,0
CUST_00793,unresponsive,2503.5,4,4,0,0.25,0
CUST_00794,unresponsive,1873.67,3,1,2,0.25,0
CUST_00795,reliable,7041.99,8,7,1,0.75,0
CUST_00796,high_value,40228.19,5,5,0,0.8,0
CUST_00797,occasional,4386.36,6,5,1,0.55,0
CUST_00798,frequent_failure,1829.15,6,3,3,0.35,0
CUST_00799,occasional,8894.12,5,5,0,0.55,0
CUST_00800,unresponsive,3289.9,3,3,0,0.25,0
CUST_00801,reliable,6056.03,4,4,0,0.75,0
CUST_00802,reliable,13256.22,7,7,0,0.75,0
CUST_00803,price_sensitive,3337.85,7,7,0,0.6,0
CUST_00804,frequent_failure,4743.99,9,4,5,0.35,0
CUST_00805,occasional,2110.69,4,3,1,0.55,0
CUST_00806,reliable,13466.74,9,9,0,0.75,0
CUST_00807,occasional,4878.18,4,3,1,0.55,0
CUST_00808,occasional,2030.67,4,2,2,0.55,0
CUST_00809,price_sensitive,8548.63,6,6,0,0.6,0
CUST_00810,occasional,4623.44,3,3,0,0.55,0
CUST_00811,occasional,10382.19,8,8,0,0.55,0
CUST_00812,occasional,8810.8,7,7,0,0.55,0
CUST_00813,reliable,25144.1,9,9,0,0.75,0
CUST_00814,price_sensitive,5619.32,6,6,0,0.6,0
CUST_00815,price_sensitive,3898.4,6,5,1,0.6,0
CUST_00816,reliable,11178.04,6,6,0,0.75,0
CUST_00817,high_value,11233.82,1,1,0,0.8,0
CUST_00818,reliable,11860.87,8,6,2,0.75,0
CUST_00819,high_value,24226.6,3,3,0,0.8,0
CUST_00820,high_value,36264.39,7,7,0,0.8,0
CUST_00821,unresponsive,4729.54,4,3,1,0.25,0
CUST_00822,occasional,10894.01,8,7,1,0.55,0
CUST_00823,price_sensitive,4739.77,5,5,0,0.6,0
CUST_00824,unresponsive,1661.47,1,1,0,0.25,0
CUST_00825,frequent_failure,6266.3,6,4,2,0.35,0
CUST_00826,occasional,5058.17,4,3,1,0.55,0
CUST_00827,reliable,34133.42,13,12,1,0.75,0
CUST_00828,occasional,6444.87,5,4,1,0.55,0
CUST_00829,price_sensitive,870.53,3,1,2,0.6,0
CUST_00830,unresponsive,13768.66,6,6,0,0.25,0
CUST_00831,unresponsive,2088.52,1,1,0,0.25,0
CUST_00832,occasional,2893.77,2,2,0,0.55,0
CUST_00833,occasional,3321.75,4,2,2,0.55,0
CUST_00834,occasional,1432.73,1,1,0,0.55,0
CUST_00835,high_value,47621.73,6,6,0,0.8,0
CUST_00836,occasional,4594.71,4,4,0,0.55,0
CUST_00837,price_sensitive,4158.79,4,3,1,0.6,0
CUST_00838,reliable,6153.17,6,5,1,0.75,0
CUST_00839,occasional,5430.4,4,3,1,0.55,0
CUST_00840,frequent_failure,7147.53,6,4,2,0.35,0
CUST_00841,occasional,1415.34,2,1,1,0.55,0
CUST_00842,price_sensitive,1362.85,3,1,2,0.6,0
CUST_00843,price_sensitive,2080.97,3,3,0,0.6,0
CUST_00844,unresponsive,1703.04,3,1,2,0.25,0
CUST_00845,unresponsive,2626.09,2,2,0,0.25,0
CUST_00846,unresponsive,4386.5,3,3,0,0.25,0
CUST_00847,occasional,2864.66,2,2,0,0.55,0
CUST_00848,occasional,5114.29,7,6,1,0.55,0
CUST_00849,high_value,70181.47,6,6,0,0.8,0
CUST_00850,high_value,34436.77,7,6,1,0.8,0
CUST_00851,unresponsive,5977.66,3,3,0,0.25,0
CUST_00852,reliable,12607.42,6,6,0,0.75,0
CUST_00853,reliable,14156.8,5,5,0,0.75,0
CUST_00854,price_sensitive,4840.66,3,3,0,0.6,0
CUST_00855,frequent_failure,6519.86,7,5,2,0.35,0
CUST_00856,frequent_failure,4555.42,10,5,5,0.35,0
CUST_00857,high_value,37648.32,5,4,1,0.8,0
CUST_00858,occasional,570.96,1,1,0,0.55,0
CUST_00859,reliable,9166.75,6,6,0,0.75,0
CUST_00860,price_sensitive,4947.57,5,4,1,0.6,0
CUST_00861,unresponsive,8687.74,6,5,1,0.25,0
CUST_00862,occasional,4216.25,6,4,2,0.55,0
CUST_00863,price_sensitive,1774.05,4,2,2,0.6,0
CUST_00864,frequent_failure,3523.35,4,3,1,0.35,0
CUST_00865,reliable,18222.85,12,11,1,0.75,0
CUST_00866,high_value,42928.11,9,9,0,0.8,0
CUST_00867,reliable,11482.1,8,8,0,0.75,0
CUST_00868,occasional,6799.77,4,4,0,0.55,0
CUST_00869,reliable,20255.17,13,13,0,0.75,0
CUST_00870,occasional,7172.26,4,4,0,0.55,0
CUST_00871,price_sensitive,3381.52,5,4,1,0.6,0
CUST_00872,high_value,29147.5,4,4,0,0.8,0
CUST_00873,reliable,16146.0,11,9,2,0.75,0
CUST_00874,reliable,18103.6,11,11,0,0.75,0
CUST_00875,unresponsive,4095.12,2,2,0,0.25,0
CUST_00876,price_sensitive,4351.4,6,3,3,0.6,0
CUST_00877,reliable,9839.17,9,8,1,0.75,0
CUST_00878,frequent_failure,11540.54,10,8,2,0.35,0
CUST_00879,reliable,12791.59,6,6,0,0.75,0
CUST_00880,occasional,3458.83,5,3,2,0.55,0
CUST_00881,reliable,11865.74,7,7,0,0.75,0
CUST_00882,reliable,16373.25,9,8,1,0.75,0
CUST_00883,reliable,7167.59,6,6,0,0.75,0
CUST_00884,unresponsive,7437.67,5,5,0,0.25,0
CUST_00885,frequent_failure,3153.11,3,3,0,0.35,0
CUST_00886,price_sensitive,5838.91,6,6,0,0.6,0
CUST_00887,reliable,10345.59,6,6,0,0.75,0
CUST_00888,occasional,4829.06,3,3,0,0.55,0
CUST_00889,occasional,4335.84,3,3,0,0.55,0
CUST_00890,price_sensitive,2226.48,5,5,0,0.6,0
CUST_00891,price_sensitive,2117.51,4,3,1,0.6,0
CUST_00892,occasional,7212.32,6,5,1,0.55,0
CUST_00893,reliable,9986.8,5,5,0,0.75,0
CUST_00894,unresponsive,3155.97,4,3,1,0.25,0
CUST_00895,reliable,19099.45,9,8,1,0.75,0
CUST_00896,occasional,2541.52,3,3,0,0.55,0
CUST_00897,occasional,8567.17,5,5,0,0.55,0
CUST_00898,reliable,3050.5,4,3,1,0.75,0
CUST_00899,price_sensitive,1202.23,2,1,1,0.6,0
CUST_00900,price_sensitive,4189.71,4,3,1,0.6,0
CUST_00901,frequent_failure,2782.03,3,2,1,0.35,0
CUST_00902,reliable,2385.78,5,4,1,0.75,0
CUST_00903,frequent_failure,3794.56,7,3,4,0.35,0
CUST_00904,price_sensitive,9840.79,9,7,2,0.6,0
CUST_00905,reliable,8248.49,8,7,1,0.75,0
CUST_00906,price_sensitive,3482.24,3,3,0,0.6,0
CUST_00907,price_sensitive,4480.7,4,3,1,0.6,0
CUST_00908,high_value,35062.16,5,5,0,0.8,0
CUST_00909,reliable,9591.49,6,6,0,0.75,0
CUST_00910,price_sensitive,3837.8,4,3,1,0.6,0
CUST_00911,occasional,10688.03,9,6,3,0.55,0
CUST_00912,frequent_failure,4137.52,2,2,0,0.35,0
CUST_00913,reliable,14889.73,7,6,1,0.75,0
CUST_00914,high_value,33080.06,4,4,0,0.8,0
CUST_00915,price_sensitive,3615.51,3,3,0,0.6,0
CUST_00916,occasional,3762.97,4,4,0,0.55,0
CUST_00917,price_sensitive,5008.2,4,4,0,0.6,0
CUST_00918,price_sensitive,3369.75,5,4,1,0.6,0
CUST_00919,price_sensitive,3071.31,6,3,3,0.6,0
CUST_00920,high_value,50452.77,6,6,0,0.8,0
CUST_00921,price_sensitive,4805.92,5,4,1,0.6,0
CUST_00922,unresponsive,1649.71,1,1,0,0.25,0
CUST_00923,price_sensitive,6079.81,6,6,0,0.6,0
CUST_00924,frequent_failure,9709.81,9,7,2,0.35,0
CUST_00925,price_sensitive,2069.21,3,2,1,0.6,0
CUST_00926,occasional,4689.75,5,3,2,0.55,0
CUST_00927,occasional,6919.39,6,5,1,0.55,0
CUST_00928,price_sensitive,2975.32,4,3,1,0.6,0
CUST_00929,high_value,101482.14,10,10,0,0.8,0
CUST_00930,reliable,10971.56,6,6,0,0.75,0
CUST_00931,reliable,17747.24,12,12,0,0.75,0
CUST_00932,high_value,23375.5,5,5,0,0.8,0
CUST_00933,reliable,11015.04,7,6,1,0.75,0
CUST_00934,reliable,20161.78,8,8,0,0.75,0
CUST_00935,occasional,8276.3,6,5,1,0.55,0
CUST_00936,frequent_failure,7018.18,8,8,0,0.35,0
CUST_00937,occasional,6558.23,5,4,1,0.55,0
CUST_00938,frequent_failure,4652.44,5,4,1,0.35,0
CUST_00939,unresponsive,3958.91,7,6,1,0.25,0
CUST_00940,reliable,15316.74,6,6,0,0.75,0
CUST_00941,unresponsive,4590.62,3,3,0,0.25,0
CUST_00942,occasional,5251.61,3,3,0,0.55,0
CUST_00943,unresponsive,5017.81,5,4,1,0.25,0
CUST_00944,high_value,13413.52,3,2,1,0.8,0
CUST_00945,occasional,4709.29,4,4,0,0.55,0
CUST_00946,reliable,6182.89,5,4,1,0.75,0
CUST_00947,frequent_failure,14186.8,10,9,1,0.35,0
CUST_00948,reliable,22875.21,12,11,1,0.75,0
CUST_00949,frequent_failure,2928.39,6,5,1,0.35,0
CUST_00950,unresponsive,2493.95,3,2,1,0.25,0
CUST_00951,high_value,30999.53,6,6,0,0.8,0
CUST_00952,frequent_failure,5784.78,6,4,2,0.35,0
CUST_00953,frequent_failure,2426.7,5,2,3,0.35,0
CUST_00954,unresponsive,2416.11,2,2,0,0.25,0
CUST_00955,occasional,7495.64,6,6,0,0.55,0
CUST_00956,high_value,72095.23,8,8,0,0.8,0
CUST_00957,reliable,13366.83,8,8,0,0.75,0
CUST_00958,occasional,3605.34,2,2,0,0.55,0
CUST_00959,occasional,8898.93,7,7,0,0.55,0
CUST_00960,price_sensitive,5172.79,4,4,0,0.6,0
CUST_00961,price_sensitive,4221.26,4,3,1,0.6,0
CUST_00962,price_sensitive,1163.83,2,1,1,0.6,0
CUST_00963,unresponsive,1408.12,3,1,2,0.25,0
CUST_00964,frequent_failure,2580.34,4,2,2,0.35,0
CUST_00965,reliable,16753.8,8,8,0,0.75,0
CUST_00966,reliable,6777.42,4,4,0,0.75,0
CUST_00967,reliable,10323.17,5,5,0,0.75,0
CUST_00968,unresponsive,5954.81,3,3,0,0.25,0
CUST_00969,price_sensitive,3947.78,3,3,0,0.6,0
CUST_00970,frequent_failure,5055.78,12,7,5,0.35,0
CUST_00971,reliable,14855.06,9,9,0,0.75,0
CUST_00972,reliable,13601.91,7,7,0,0.75,0
CUST_00973,unresponsive,2742.76,4,4,0,0.25,0
CUST_00974,frequent_failure,6273.95,10,6,4,0.35,0
CUST_00975,occasional,8462.99,7,6,1,0.55,0
CUST_00976,occasional,5239.04,5,4,1,0.55,0
CUST_00977,reliable,14284.9,7,6,1,0.75,0
CUST_00978,frequent_failure,8769.06,6,5,1,0.35,0
CUST_00979,occasional,8077.07,4,4,0,0.55,0
CUST_00980,occasional,8818.97,6,6,0,0.55,0
CUST_00981,reliable,4935.56,4,4,0,0.75,0
CUST_00982,unresponsive,9758.28,5,5,0,0.25,0
CUST_00983,reliable,18324.25,11,11,0,0.75,0
CUST_00984,occasional,2464.97,3,3,0,0.55,0
CUST_00985,price_sensitive,2709.92,3,3,0,0.6,0
CUST_00986,high_value,49587.35,8,8,0,0.8,0
CUST_00987,frequent_failure,4471.1,10,7,3,0.35,0
CUST_00988,occasional,5092.36,5,4,1,0.55,0
CUST_00989,high_value,43105.28,6,6,0,0.8,0
CUST_00990,reliable,16573.12,8,8,0,0.75,0
CUST_00991,occasional,11862.91,11,9,2,0.55,0
CUST_00992,reliable,26263.29,13,12,1,0.75,0
CUST_00993,occasional,10724.09,6,6,0,0.55,0
CUST_00994,occasional,2415.53,4,4,0,0.55,0
CUST_00995,frequent_failure,13713.0,12,9,3,0.35,0
CUST_00996,reliable,4801.13,3,3,0,0.75,0
CUST_00997,occasional,2145.58,2,2,0,0.55,0
CUST_00998,occasional,2643.85,4,2,2,0.55,0
CUST_00999,frequent_failure,3981.61,6,3,3,0.35,0
CUST_01000,unresponsive,8431.2,6,5,1,0.25,0
CUST_01001,reliable,15353.07,7,7,0,0.75,0
CUST_01002,price_sensitive,2243.14,2,2,0,0.6,0
CUST_01003,occasional,10968.74,8,8,0,0.55,0
CUST_01004,frequent_failure,3100.48,3,2,1,0.35,0
CUST_01005,occasional,12985.07,9,9,0,0.55,0
CUST_01006,occasional,5013.45,4,4,0,0.55,0
CUST_01007,reliable,12779.09,8,8,0,0.75,0
CUST_01008,reliable,11678.39,8,8,0,0.75,0
CUST_01009,unresponsive,5817.77,5,4,1,0.25,0
CUST_01010,occasional,18254.18,10,10,0,0.55,0
CUST_01011,price_sensitive,3903.57,5,4,1,0.6,0
CUST_01012,price_sensitive,3280.3,5,4,1,0.6,0
CUST_01013,price_sensitive,5581.82,6,6,0,0.6,0
CUST_01014,reliable,15604.98,13,12,1,0.75,0
CUST_01015,high_value,50981.24,7,6,1,0.8,0
CUST_01016,reliable,16043.76,9,8,1,0.75,0
CUST_01017,reliable,8715.08,6,6,0,0.75,0
CUST_01018,price_sensitive,3116.08,2,2,0,0.6,0
CUST_01019,reliable,18154.5,13,13,0,0.75,0
CUST_01020,high_value,7266.05,4,4,0,0.8,0
CUST_01021,reliable,14973.04,8,8,0,0.75,0
CUST_01022,reliable,19330.04,14,13,1,0.75,0
CUST_01023,unresponsive,5086.14,4,4,0,0.25,0
CUST_01024,occasional,4764.39,3,3,0,0.55,0
CUST_01025,reliable,17691.15,9,9,0,0.75,0
CUST_01026,frequent_failure,9433.85,9,6,3,0.35,0
CUST_01027,reliable,23529.85,10,10,0,0.75,0
CUST_01028,unresponsive,3568.86,2,2,0,0.25,0
CUST_01029,reliable,6270.99,4,4,0,0.75,0
CUST_01030,reliable,27560.5,10,10,0,0.75,0
CUST_01031,reliable,13351.17,7,7,0,0.75,0
CUST_01032,reliable,15619.18,8,6,2,0.75,0
CUST_01033,price_sensitive,5786.93,5,4,1,0.6,0
CUST_01034,reliable,10387.49,5,5,0,0.75,0
CUST_01035,reliable,4315.43,3,2,1,0.75,0
CUST_01036,high_value,60177.77,7,6,1,0.8,0
CUST_01037,reliable,9992.63,9,9,0,0.75,0
CUST_01038,occasional,3014.98,3,3,0,0.55,0
CUST_01039,reliable,7868.48,7,6,1,0.75,0
CUST_01040,reliable,12693.86,8,7,1,0.75,0
CUST_01041,high_value,27757.31,6,5,1,0.8,0
CUST_01042,occasional,13490.35,8,8,0,0.55,0
CUST_01043,high_value,50460.3,6,6,0,0.8,0
CUST_01044,occasional,2205.63,3,2,1,0.55,0
CUST_01045,high_value,7385.09,2,2,0,0.8,0
CUST_01046,occasional,8425.04,6,6,0,0.55,0
CUST_01047,reliable,6463.11,7,6,1,0.75,0
CUST_01048,occasional,3076.47,2,2,0,0.55,0
CUST_01049,frequent_failure,8832.8,6,5,1,0.35,0
CUST_01050,reliable,4886.09,5,5,0,0.75,0
CUST_01051,high_value,82799.28,9,8,1,0.8,0
CUST_01052,unresponsive,2982.72,5,4,1,0.25,0
CUST_01053,occasional,4987.23,3,3,0,0.55,0
CUST_01054,occasional,2779.14,4,4,0,0.55,0
CUST_01055,frequent_failure,3412.62,8,3,5,0.35,0
CUST_01056,reliable,16354.92,8,8,0,0.75,0
CUST_01057,occasional,3111.43,2,2,0,0.55,0
CUST_01058,occasional,3395.5,4,2,2,0.55,0
CUST_01059,price_sensitive,4765.99,4,4,0,0.6,0
CUST_01060,occasional,6533.79,9,7,2,0.55,0
CUST_01061,frequent_failure,8526.66,9,6,3,0.35,0
CUST_01062,reliable,9374.61,5,5,0,0.75,0
CUST_01063,reliable,9095.65,7,6,1,0.75,0
CUST_01064,price_sensitive,8853.94,7,7,0,0.6,0
CUST_01065,reliable,20943.79,12,12,0,0.75,0
CUST_01066,reliable,17194.85,8,7,1,0.75,0
CUST_01067,price_sensitive,5962.91,7,6,1,0.6,0
CUST_01068,occasional,7021.31,5,4,1,0.55,0
CUST_01069,occasional,4990.33,4,3,1,0.55,0
CUST_01070,frequent_failure,1312.2,4,1,3,0.35,0
CUST_01071,occasional,7588.53,4,4,0,0.55,0
CUST_01072,occasional,4448.73,5,4,1,0.55,0
CUST_01073,price_sensitive,5474.01,5,4,1,0.6,0
CUST_01074,reliable,11094.47,5,5,0,0.75,0
CUST_01075,high_value,28125.98,5,5,0,0.8,0
CUST_01076,unresponsive,7432.32,3,3,0,0.25,0
CUST_01077,price_sensitive,4158.33,5,4,1,0.6,0
CUST_01078,high_value,6900.04,1,1,0,0.8,0
CUST_01079,high_value,28119.1,6,5,1,0.8,0
CUST_01080,reliable,11321.66,8,8,0,0.75,0
CUST_01081,occasional,8348.46,8,7,1,0.55,0
CUST_01082,reliable,11683.1,6,6,0,0.75,0
CUST_01083,occasional,6503.4,10,9,1,0.55,0
CUST_01084,occasional,8454.56,7,7,0,0.55,0
CUST_01085,occasional,6681.99,5,4,1,0.55,0
CUST_01086,reliable,12914.53,6,6,0,0.75,0
CUST_01087,occasional,2317.62,2,2,0,0.55,0
CUST_01088,price_sensitive,2457.23,4,2,2,0.6,0
CUST_01089,occasional,6327.43,7,5,2,0.55,0
CUST_01090,reliable,6296.67,4,4,0,0.75,0
CUST_01091,frequent_failure,8307.24,11,10,1,0.35,0
CUST_01092,reliable,24002.21,12,12,0,0.75,0
CUST_01093,unresponsive,2788.17,3,2,1,0.25,0
CUST_01094,reliable,16186.74,9,9,0,0.75,0
CUST_01095,reliable,13819.83,10,10,0,0.75,0
CUST_01096,high_value,26219.03,4,4,0,0.8,0
CUST_01097,unresponsive,1729.9,2,1,1,0.25,0
CUST_01098,price_sensitive,2519.31,5,2,3,0.6,0
CUST_01099,price_sensitive,3569.77,3,3,0,0.6,0
CUST_01100,price_sensitive,1740.68,2,2,0,0.6,0
CUST_01101,occasional,8059.58,9,9,0,0.55,0
CUST_01102,reliable,16013.89,10,10,0,0.75,0
CUST_01103,occasional,8295.88,4,4,0,0.55,0
CUST_01104,price_sensitive,3186.42,6,4,2,0.6,0
CUST_01105,high_value,37148.82,5,4,1,0.8,0
CUST_01106,unresponsive,5746.89,3,3,0,0.25,0
CUST_01107,high_value,31687.93,4,4,0,0.8,0
CUST_01108,frequent_failure,6599.39,8,5,3,0.35,0
CUST_01109,price_sensitive,4081.7,3,3,0,0.6,0
CUST_01110,occasional,6544.57,5,4,1,0.55,0
CUST_01111,price_sensitive,3928.41,6,5,1,0.6,0
CUST_01112,reliable,9793.97,7,7,0,0.75,0
CUST_01113,price_sensitive,1397.2,1,1,0,0.6,0
CUST_01114,reliable,14414.55,8,8,0,0.75,0
CUST_01115,reliable,20987.29,10,10,0,0.75,0
CUST_01116,unresponsive,3043.66,2,2,0,0.25,0
CUST_01117,occasional,5397.26,3,3,0,0.55,0
CUST_01118,high_value,26435.33,8,5,3,0.8,0
CUST_01119,price_sensitive,7063.97,6,6,0,0.6,0
CUST_01120,unresponsive,4666.05,3,2,1,0.25,0
CUST_01121,unresponsive,2804.64,2,2,0,0.25,0
CUST_01122,frequent_failure,3273.41,7,4,3,0.35,0
CUST_01123,unresponsive,5323.14,4,3,1,0.25,0
CUST_01124,price_sensitive,5342.8,8,6,2,0.6,0
CUST_01125,price_sensitive,4022.88,3,3,0,0.6,0
CUST_01126,reliable,11632.58,6,6,0,0.75,0
CUST_01127,frequent_failure,10782.34,12,9,3,0.35,0
CUST_01128,unresponsive,7480.7,7,5,2,0.25,0
CUST_01129,reliable,7935.48,7,5,2,0.75,0
CUST_01130,reliable,14799.12,10,10,0,0.75,0
CUST_01131,high_value,53510.44,9,8,1,0.8,0
CUST_01132,occasional,10825.03,6,5,1,0.55,0
CUST_01133,occasional,16168.94,13,12,1,0.55,0
CUST_01134,reliable,17817.24,11,10,1,0.75,0
CUST_01135,unresponsive,2854.68,4,4,0,0.25,0
CUST_01136,price_sensitive,3138.77,4,3,1,0.6,0
CUST_01137,occasional,2427.5,2,2,0,0.55,0
CUST_01138,reliable,8125.72,5,5,0,0.75,0
CUST_01139,price_sensitive,681.87,2,1,1,0.6,0
CUST_01140,reliable,6449.86,8,8,0,0.75,0
CUST_01141,high_value,61926.77,10,8,2,0.8,0
CUST_01142,reliable,9203.48,6,6,0,0.75,0
CUST_01143,occasional,14228.7,7,7,0,0.55,0
CUST_01144,occasional,7898.0,6,4,2,0.55,0
CUST_01145,occasional,2649.36,2,2,0,0.55,0
CUST_01146,high_value,86794.84,12,9,3,0.8,0
CUST_01147,high_value,30755.35,7,6,1,0.8,0
CUST_01148,price_sensitive,6329.21,5,4,1,0.6,0
CUST_01149,reliable,14032.26,11,11,0,0.75,0
CUST_01150,reliable,11876.9,11,11,0,0.75,0
CUST_01151,reliable,22163.77,10,10,0,0.75,0
CUST_01152,price_sensitive,2292.76,3,2,1,0.6,0
CUST_01153,price_sensitive,8347.95,11,9,2,0.6,0
CUST_01154,reliable,7126.35,4,4,0,0.75,0
CUST_01155,price_sensitive,4716.0,4,4,0,0.6,0
CUST_01156,occasional,5190.9,4,3,1,0.55,0
CUST_01157,occasional,3370.13,3,2,1,0.55,0
CUST_01158,reliable,12443.58,9,9,0,0.75,0
CUST_01159,high_value,56039.39,7,7,0,0.8,0
CUST_01160,reliable,8706.69,5,5,0,0.75,0
CUST_01161,occasional,6376.16,7,7,0,0.55,0
CUST_01162,reliable,19362.56,9,8,1,0.75,0
CUST_01163,price_sensitive,9755.94,6,6,0,0.6,0
CUST_01164,occasional,2808.91,4,3,1,0.55,0
CUST_01165,price_sensitive,2576.66,3,2,1,0.6,0
CUST_01166,reliable,13634.51,9,9,0,0.75,0
CUST_01167,occasional,16219.44,9,9,0,0.55,0
CUST_01168,price_sensitive,2785.56,3,3,0,0.6,0
CUST_01169,reliable,7015.59,6,5,1,0.75,0
CUST_01170,occasional,8055.45,9,9,0,0.55,0
CUST_01171,reliable,11019.45,7,6,1,0.75,0
CUST_01172,reliable,18643.84,9,8,1,0.75,0
CUST_01173,reliable,21183.36,9,9,0,0.75,0
CUST_01174,occasional,11092.33,7,7,0,0.55,0
CUST_01175,reliable,14199.79,6,6,0,0.75,0
CUST_01176,high_value,76191.8,7,7,0,0.8,0
CUST_01177,reliable,14236.45,7,6,1,0.75,0
CUST_01178,occasional,1694.67,2,2,0,0.55,0
CUST_01179,high_value,53753.09,10,10,0,0.8,0
CUST_01180,occasional,4805.11,3,3,0,0.55,0
CUST_01181,unresponsive,7273.72,5,4,1,0.25,0
CUST_01182,unresponsive,5654.88,5,4,1,0.25,0
CUST_01183,reliable,6142.48,5,5,0,0.75,0
CUST_01184,unresponsive,2034.65,3,1,2,0.25,0
CUST_01185,reliable,18516.1,8,8,0,0.75,0
CUST_01186,reliable,15065.49,8,8,0,0.75,0
CUST_01187,frequent_failure,15052.58,13,9,4,0.35,0
CUST_01188,unresponsive,12656.89,7,6,1,0.25,0
CUST_01189,price_sensitive,2679.36,4,2,2,0.6,0
CUST_01190,price_sensitive,5949.86,8,5,3,0.6,0
CUST_01191,high_value,69190.61,7,7,0,0.8,0
CUST_01192,occasional,1358.55,1,1,0,0.55,0
CUST_01193,reliable,17842.45,14,14,0,0.75,0
CUST_01194,reliable,8261.16,6,5,1,0.75,0
CUST_01195,occasional,7206.53,5,5,0,0.55,0
CUST_01196,unresponsive,3040.69,4,4,0,0.25,0
CUST_01197,price_sensitive,3012.97,3,2,1,0.6,0
CUST_01198,unresponsive,7049.29,8,7,1,0.25,0
CUST_01199,frequent_failure,4212.85,11,6,5,0.35,0
CUST_01200,reliable,13501.95,8,7,1,0.75,0
CUST_01201,unresponsive,7641.56,4,4,0,0.25,0
CUST_01202,reliable,16252.11,9,8,1,0.75,0
CUST_01203,price_sensitive,2592.3,6,5,1,0.6,0
CUST_01204,occasional,5006.54,4,4,0,0.55,0
CUST_01205,occasional,9442.93,6,6,0,0.55,0
CUST_01206,occasional,4866.86,3,3,0,0.55,0
CUST_01207,occasional,14126.46,9,9,0,0.55,0
CUST_01208,occasional,7468.08,6,5,1,0.55,0
CUST_01209,reliable,17354.76,7,7,0,0.75,0
CUST_01210,occasional,4261.29,5,5,0,0.55,0
CUST_01211,reliable,6304.16,6,6,0,0.75,0
CUST_01212,occasional,2797.56,5,4,1,0.55,0
CUST_01213,frequent_failure,8219.19,7,5,2,0.35,0
CUST_01214,occasional,5714.58,4,4,0,0.55,0
CUST_01215,high_value,58975.71,10,8,2,0.8,0
CUST_01216,unresponsive,5978.52,4,4,0,0.25,0
CUST_01217,unresponsive,7256.11,6,6,0,0.25,0
CUST_01218,reliable,11232.73,7,6,1,0.75,0
CUST_01219,reliable,5140.85,5,5,0,0.75,0
CUST_01220,reliable,6515.0,3,3,0,0.75,0
CUST_01221,price_sensitive,2471.42,3,3,0,0.6,0
CUST_01222,high_value,0.0,1,0,1,0.8,0
CUST_01223,price_sensitive,472.22,2,2,0,0.6,0
CUST_01224,reliable,17257.53,10,8,2,0.75,0
CUST_01225,high_value,18277.42,4,3,1,0.8,0
CUST_01226,occasional,7900.16,5,5,0,0.55,0
CUST_01227,high_value,70005.98,8,8,0,0.8,0
CUST_01228,high_value,36824.15,8,8,0,0.8,0
CUST_01229,occasional,10097.66,7,6,1,0.55,0
CUST_01230,frequent_failure,7547.32,9,6,3,0.35,0
CUST_01231,price_sensitive,5683.94,4,4,0,0.6,0
CUST_01232,price_sensitive,7684.11,6,5,1,0.6,0
CUST_01233,price_sensitive,5205.85,6,5,1,0.6,0
CUST_01234,unresponsive,1209.22,1,1,0,0.25,0
CUST_01235,price_sensitive,5798.47,6,4,2,0.6,0
CUST_01236,reliable,5555.86,3,3,0,0.75,0
CUST_01237,reliable,28502.72,12,12,0,0.75,0
CUST_01238,occasional,1378.7,2,1,1,0.55,0
CUST_01239,occasional,1578.83,2,2,0,0.55,0
CUST_01240,reliable,10425.63,7,7,0,0.75,0
CUST_01241,reliable,11055.65,8,8,0,0.75,0
CUST_01242,occasional,10777.62,6,6,0,0.55,0
CUST_01243,occasional,6944.59,8,8,0,0.55,0
CUST_01244,occasional,9317.91,8,8,0,0.55,0
CUST_01245,reliable,15976.16,8,8,0,0.75,0
CUST_01246,unresponsive,1934.1,1,1,0,0.25,0
CUST_01247,reliable,11730.88,8,7,1,0.75,0
CUST_01248,unresponsive,4857.98,6,4,2,0.25,0
CUST_01249,unresponsive,9140.97,7,5,2,0.25,0
CUST_01250,price_sensitive,8240.78,6,6,0,0.6,0
CUST_01251,occasional,5948.45,4,4,0,0.55,0
CUST_01252,occasional,2526.19,3,2,1,0.55,0
CUST_01253,price_sensitive,5930.13,5,5,0,0.6,0
CUST_01254,high_value,68606.51,8,8,0,0.8,0
CUST_01255,unresponsive,6126.0,4,3,1,0.25,0
CUST_01256,occasional,7607.18,6,6,0,0.55,0
CUST_01257,unresponsive,4594.58,4,3,1,0.25,0
CUST_01258,price_sensitive,4327.28,4,4,0,0.6,0
CUST_01259,occasional,2142.3,2,2,0,0.55,0
CUST_01260,occasional,3835.48,9,5,4,0.55,0
CUST_01261,reliable,13641.88,7,6,1,0.75,0
CUST_01262,reliable,9706.78,11,10,1,0.75,0
CUST_01263,reliable,8906.28,6,6,0,0.75,0
CUST_01264,unresponsive,3561.59,3,3,0,0.25,0
CUST_01265,occasional,5435.85,4,3,1,0.55,0
CUST_01266,high_value,45352.11,9,9,0,0.8,0
CUST_01267,occasional,5596.28,3,3,0,0.55,0
CUST_01268,reliable,6275.93,6,6,0,0.75,0
CUST_01269,reliable,9660.67,8,7,1,0.75,0
CUST_01270,occasional,11450.01,7,7,0,0.55,0
CUST_01271,occasional,6190.21,5,5,0,0.55,0
CUST_01272,occasional,10340.26,9,8,1,0.55,0
CUST_01273,reliable,10037.02,6,6,0,0.75,0
CUST_01274,occasional,3756.21,4,3,1,0.55,0
CUST_01275,reliable,15691.88,12,9,3,0.75,0
CUST_01276,occasional,3727.86,4,4,0,0.55,0
CUST_01277,occasional,7379.84,6,6,0,0.55,0
CUST_01278,price_sensitive,4629.02,6,5,1,0.6,0
CUST_01279,high_value,51892.21,6,6,0,0.8,0
CUST_01280,price_sensitive,6433.98,5,5,0,0.6,0
CUST_01281,reliable,6171.39,5,4,1,0.75,0
CUST_01282,reliable,24582.55,12,11,1,0.75,0
CUST_01283,price_sensitive,4474.76,3,3,0,0.6,0
CUST_01284,reliable,29234.36,12,12,0,0.75,0
CUST_01285,high_value,17651.52,5,5,0,0.8,0
CUST_01286,price_sensitive,4388.74,4,4,0,0.6,0
CUST_01287,frequent_failure,2645.19,8,3,5,0.35,0
CUST_01288,unresponsive,8895.79,9,5,4,0.25,0
CUST_01289,occasional,1688.97,2,2,0,0.55,0
CUST_01290,price_sensitive,3128.96,3,3,0,0.6,0
CUST_01291,reliable,10257.06,5,5,0,0.75,0
CUST_01292,occasional,8808.64,7,7,0,0.55,0
CUST_01293,frequent_failure,11799.57,14,10,4,0.35,0
CUST_01294,price_sensitive,4652.6,4,4,0,0.6,0
CUST_01295,occasional,5263.49,4,4,0,0.55,0
CUST_01296,price_sensitive,4300.84,5,5,0,0.6,0
CUST_01297,frequent_failure,1423.14,3,1,2,0.35,0
CUST_01298,occasional,2683.49,3,2,1,0.55,0
CUST_01299,occasional,17115.95,10,9,1,0.55,0
CUST_01300,high_value,28091.92,7,7,0,0.8,0
CUST_01301,unresponsive,3109.25,5,3,2,0.25,0
CUST_01302,price_sensitive,5878.13,5,5,0,0.6,0
CUST_01303,unresponsive,5765.5,4,3,1,0.25,0
CUST_01304,high_value,90537.38,10,10,0,0.8,0
CUST_01305,price_sensitive,4107.89,5,3,2,0.6,0
CUST_01306,occasional,2625.24,2,2,0,0.55,0
CUST_01307,price_sensitive,4017.03,3,3,0,0.6,0
CUST_01308,occasional,3584.57,5,4,1,0.55,0
CUST_01309,occasional,10122.3,6,6,0,0.55,0
CUST_01310,occasional,3708.87,4,3,1,0.55,0
CUST_01311,reliable,16063.08,12,10,2,0.75,0
CUST_01312,reliable,13519.06,5,5,0,0.75,0
CUST_01313,frequent_failure,10600.25,9,9,0,0.35,0
CUST_01314,occasional,6018.09,5,5,0,0.55,0
CUST_01315,reliable,13517.5,6,6,0,0.75,0
CUST_01316,reliable,17488.11,9,9,0,0.75,0
CUST_01317,reliable,13114.33,6,6,0,0.75,0
CUST_01318,unresponsive,11049.28,5,5,0,0.25,0
CUST_01319,reliable,7827.1,8,8,0,0.75,0
CUST_01320,high_value,84413.32,9,9,0,0.8,0
CUST_01321,unresponsive,2198.7,1,1,0,0.25,0
CUST_01322,unresponsive,3137.99,2,2,0,0.25,0
CUST_01323,reliable,25360.97,11,11,0,0.75,0
CUST_01324,occasional,11458.64,9,7,2,0.55,0
CUST_01325,high_value,17297.29,3,3,0,0.8,0
CUST_01326,reliable,23051.39,12,12,0,0.75,0
CUST_01327,occasional,2963.82,4,4,0,0.55,0
CUST_01328,reliable,11143.81,10,10,0,0.75,0
CUST_01329,unresponsive,4618.01,5,4,1,0.25,0
CUST_01330,high_value,30065.73,5,3,2,0.8,0
CUST_01331,unresponsive,4410.46,4,3,1,0.25,0
CUST_01332,reliable,15255.83,9,8,1,0.75,0
CUST_01333,occasional,6185.92,5,4,1,0.55,0
CUST_01334,occasional,4904.69,4,4,0,0.55,0
CUST_01335,price_sensitive,3649.72,4,4,0,0.6,0
CUST_01336,reliable,11592.78,6,5,1,0.75,0
CUST_01337,occasional,2961.61,3,2,1,0.55,0
CUST_01338,reliable,23553.09,10,9,1,0.75,0
CUST_01339,high_value,36525.39,9,8,1,0.8,0
CUST_01340,occasional,2379.38,2,2,0,0.55,0
CUST_01341,occasional,13296.17,7,7,0,0.55,0
CUST_01342,occasional,9179.94,6,6,0,0.55,0
CUST_01343,unresponsive,1928.9,4,2,2,0.25,0
CUST_01344,occasional,6158.86,5,4,1,0.55,0
CUST_01345,unresponsive,5676.3,3,3,0,0.25,0
CUST_01346,occasional,3810.16,3,3,0,0.55,0
CUST_01347,frequent_failure,6912.08,8,6,2,0.35,0
CUST_01348,frequent_failure,7109.98,8,6,2,0.35,0
CUST_01349,occasional,4440.55,4,4,0,0.55,0
CUST_01350,reliable,12651.27,6,6,0,0.75,0
CUST_01351,occasional,6853.91,7,7,0,0.55,0
CUST_01352,occasional,11548.48,7,6,1,0.55,0
CUST_01353,frequent_failure,11177.59,9,9,0,0.35,0
CUST_01354,unresponsive,1613.44,1,1,0,0.25,0
CUST_01355,unresponsive,5107.17,3,3,0,0.25,0
CUST_01356,reliable,9074.36,7,7,0,0.75,0
CUST_01357,reliable,21467.37,8,8,0,0.75,0
CUST_01358,price_sensitive,10723.32,9,9,0,0.6,0
CUST_01359,unresponsive,3649.71,4,4,0,0.25,0
CUST_01360,price_sensitive,2775.82,2,2,0,0.6,0
CUST_01361,reliable,33618.71,13,13,0,0.75,0
CUST_01362,unresponsive,2328.26,4,3,1,0.25,0
CUST_01363,unresponsive,10731.67,6,6,0,0.25,0
CUST_01364,reliable,13482.36,8,8,0,0.75,0
CUST_01365,high_value,64973.41,6,6,0,0.8,0
CUST_01366,reliable,21323.29,11,11,0,0.75,0
CUST_01367,frequent_failure,5223.23,7,4,3,0.35,0
CUST_01368,reliable,16991.06,10,10,0,0.75,0
CUST_01369,occasional,2223.16,2,2,0,0.55,0
CUST_01370,frequent_failure,9778.44,10,6,4,0.35,0
CUST_01371,reliable,23875.94,11,11,0,0.75,0
CUST_01372,occasional,8654.86,5,5,0,0.55,0
CUST_01373,occasional,6814.29,4,4,0,0.55,0
CUST_01374,reliable,22490.45,10,10,0,0.75,0
CUST_01375,reliable,10673.06,9,9,0,0.75,0
CUST_01376,occasional,5526.54,4,4,0,0.55,0
CUST_01377,reliable,4855.55,3,3,0,0.75,0
CUST_01378,frequent_failure,8243.38,8,5,3,0.35,0
CUST_01379,occasional,4824.87,6,5,1,0.55,0
CUST_01380,reliable,11619.01,9,7,2,0.75,0
CUST_01381,frequent_failure,7572.78,10,7,3,0.35,0
CUST_01382,unresponsive,6542.72,4,4,0,0.25,0
CUST_01383,price_sensitive,5671.56,5,5,0,0.6,0
CUST_01384,high_value,50265.02,7,7,0,0.8,0
CUST_01385,reliable,5051.92,4,4,0,0.75,0
CUST_01386,reliable,8775.66,9,9,0,0.75,0
CUST_01387,unresponsive,7973.98,4,4,0,0.25,0
CUST_01388,price_sensitive,5179.75,5,5,0,0.6,0
CUST_01389,reliable,21179.22,12,12,0,0.75,0
CUST_01390,high_value,68243.61,8,8,0,0.8,0
CUST_01391,occasional,3322.0,6,3,3,0.55,0
CUST_01392,reliable,8401.89,6,5,1,0.75,0
CUST_01393,reliable,23240.88,14,14,0,0.75,0
CUST_01394,reliable,21792.46,12,11,1,0.75,0
CUST_01395,unresponsive,3964.31,2,2,0,0.25,0
CUST_01396,occasional,1961.73,2,2,0,0.55,0
CUST_01397,high_value,48521.62,7,7,0,0.8,0
CUST_01398,occasional,1664.7,1,1,0,0.55,0
CUST_01399,reliable,11598.83,7,7,0,0.75,0
CUST_01400,reliable,7472.77,5,4,1,0.75,0
CUST_01401,occasional,3356.99,3,3,0,0.55,0
CUST_01402,reliable,12709.52,8,7,1,0.75,0
CUST_01403,occasional,1271.54,1,1,0,0.55,0
CUST_01404,high_value,94751.76,14,14,0,0.8,0
CUST_01405,occasional,2101.0,2,2,0,0.55,0
CUST_01406,reliable,5868.04,5,5,0,0.75,0
CUST_01407,frequent_failure,9390.8,14,12,2,0.35,0
CUST_01408,price_sensitive,1268.5,2,1,1,0.6,0
CUST_01409,reliable,20486.24,11,11,0,0.75,0
CUST_01410,occasional,11020.37,7,7,0,0.55,0
CUST_01411,reliable,7985.83,5,5,0,0.75,0
CUST_01412,reliable,8093.09,9,9,0,0.75,0
CUST_01413,occasional,6397.07,4,4,0,0.55,0
CUST_01414,price_sensitive,2228.97,2,2,0,0.6,0
CUST_01415,reliable,4124.37,3,3,0,0.75,0
CUST_01416,occasional,8130.15,7,5,2,0.55,0
CUST_01417,price_sensitive,3572.76,3,3,0,0.6,0
CUST_01418,reliable,9273.56,6,6,0,0.75,0
CUST_01419,frequent_failure,1338.5,3,1,2,0.35,0
CUST_01420,reliable,6453.26,5,5,0,0.75,0
CUST_01421,occasional,6177.05,6,5,1,0.55,0
CUST_01422,occasional,5773.47,3,3,0,0.55,0
CUST_01423,frequent_failure,10052.25,9,6,3,0.35,0
CUST_01424,price_sensitive,3459.77,4,3,1,0.6,0
CUST_01425,occasional,6528.43,9,9,0,0.55,0
CUST_01426,occasional,8851.48,8,7,1,0.55,0
CUST_01427,price_sensitive,3701.56,3,3,0,0.6,0
CUST_01428,frequent_failure,4092.38,6,3,3,0.35,0
CUST_01429,reliable,14397.0,9,9,0,0.75,0
CUST_01430,reliable,10105.05,6,6,0,0.75,0
CUST_01431,high_value,62636.38,6,6,0,0.8,0
CUST_01432,occasional,8309.84,6,5,1,0.55,0
CUST_01433,high_value,47102.62,8,8,0,0.8,0
CUST_01434,price_sensitive,2914.77,2,2,0,0.6,0
CUST_01435,high_value,66491.26,10,9,1,0.8,0
CUST_01436,high_value,58823.55,8,8,0,0.8,0
CUST_01437,occasional,5260.08,4,4,0,0.55,0
CUST_01438,reliable,15931.97,7,7,0,0.75,0
CUST_01439,occasional,4836.46,5,3,2,0.55,0
CUST_01440,unresponsive,1442.35,1,1,0,0.25,0
CUST_01441,reliable,13525.88,6,6,0,0.75,0
CUST_01442,high_value,27961.05,6,6,0,0.8,0
CUST_01443,occasional,4968.36,7,6,1,0.55,0
CUST_01444,price_sensitive,2116.79,4,4,0,0.6,0
CUST_01445,price_sensitive,2401.88,3,3,0,0.6,0
CUST_01446,unresponsive,0.0,1,0,1,0.25,0
CUST_01447,reliable,15871.17,9,9,0,0.75,0
CUST_01448,high_value,81596.25,10,9,1,0.8,0
CUST_01449,occasional,6247.02,4,4,0,0.55,0
CUST_01450,reliable,21010.36,13,12,1,0.75,0
CUST_01451,reliable,6326.21,6,4,2,0.75,0
CUST_01452,reliable,11706.62,9,9,0,0.75,0
CUST_01453,reliable,9282.48,5,5,0,0.75,0
CUST_01454,frequent_failure,4963.97,8,4,4,0.35,0
CUST_01455,occasional,7566.04,5,4,1,0.55,0
CUST_01456,frequent_failure,4139.1,8,3,5,0.35,0
CUST_01457,occasional,5357.83,4,3,1,0.55,0
CUST_01458,reliable,15040.19,8,8,0,0.75,0
CUST_01459,high_value,63140.79,7,7,0,0.8,0
CUST_01460,reliable,20712.26,9,8,1,0.75,0
CUST_01461,occasional,3622.33,2,2,0,0.55,0
CUST_01462,high_value,57337.61,7,5,2,0.8,0
CUST_01463,unresponsive,12989.08,7,7,0,0.25,0
CUST_01464,occasional,0.0,1,0,1,0.55,0
CUST_01465,reliable,2306.75,3,3,0,0.75,0
CUST_01466,occasional,3036.08,3,3,0,0.55,0
CUST_01467,unresponsive,6609.97,3,3,0,0.25,0
CUST_01468,high_value,28122.46,6,5,1,0.8,0
CUST_01469,unresponsive,1684.34,2,2,0,0.25,0
CUST_01470,occasional,4031.96,5,3,2,0.55,0
CUST_01471,frequent_failure,9029.18,7,5,2,0.35,0
CUST_01472,occasional,13812.11,9,8,1,0.55,0
CUST_01473,occasional,1536.48,1,1,0,0.55,0
CUST_01474,frequent_failure,3973.02,5,3,2,0.35,0
CUST_01475,occasional,9166.03,7,7,0,0.55,0
CUST_01476,unresponsive,9808.25,8,7,1,0.25,0
CUST_01477,high_value,49824.24,7,6,1,0.8,0
CUST_01478,reliable,10508.36,8,8,0,0.75,0
CUST_01479,price_sensitive,4988.41,5,5,0,0.6,0
CUST_01480,unresponsive,5137.07,3,3,0,0.25,0
CUST_01481,occasional,3623.42,3,3,0,0.55,0
CUST_01482,occasional,7151.55,8,6,2,0.55,0
CUST_01483,reliable,6968.96,5,3,2,0.75,0
CUST_01484,price_sensitive,2695.71,2,2,0,0.6,0
CUST_01485,occasional,6978.36,5,5,0,0.55,0
CUST_01486,price_sensitive,3029.14,4,3,1,0.6,0
CUST_01487,occasional,7451.57,10,8,2,0.55,0
CUST_01488,price_sensitive,1712.88,3,2,1,0.6,0
CUST_01489,occasional,13295.75,10,7,3,0.55,0
CUST_01490,reliable,10458.02,6,6,0,0.75,0
CUST_01491,unresponsive,3798.2,3,3,0,0.25,0
CUST_01492,occasional,7589.05,5,5,0,0.55,0
CUST_01493,frequent_failure,5484.7,3,3,0,0.35,0
CUST_01494,reliable,9497.97,9,8,1,0.75,0
CUST_01495,frequent_failure,6611.52,6,5,1,0.35,0
CUST_01496,frequent_failure,9871.27,9,6,3,0.35,0
CUST_01497,reliable,14633.59,10,10,0,0.75,0
CUST_01498,price_sensitive,3540.62,3,3,0,0.6,0
CUST_01499,occasional,6379.47,8,5,3,0.55,0
CUST_01500,unresponsive,5527.12,6,4,2,0.25,0
CUST_01501,price_sensitive,5087.3,5,4,1,0.6,0
CUST_01502,frequent_failure,6246.43,4,4,0,0.35,0
CUST_01503,reliable,3035.13,3,3,0,0.75,0
CUST_01504,price_sensitive,4231.29,4,3,1,0.6,0
CUST_01505,high_value,39437.6,5,5,0,0.8,0
CUST_01506,reliable,17418.16,11,10,1,0.75,0
CUST_01507,reliable,21607.59,11,11,0,0.75,0
CUST_01508,high_value,31836.73,4,4,0,0.8,0
CUST_01509,occasional,5890.51,5,5,0,0.55,0
CUST_01510,occasional,2548.02,2,2,0,0.55,0
CUST_01511,price_sensitive,7340.85,7,7,0,0.6,0
CUST_01512,price_sensitive,15273.7,10,9,1,0.6,0
CUST_01513,price_sensitive,1720.16,3,2,1,0.6,0
CUST_01514,frequent_failure,3497.75,4,4,0,0.35,0
CUST_01515,occasional,4623.44,5,4,1,0.55,0
CUST_01516,high_value,13394.12,3,3,0,0.8,0
CUST_01517,price_sensitive,3056.56,2,2,0,0.6,0
CUST_01518,occasional,8280.45,10,8,2,0.55,0
CUST_01519,occasional,10963.58,6,6,0,0.55,0
CUST_01520,price_sensitive,3156.34,3,2,1,0.6,0
CUST_01521,reliable,10485.48,6,6,0,0.75,0
CUST_01522,reliable,28282.03,15,14,1,0.75,0
CUST_01523,high_value,45673.35,6,6,0,0.8,0
CUST_01524,occasional,6698.04,6,5,1,0.55,0
CUST_01525,occasional,4096.6,2,2,0,0.55,0
CUST_01526,price_sensitive,2036.73,2,2,0,0.6,0
CUST_01527,reliable,19822.56,9,9,0,0.75,0
CUST_01528,reliable,13653.28,7,7,0,0.75,0
CUST_01529,occasional,1441.61,2,2,0,0.55,0
CUST_01530,frequent_failure,2418.14,5,2,3,0.35,0
CUST_01531,reliable,9865.52,6,6,0,0.75,0
CUST_01532,frequent_failure,7880.67,7,5,2,0.35,0
CUST_01533,occasional,3347.96,2,2,0,0.55,0
CUST_01534,reliable,19942.24,11,9,2,0.75,0
CUST_01535,unresponsive,4230.08,3,3,0,0.25,0
CUST_01536,occasional,9373.65,8,8,0,0.55,0
CUST_01537,unresponsive,1677.05,1,1,0,0.25,0
CUST_01538,occasional,9447.2,9,7,2,0.55,0
CUST_01539,reliable,9535.14,5,4,1,0.75,0
CUST_01540,price_sensitive,4312.69,5,4,1,0.6,0
CUST_01541,unresponsive,6402.35,6,4,2,0.25,0
CUST_01542,occasional,2165.32,3,3,0,0.55,0
CUST_01543,occasional,8039.71,8,7,1,0.55,0
CUST_01544,reliable,6457.68,3,3,0,0.75,0
CUST_01545,occasional,2234.33,2,2,0,0.55,0
CUST_01546,unresponsive,3584.28,2,2,0,0.25,0
CUST_01547,unresponsive,2588.84,2,2,0,0.25,0
CUST_01548,high_value,30656.14,6,5,1,0.8,0
CUST_01549,frequent_failure,1371.46,2,1,1,0.35,0
CUST_01550,price_sensitive,4440.92,4,4,0,0.6,0
CUST_01551,high_value,15822.41,3,2,1,0.8,0
CUST_01552,occasional,2824.71,4,2,2,0.55,0
CUST_01553,reliable,5130.84,5,5,0,0.75,0
CUST_01554,reliable,18178.58,11,11,0,0.75,0
CUST_01555,reliable,31315.42,16,16,0,0.75,0
CUST_01556,high_value,24424.31,4,3,1,0.8,0
CUST_01557,reliable,10588.51,6,6,0,0.75,0
CUST_01558,price_sensitive,2874.74,3,3,0,0.6,0
CUST_01559,occasional,10640.38,8,7,1,0.55,0
CUST_01560,unresponsive,6541.37,4,4,0,0.25,0
CUST_01561,price_sensitive,1465.77,4,1,3,0.6,0
CUST_01562,price_sensitive,2567.88,5,3,2,0.6,0
CUST_01563,reliable,21418.7,11,11,0,0.75,0
CUST_01564,occasional,2432.62,4,2,2,0.55,0
CUST_01565,frequent_failure,9475.05,8,6,2,0.35,0
CUST_01566,high_value,37967.34,5,5,0,0.8,0
CUST_01567,occasional,1176.36,2,1,1,0.55,0
CUST_01568,high_value,38321.49,7,7,0,0.8,0
CUST_01569,unresponsive,4758.51,3,3,0,0.25,0
CUST_01570,reliable,14129.4,9,9,0,0.75,0
CUST_01571,frequent_failure,8656.5,10,5,5,0.35,0
CUST_01572,price_sensitive,1088.5,4,3,1,0.6,0
CUST_01573,occasional,3827.73,5,5,0,0.55,0
CUST_01574,price_sensitive,3264.21,5,4,1,0.6,0
CUST_01575,occasional,6908.98,6,5,1,0.55,0
CUST_01576,unresponsive,7875.78,6,6,0,0.25,0
CUST_01577,high_value,59284.38,8,8,0,0.8,0
CUST_01578,price_sensitive,4698.92,6,5,1,0.6,0
CUST_01579,reliable,22540.46,11,11,0,0.75,0
CUST_01580,frequent_failure,8619.6,13,6,7,0.35,0
CUST_01581,occasional,5890.56,6,5,1,0.55,0
CUST_01582,frequent_failure,7430.1,10,5,5,0.35,0
CUST_01583,reliable,21929.21,13,11,2,0.75,0
CUST_01584,reliable,14201.89,7,7,0,0.75,0
CUST_01585,reliable,11235.92,5,5,0,0.75,0
CUST_01586,reliable,8430.55,5,5,0,0.75,0
CUST_01587,occasional,9046.44,7,7,0,0.55,0
CUST_01588,high_value,22741.86,4,4,0,0.8,0
CUST_01589,occasional,7127.07,5,5,0,0.55,0
CUST_01590,frequent_failure,6545.38,7,6,1,0.35,0
CUST_01591,unresponsive,7135.21,7,4,3,0.25,0
CUST_01592,unresponsive,0.0,1,0,1,0.25,0
CUST_01593,reliable,11740.54,10,8,2,0.75,0
CUST_01594,price_sensitive,5565.4,7,6,1,0.6,0
CUST_01595,price_sensitive,937.85,2,1,1,0.6,0
CUST_01596,reliable,8559.43,10,10,0,0.75,0
CUST_01597,occasional,3939.54,9,6,3,0.55,0
CUST_01598,occasional,5792.48,5,5,0,0.55,0
CUST_01599,occasional,6779.88,5,4,1,0.55,0
CUST_01600,reliable,15575.73,10,10,0,0.75,0
CUST_01601,frequent_failure,1062.37,1,1,0,0.35,0
CUST_01602,reliable,11164.03,11,10,1,0.75,0
CUST_01603,price_sensitive,4407.74,3,3,0,0.6,0
CUST_01604,high_value,81704.55,11,10,1,0.8,0
CUST_01605,price_sensitive,2601.72,4,3,1,0.6,0
CUST_01606,unresponsive,4595.28,2,2,0,0.25,0
CUST_01607,price_sensitive,1924.92,4,2,2,0.6,0
CUST_01608,unresponsive,5438.43,5,3,2,0.25,0
CUST_01609,reliable,7912.19,6,6,0,0.75,0
CUST_01610,reliable,11885.97,7,7,0,0.75,0
CUST_01611,price_sensitive,5884.39,5,4,1,0.6,0
CUST_01612,price_sensitive,7086.88,8,8,0,0.6,0
CUST_01613,price_sensitive,3946.94,4,4,0,0.6,0
CUST_01614,high_value,18931.51,5,2,3,0.8,0
CUST_01615,occasional,4626.26,3,3,0,0.55,0
CUST_01616,price_sensitive,4811.82,8,5,3,0.6,0
CUST_01617,occasional,3544.43,4,4,0,0.55,0
CUST_01618,price_sensitive,1090.29,1,1,0,0.6,0
CUST_01619,reliable,20397.01,12,11,1,0.75,0
CUST_01620,frequent_failure,4545.75,5,3,2,0.35,0
CUST_01621,occasional,4599.45,4,4,0,0.55,0
CUST_01622,unresponsive,3805.9,3,3,0,0.25,0
CUST_01623,price_sensitive,6717.84,8,6,2,0.6,0
CUST_01624,reliable,12257.13,8,7,1,0.75,0
CUST_01625,reliable,16643.65,8,8,0,0.75,0
CUST_01626,reliable,17756.93,8,7,1,0.75,0
CUST_01627,occasional,5327.29,4,4,0,0.55,0
CUST_01628,occasional,2586.28,2,2,0,0.55,0
CUST_01629,reliable,10714.26,7,7,0,0.75,0
CUST_01630,price_sensitive,4154.9,4,4,0,0.6,0
CUST_01631,occasional,4864.21,3,3,0,0.55,0
CUST_01632,high_value,36187.31,7,7,0,0.8,0
CUST_01633,high_value,27152.26,5,5,0,0.8,0
CUST_01634,unresponsive,5111.51,3,3,0,0.25,0
CUST_01635,frequent_failure,3606.43,6,4,2,0.35,0
CUST_01636,reliable,13969.89,8,7,1,0.75,0
CUST_01637,occasional,1677.11,1,1,0,0.55,0
CUST_01638,price_sensitive,6599.09,9,7,2,0.6,0
CUST_01639,occasional,12921.46,7,7,0,0.55,0
CUST_01640,occasional,2026.44,4,4,0,0.55,0
CUST_01641,reliable,18312.78,9,9,0,0.75,0
CUST_01642,reliable,7615.09,5,5,0,0.75,0
CUST_01643,reliable,15684.0,8,8,0,0.75,0
CUST_01644,reliable,16839.82,7,6,1,0.75,0
CUST_01645,occasional,6085.59,5,5,0,0.55,0
CUST_01646,price_sensitive,2803.79,4,4,0,0.6,0
CUST_01647,reliable,18629.33,8,8,0,0.75,0
CUST_01648,unresponsive,0.0,1,0,1,0.25,0
CUST_01649,reliable,9325.62,8,8,0,0.75,0
CUST_01650,occasional,12849.07,10,9,1,0.55,0
CUST_01651,price_sensitive,4377.11,3,3,0,0.6,0
CUST_01652,occasional,9202.73,9,8,1,0.55,0
CUST_01653,high_value,89723.78,13,12,1,0.8,0
CUST_01654,occasional,4498.12,3,3,0,0.55,0
CUST_01655,occasional,7606.77,5,5,0,0.55,0
CUST_01656,occasional,1282.04,1,1,0,0.55,0
CUST_01657,occasional,4137.47,5,4,1,0.55,0
CUST_01658,reliable,16037.55,8,8,0,0.75,0
CUST_01659,frequent_failure,3550.57,5,3,2,0.35,0
CUST_01660,occasional,5396.79,3,3,0,0.55,0
CUST_01661,frequent_failure,8840.7,9,7,2,0.35,0
CUST_01662,reliable,12564.72,8,7,1,0.75,0
CUST_01663,occasional,2918.79,3,2,1,0.55,0
CUST_01664,reliable,18151.97,9,9,0,0.75,0
CUST_01665,occasional,6780.63,6,4,2,0.55,0
CUST_01666,unresponsive,2480.51,4,2,2,0.25,0
CUST_01667,price_sensitive,2890.51,4,4,0,0.6,0
CUST_01668,occasional,4041.44,6,4,2,0.55,0
CUST_01669,occasional,7089.61,6,5,1,0.55,0
CUST_01670,unresponsive,4434.64,4,4,0,0.25,0
CUST_01671,occasional,7898.66,5,5,0,0.55,0
CUST_01672,unresponsive,4737.78,3,2,1,0.25,0
CUST_01673,high_value,63012.6,8,8,0,0.8,0
CUST_01674,high_value,68335.98,10,10,0,0.8,0
CUST_01675,occasional,5080.92,5,4,1,0.55,0
CUST_01676,occasional,8248.07,7,6,1,0.55,0
CUST_01677,price_sensitive,2370.26,3,2,1,0.6,0
CUST_01678,reliable,10222.51,5,5,0,0.75,0
CUST_01679,price_sensitive,7013.35,7,6,1,0.6,0
CUST_01680,reliable,13514.48,9,9,0,0.75,0
CUST_01681,occasional,2873.72,5,4,1,0.55,0
CUST_01682,high_value,29329.98,5,4,1,0.8,0
CUST_01683,reliable,18199.34,8,8,0,0.75,0
CUST_01684,frequent_failure,10056.36,10,8,2,0.35,0
CUST_01685,price_sensitive,4229.31,3,3,0,0.6,0
CUST_01686,reliable,17646.28,7,7,0,0.75,0
CUST_01687,frequent_failure,9392.81,11,8,3,0.35,0
CUST_01688,occasional,13309.0,9,8,1,0.55,0
CUST_01689,high_value,49177.54,8,7,1,0.8,0
CUST_01690,occasional,13765.74,7,7,0,0.55,0
CUST_01691,frequent_failure,4102.66,4,3,1,0.35,0
CUST_01692,high_value,29662.17,4,4,0,0.8,0
CUST_01693,reliable,12206.14,6,6,0,0.75,0
CUST_01694,occasional,8592.43,7,7,0,0.55,0
CUST_01695,occasional,6626.18,7,6,1,0.55,0
CUST_01696,reliable,16450.03,9,9,0,0.75,0
CUST_01697,reliable,9603.85,5,4,1,0.75,0
CUST_01698,occasional,2257.23,3,2,1,0.55,0
CUST_01699,occasional,4325.03,4,3,1,0.55,0
CUST_01700,occasional,2297.85,5,4,1,0.55,0
CUST_01701,price_sensitive,5430.15,5,5,0,0.6,0
CUST_01702,occasional,8468.22,7,7,0,0.55,0
CUST_01703,occasional,4688.87,3,3,0,0.55,0
CUST_01704,price_sensitive,3162.45,4,4,0,0.6,0
CUST_01705,reliable,12741.62,9,9,0,0.75,0
CUST_01706,frequent_failure,11626.03,8,6,2,0.35,0
CUST_01707,high_value,17204.2,5,5,0,0.8,0
CUST_01708,reliable,5378.01,5,5,0,0.75,0
CUST_01709,occasional,9137.29,6,6,0,0.55,0
CUST_01710,unresponsive,4300.99,2,2,0,0.25,0
CUST_01711,occasional,4469.22,3,3,0,0.55,0
CUST_01712,high_value,55266.9,9,8,1,0.8,0
CUST_01713,reliable,13901.4,8,8,0,0.75,0
CUST_01714,unresponsive,2068.08,1,1,0,0.25,0
CUST_01715,occasional,2850.62,4,3,1,0.55,0
CUST_01716,price_sensitive,1558.05,3,2,1,0.6,0
CUST_01717,frequent_failure,2602.08,2,2,0,0.35,0
CUST_01718,price_sensitive,1911.33,3,2,1,0.6,0
CUST_01719,high_value,61729.74,7,7,0,0.8,0
CUST_01720,high_value,16216.37,2,2,0,0.8,0
CUST_01721,price_sensitive,1001.97,3,1,2,0.6,0
CUST_01722,reliable,20889.9,13,13,0,0.75,0
CUST_01723,occasional,1007.42,2,1,1,0.55,0
CUST_01724,frequent_failure,1656.71,3,2,1,0.35,0
CUST_01725,high_value,8730.1,3,2,1,0.8,0
CUST_01726,high_value,33068.51,6,5,1,0.8,0
CUST_01727,price_sensitive,3220.26,4,3,1,0.6,0
CUST_01728,high_value,63143.78,6,6,0,0.8,0
CUST_01729,price_sensitive,4872.28,5,3,2,0.6,0
CUST_01730,reliable,20341.17,12,11,1,0.75,0
CUST_01731,price_sensitive,6838.93,6,5,1,0.6,0
CUST_01732,price_sensitive,1337.31,1,1,0,0.6,0
CUST_01733,unresponsive,0.0,1,0,1,0.25,0
CUST_01734,reliable,4465.83,4,4,0,0.75,0
CUST_01735,price_sensitive,8852.68,9,8,1,0.6,0
CUST_01736,reliable,29089.58,12,12,0,0.75,0
CUST_01737,frequent_failure,2743.81,5,2,3,0.35,0
CUST_01738,reliable,14102.69,11,11,0,0.75,0
CUST_01739,reliable,8104.02,4,4,0,0.75,0
CUST_01740,occasional,3328.75,5,4,1,0.55,0
CUST_01741,reliable,15376.77,11,11,0,0.75,0
CUST_01742,price_sensitive,9218.38,7,6,1,0.6,0
CUST_01743,occasional,2566.74,2,2,0,0.55,0
CUST_01744,high_value,37864.51,8,7,1,0.8,0
CUST_01745,frequent_failure,3990.17,12,9,3,0.35,0
CUST_01746,unresponsive,2488.5,4,2,2,0.25,0
CUST_01747,high_value,37169.97,10,9,1,0.8,0
CUST_01748,reliable,9319.26,6,6,0,0.75,0
CUST_01749,reliable,22444.68,12,12,0,0.75,0
CUST_01750,reliable,15590.69,10,9,1,0.75,0
CUST_01751,occasional,5723.57,6,5,1,0.55,0
CUST_01752,price_sensitive,3893.82,6,3,3,0.6,0
CUST_01753,occasional,6117.32,4,4,0,0.55,0
CUST_01754,occasional,3018.81,3,2,1,0.55,0
CUST_01755,reliable,11194.81,5,5,0,0.75,0
CUST_01756,frequent_failure,4876.15,8,5,3,0.35,0
CUST_01757,occasional,4401.46,4,4,0,0.55,0
CUST_01758,occasional,5337.65,4,4,0,0.55,0
CUST_01759,high_value,78631.31,11,10,1,0.8,0
CUST_01760,high_value,43521.36,6,5,1,0.8,0
CUST_01761,price_sensitive,4925.39,6,6,0,0.6,0
CUST_01762,price_sensitive,4675.96,6,5,1,0.6,0
CUST_01763,price_sensitive,4671.18,6,6,0,0.6,0
CUST_01764,reliable,5908.57,6,6,0,0.75,0
CUST_01765,reliable,19163.62,9,8,1,0.75,0
CUST_01766,price_sensitive,6510.96,7,5,2,0.6,0
CUST_01767,reliable,11165.9,6,6,0,0.75,0
CUST_01768,frequent_failure,2455.21,4,2,2,0.35,0
CUST_01769,reliable,7428.61,6,6,0,0.75,0
CUST_01770,reliable,12920.8,6,6,0,0.75,0
CUST_01771,reliable,11450.29,9,9,0,0.75,0
CUST_01772,high_value,19892.9,2,2,0,0.8,0
CUST_01773,occasional,5614.01,5,3,2,0.55,0
CUST_01774,occasional,6122.37,6,4,2,0.55,0
CUST_01775,frequent_failure,10872.62,11,8,3,0.35,0
CUST_01776,high_value,87365.24,8,8,0,0.8,0
CUST_01777,reliable,15349.75,9,8,1,0.75,0
CUST_01778,reliable,7633.94,6,4,2,0.75,0
CUST_01779,price_sensitive,3732.95,4,3,1,0.6,0
CUST_01780,occasional,2185.05,3,2,1,0.55,0
CUST_01781,frequent_failure,5202.48,6,5,1,0.35,0
CUST_01782,unresponsive,2625.25,3,3,0,0.25,0
CUST_01783,frequent_failure,5469.52,7,5,2,0.35,0
CUST_01784,unresponsive,2968.76,2,2,0,0.25,0
CUST_01785,reliable,15555.23,9,9,0,0.75,0
CUST_01786,reliable,24814.07,11,11,0,0.75,0
CUST_01787,high_value,77827.52,8,8,0,0.8,0
CUST_01788,occasional,5708.01,3,3,0,0.55,0
CUST_01789,occasional,7616.58,6,6,0,0.55,0
CUST_01790,reliable,9181.8,8,7,1,0.75,0
CUST_01791,occasional,8661.52,9,7,2,0.55,0
CUST_01792,reliable,21226.05,11,11,0,0.75,0
CUST_01793,occasional,1119.05,2,1,1,0.55,0
CUST_01794,frequent_failure,5794.01,6,3,3,0.35,0
CUST_01795,price_sensitive,5992.71,6,5,1,0.6,0
CUST_01796,reliable,4210.54,5,5,0,0.75,0
CUST_01797,price_sensitive,9492.48,9,8,1,0.6,0
CUST_01798,price_sensitive,1621.77,3,2,1,0.6,0
CUST_01799,reliable,17734.32,10,10,0,0.75,0
CUST_01800,price_sensitive,4102.11,4,4,0,0.6,0
CUST_01801,occasional,966.83,2,1,1,0.55,0
CUST_01802,price_sensitive,2560.56,6,2,4,0.6,0
CUST_01803,reliable,13184.99,8,8,0,0.75,0
CUST_01804,occasional,7983.83,6,5,1,0.55,0
CUST_01805,high_value,55719.26,7,7,0,0.8,0
CUST_01806,reliable,16836.49,13,13,0,0.75,0
CUST_01807,high_value,54691.45,7,7,0,0.8,0
CUST_01808,reliable,22115.76,10,9,1,0.75,0
CUST_01809,price_sensitive,4937.96,5,4,1,0.6,0
CUST_01810,frequent_failure,4545.84,9,4,5,0.35,0
CUST_01811,occasional,7167.58,5,4,1,0.55,0
CUST_01812,frequent_failure,9560.42,11,7,4,0.35,0
CUST_01813,unresponsive,4802.66,7,4,3,0.25,0
CUST_01814,occasional,3677.02,2,2,0,0.55,0
CUST_01815,reliable,29060.79,16,16,0,0.75,0
CUST_01816,frequent_failure,4257.63,6,4,2,0.35,0
CUST_01817,occasional,1260.45,1,1,0,0.55,0
CUST_01818,price_sensitive,4485.11,6,4,2,0.6,0
CUST_01819,frequent_failure,7857.99,11,6,5,0.35,0
CUST_01820,reliable,12806.58,7,7,0,0.75,0
CUST_01821,price_sensitive,4476.88,5,4,1,0.6,0
CUST_01822,occasional,5433.54,3,3,0,0.55,0
CUST_01823,high_value,56398.69,9,8,1,0.8,0
CUST_01824,frequent_failure,6518.09,8,5,3,0.35,0
CUST_01825,frequent_failure,2895.89,6,2,4,0.35,0
CUST_01826,reliable,13134.29,7,7,0,0.75,0
CUST_01827,unresponsive,9019.75,5,5,0,0.25,0
CUST_01828,reliable,9427.0,4,4,0,0.75,0
CUST_01829,frequent_failure,7082.38,6,5,1,0.35,0
CUST_01830,frequent_failure,2523.25,6,2,4,0.35,0
CUST_01831,occasional,14567.94,10,9,1,0.55,0
CUST_01832,occasional,6942.53,5,4,1,0.55,0
CUST_01833,frequent_failure,5958.35,5,4,1,0.35,0
CUST_01834,frequent_failure,4774.72,5,4,1,0.35,0
CUST_01835,frequent_failure,7025.7,12,7,5,0.35,0
CUST_01836,unresponsive,3407.54,3,2,1,0.25,0
CUST_01837,reliable,10300.12,6,5,1,0.75,0
CUST_01838,price_sensitive,4193.84,5,3,2,0.6,0
CUST_01839,reliable,17359.6,8,8,0,0.75,0
CUST_01840,frequent_failure,5382.61,4,4,0,0.35,0
CUST_01841,reliable,11503.77,6,6,0,0.75,0
CUST_01842,frequent_failure,12097.41,10,7,3,0.35,0
CUST_01843,occasional,12784.07,8,8,0,0.55,0
CUST_01844,occasional,9887.82,7,7,0,0.55,0
CUST_01845,frequent_failure,4320.07,5,3,2,0.35,0
CUST_01846,unresponsive,11862.32,8,7,1,0.25,0
CUST_01847,occasional,7024.83,4,3,1,0.55,0
CUST_01848,reliable,13894.09,10,9,1,0.75,0
CUST_01849,reliable,23854.1,13,10,3,0.75,0
CUST_01850,reliable,32436.45,16,16,0,0.75,0
CUST_01851,occasional,780.13,1,1,0,0.55,0
CUST_01852,reliable,14833.55,10,10,0,0.75,0
CUST_01853,reliable,11082.26,6,6,0,0.75,0
CUST_01854,high_value,43372.29,7,6,1,0.8,0
CUST_01855,high_value,48547.48,6,6,0,0.8,0
CUST_01856,price_sensitive,1375.38,1,1,0,0.6,0
CUST_01857,high_value,64427.52,8,7,1,0.8,0
CUST_01858,reliable,19422.53,9,9,0,0.75,0
CUST_01859,unresponsive,1744.76,1,1,0,0.25,0
CUST_01860,unresponsive,2222.11,4,2,2,0.25,0
CUST_01861,unresponsive,5032.46,7,6,1,0.25,0
CUST_01862,occasional,7945.74,6,5,1,0.55,0
CUST_01863,reliable,8448.01,7,7,0,0.75,0
CUST_01864,price_sensitive,6338.49,7,5,2,0.6,0
CUST_01865,reliable,16665.05,8,8,0,0.75,0
CUST_01866,reliable,10669.08,10,10,0,0.75,0
CUST_01867,occasional,3468.89,3,3,0,0.55,0
CUST_01868,reliable,13136.23,6,6,0,0.75,0
CUST_01869,reliable,7345.88,5,5,0,0.75,0
CUST_01870,reliable,21391.48,8,8,0,0.75,0
CUST_01871,high_value,31762.15,9,6,3,0.8,0
CUST_01872,frequent_failure,1504.45,2,1,1,0.35,0
CUST_01873,occasional,7009.55,6,5,1,0.55,0
CUST_01874,high_value,50993.64,12,11,1,0.8,0
CUST_01875,reliable,9646.62,9,9,0,0.75,0
CUST_01876,price_sensitive,2101.29,3,2,1,0.6,0
CUST_01877,price_sensitive,3132.59,6,3,3,0.6,0
CUST_01878,reliable,12427.55,7,7,0,0.75,0
CUST_01879,reliable,8907.33,10,10,0,0.75,0
CUST_01880,occasional,5799.07,4,4,0,0.55,0
CUST_01881,occasional,6415.76,4,4,0,0.55,0
CUST_01882,occasional,1867.39,4,2,2,0.55,0
CUST_01883,unresponsive,6346.26,4,4,0,0.25,0
CUST_01884,high_value,58279.18,8,8,0,0.8,0
CUST_01885,occasional,1288.52,4,3,1,0.55,0
CUST_01886,reliable,21852.91,9,8,1,0.75,0
CUST_01887,frequent_failure,4330.86,4,3,1,0.35,0
CUST_01888,reliable,28147.57,15,15,0,0.75,0
CUST_01889,price_sensitive,6360.23,9,4,5,0.6,0
CUST_01890,reliable,16340.03,10,10,0,0.75,0
CUST_01891,reliable,27059.9,15,15,0,0.75,0
CUST_01892,reliable,18135.41,7,7,0,0.75,0
CUST_01893,high_value,50222.97,6,6,0,0.8,0
CUST_01894,price_sensitive,5024.79,4,4,0,0.6,0
CUST_01895,occasional,5557.85,3,3,0,0.55,0
CUST_01896,occasional,6934.77,6,6,0,0.55,0
CUST_01897,occasional,6300.04,11,9,2,0.55,0
CUST_01898,occasional,665.63,1,1,0,0.55,0
CUST_01899,price_sensitive,1704.19,4,2,2,0.6,0
CUST_01900,reliable,14309.78,7,6,1,0.75,0
CUST_01901,reliable,15165.51,10,10,0,0.75,0
CUST_01902,high_value,48914.06,7,6,1,0.8,0
CUST_01903,unresponsive,3996.76,3,2,1,0.25,0
CUST_01904,reliable,10656.51,6,5,1,0.75,0
CUST_01905,occasional,6197.78,6,4,2,0.55,0
CUST_01906,high_value,37636.14,6,6,0,0.8,0
CUST_01907,reliable,11295.96,9,9,0,0.75,0
CUST_01908,price_sensitive,6015.53,6,5,1,0.6,0
CUST_01909,reliable,4597.94,4,3,1,0.75,0
CUST_01910,occasional,6341.99,5,5,0,0.55,0
CUST_01911,occasional,5341.21,4,3,1,0.55,0
CUST_01912,price_sensitive,627.96,2,1,1,0.6,0
CUST_01913,reliable,15055.43,9,9,0,0.75,0
CUST_01914,occasional,2913.82,2,2,0,0.55,0
CUST_01915,occasional,4118.2,3,3,0,0.55,0
CUST_01916,reliable,22246.66,10,10,0,0.75,0
CUST_01917,reliable,10979.37,8,8,0,0.75,0
CUST_01918,price_sensitive,4696.56,5,4,1,0.6,0
CUST_01919,reliable,3931.0,6,6,0,0.75,0
CUST_01920,occasional,1046.14,2,1,1,0.55,0
CUST_01921,unresponsive,1523.65,2,1,1,0.25,0
CUST_01922,occasional,2458.14,7,3,4,0.55,0
CUST_01923,occasional,7904.44,6,6,0,0.55,0
CUST_01924,occasional,4914.08,5,4,1,0.55,0
CUST_01925,reliable,17363.24,9,9,0,0.75,0
CUST_01926,occasional,4243.43,8,6,2,0.55,0
CUST_01927,unresponsive,3811.16,2,2,0,0.25,0
CUST_01928,high_value,37078.88,5,5,0,0.8,0
CUST_01929,occasional,5730.29,4,4,0,0.55,0
CUST_01930,unresponsive,7480.9,4,4,0,0.25,0
CUST_01931,high_value,43513.79,12,11,1,0.8,0
CUST_01932,price_sensitive,4412.41,4,3,1,0.6,0
CUST_01933,reliable,5521.27,7,6,1,0.75,0
CUST_01934,occasional,5394.17,6,5,1,0.55,0
CUST_01935,reliable,6364.16,6,5,1,0.75,0
CUST_01936,frequent_failure,6293.64,7,5,2,0.35,0
CUST_01937,frequent_failure,11318.6,9,6,3,0.35,0
CUST_01938,reliable,18642.3,12,11,1,0.75,0
CUST_01939,frequent_failure,5833.51,8,4,4,0.35,0
CUST_01940,reliable,25880.8,13,12,1,0.75,0
CUST_01941,occasional,3033.76,3,2,1,0.55,0
CUST_01942,high_value,47513.71,8,7,1,0.8,0
CUST_01943,high_value,45293.86,12,10,2,0.8,0
CUST_01944,frequent_failure,10577.35,8,6,2,0.35,0
CUST_01945,price_sensitive,6254.61,4,4,0,0.6,0
CUST_01946,occasional,6732.22,3,3,0,0.55,0
CUST_01947,frequent_failure,4207.47,4,4,0,0.35,0
CUST_01948,occasional,2380.34,3,3,0,0.55,0
CUST_01949,unresponsive,1929.88,2,1,1,0.25,0
CUST_01950,frequent_failure,11923.11,12,8,4,0.35,0
CUST_01951,occasional,7795.96,7,6,1,0.55,0
CUST_01952,price_sensitive,7458.09,7,7,0,0.6,0
CUST_01953,price_sensitive,3858.53,3,3,0,0.6,0
CUST_01954,occasional,12516.66,8,7,1,0.55,0
CUST_01955,price_sensitive,6063.6,4,4,0,0.6,0
CUST_01956,occasional,2983.5,3,3,0,0.55,0
CUST_01957,reliable,7357.96,4,3,1,0.75,0
CUST_01958,occasional,5036.24,7,5,2,0.55,0
CUST_01959,occasional,7631.93,5,4,1,0.55,0
CUST_01960,high_value,31914.96,4,4,0,0.8,0
CUST_01961,reliable,17534.94,8,8,0,0.75,0
CUST_01962,reliable,17076.64,8,8,0,0.75,0
CUST_01963,reliable,8947.14,4,4,0,0.75,0
CUST_01964,reliable,4908.14,4,4,0,0.75,0
CUST_01965,price_sensitive,3561.16,4,4,0,0.6,0
CUST_01966,occasional,5295.97,4,3,1,0.55,0
CUST_01967,occasional,7358.31,4,4,0,0.55,0
CUST_01968,unresponsive,5489.47,4,3,1,0.25,0
CUST_01969,reliable,8621.69,6,5,1,0.75,0
CUST_01970,occasional,5809.99,6,4,2,0.55,0
CUST_01971,reliable,6817.95,8,7,1,0.75,0
CUST_01972,frequent_failure,8692.31,8,7,1,0.35,0
CUST_01973,high_value,48478.02,6,6,0,0.8,0
CUST_01974,reliable,14921.79,11,10,1,0.75,0
CUST_01975,unresponsive,6675.29,7,4,3,0.25,0
CUST_01976,occasional,3582.22,3,3,0,0.55,0
CUST_01977,high_value,16055.22,4,3,1,0.8,0
CUST_01978,unresponsive,7722.44,9,7,2,0.25,0
CUST_01979,reliable,10258.42,7,7,0,0.75,0
CUST_01980,reliable,14223.87,8,7,1,0.75,0
CUST_01981,reliable,14238.56,7,7,0,0.75,0
CUST_01982,reliable,21537.42,13,12,1,0.75,0
CUST_01983,price_sensitive,5853.33,5,4,1,0.6,0
CUST_01984,high_value,31317.54,7,7,0,0.8,0
CUST_01985,reliable,7746.46,6,5,1,0.75,0
CUST_01986,high_value,37814.36,6,6,0,0.8,0
CUST_01987,occasional,5293.88,4,4,0,0.55,0
CUST_01988,reliable,30291.45,13,13,0,0.75,0
CUST_01989,reliable,13329.92,10,10,0,0.75,0
CUST_01990,unresponsive,10953.49,6,5,1,0.25,0
CUST_01991,reliable,20683.35,10,10,0,0.75,0
CUST_01992,occasional,4146.04,4,3,1,0.55,0
CUST_01993,reliable,11314.57,6,5,1,0.75,0
CUST_01994,unresponsive,6156.56,7,5,2,0.25,0
CUST_01995,high_value,58440.69,7,7,0,0.8,0
CUST_01996,occasional,4398.8,4,3,1,0.55,0
CUST_01997,price_sensitive,4462.65,5,5,0,0.6,0
CUST_01998,price_sensitive,4949.34,4,4,0,0.6,0
CUST_01999,occasional,4553.89,5,4,1,0.55,0
CUST_02000,occasional,9651.62,6,6,0,0.55,0
CUST_02001,reliable,17315.05,9,8,1,0.75,0
CUST_02002,price_sensitive,5580.79,6,5,1,0.6,0
CUST_02003,reliable,11920.9,8,6,2,0.75,0
CUST_02004,occasional,7396.41,7,5,2,0.55,0
CUST_02005,reliable,20441.27,10,10,0,0.75,0
CUST_02006,frequent_failure,3418.19,10,2,8,0.35,0
CUST_02007,unresponsive,6624.09,7,4,3,0.25,0
CUST_02008,frequent_failure,7053.75,5,5,0,0.35,0
CUST_02009,price_sensitive,3437.6,4,3,1,0.6,0
CUST_02010,occasional,8379.32,6,4,2,0.55,0
CUST_02011,occasional,5557.75,3,3,0,0.55,0
CUST_02012,frequent_failure,6246.95,6,5,1,0.35,0
CUST_02013,frequent_failure,7837.45,7,6,1,0.35,0
CUST_02014,price_sensitive,5462.04,9,8,1,0.6,0
CUST_02015,high_value,42315.71,5,5,0,0.8,0
CUST_02016,occasional,2336.96,3,2,1,0.55,0
CUST_02017,occasional,5027.4,4,4,0,0.55,0
CUST_02018,reliable,13341.09,13,12,1,0.75,0
CUST_02019,occasional,4530.45,4,3,1,0.55,0
CUST_02020,high_value,72088.47,9,8,1,0.8,0
CUST_02021,occasional,15561.55,10,10,0,0.55,0
CUST_02022,unresponsive,4136.74,2,2,0,0.25,0
CUST_02023,occasional,2495.68,2,2,0,0.55,0
CUST_02024,high_value,51391.37,13,12,1,0.8,0
CUST_02025,unresponsive,8782.95,13,12,1,0.25,0
CUST_02026,frequent_failure,6015.59,7,6,1,0.35,0
CUST_02027,price_sensitive,3796.76,4,4,0,0.6,0
CUST_02028,frequent_failure,5546.08,6,4,2,0.35,0
CUST_02029,price_sensitive,6308.2,7,6,1,0.6,0
CUST_02030,reliable,3478.95,10,10,0,0.75,0
CUST_02031,reliable,14633.68,13,10,3,0.75,0
CUST_02032,reliable,10599.52,6,6,0,0.75,0
CUST_02033,price_sensitive,6471.79,8,7,1,0.6,0
CUST_02034,frequent_failure,5567.06,9,4,5,0.35,0
CUST_02035,unresponsive,8106.93,7,7,0,0.25,0
CUST_02036,reliable,6123.11,3,3,0,0.75,0
CUST_02037,high_value,71082.56,9,9,0,0.8,0
CUST_02038,reliable,13357.83,7,7,0,0.75,0
CUST_02039,reliable,11782.39,5,5,0,0.75,0
CUST_02040,price_sensitive,1945.55,2,2,0,0.6,0
CUST_02041,price_sensitive,3522.57,5,4,1,0.6,0
CUST_02042,unresponsive,2178.83,1,1,0,0.25,0
CUST_02043,reliable,5660.37,3,3,0,0.75,0
CUST_02044,high_value,45886.8,6,5,1,0.8,0
CUST_02045,high_value,39321.96,8,7,1,0.8,0
CUST_02046,price_sensitive,2860.48,3,3,0,0.6,0
CUST_02047,occasional,1391.1,3,1,2,0.55,0
CUST_02048,unresponsive,1876.05,3,1,2,0.25,0
CUST_02049,occasional,6362.83,5,5,0,0.55,0
CUST_02050,frequent_failure,2664.95,5,3,2,0.35,0
CUST_02051,reliable,18891.44,10,9,1,0.75,0
CUST_02052,frequent_failure,3103.6,3,2,1,0.35,0
CUST_02053,frequent_failure,3581.05,7,5,2,0.35,0
CUST_02054,reliable,11527.1,7,7,0,0.75,0
CUST_02055,frequent_failure,7635.84,6,5,1,0.35,0
CUST_02056,occasional,8727.82,6,6,0,0.55,0
CUST_02057,reliable,18672.28,9,9,0,0.75,0
CUST_02058,price_sensitive,4037.66,4,4,0,0.6,0
CUST_02059,reliable,8018.74,6,6,0,0.75,0
CUST_02060,frequent_failure,2695.31,4,2,2,0.35,0
CUST_02061,price_sensitive,4489.01,5,4,1,0.6,0
CUST_02062,high_value,93400.0,14,13,1,0.8,0
CUST_02063,occasional,6807.3,4,4,0,0.55,0
CUST_02064,occasional,3796.01,5,3,2,0.55,0
CUST_02065,occasional,5570.93,3,3,0,0.55,0
CUST_02066,reliable,9100.87,8,8,0,0.75,0
CUST_02067,occasional,5015.59,5,5,0,0.55,0
CUST_02068,occasional,4284.4,4,3,1,0.55,0
CUST_02069,reliable,16734.63,10,10,0,0.75,0
CUST_02070,frequent_failure,7294.79,8,6,2,0.35,0
CUST_02071,occasional,6250.3,4,4,0,0.55,0
CUST_02072,unresponsive,4700.0,8,3,5,0.25,0
CUST_02073,frequent_failure,8100.88,12,8,4,0.35,0
CUST_02074,occasional,8606.31,7,7,0,0.55,0
CUST_02075,occasional,6739.74,6,6,0,0.55,0
CUST_02076,price_sensitive,2247.12,5,2,3,0.6,0
CUST_02077,reliable,15493.83,12,9,3,0.75,0
CUST_02078,reliable,13261.25,9,9,0,0.75,0
CUST_02079,reliable,11733.49,5,5,0,0.75,0
CUST_02080,frequent_failure,2998.41,7,3,4,0.35,0
CUST_02081,price_sensitive,8997.73,9,7,2,0.6,0
CUST_02082,occasional,11554.84,7,7,0,0.55,0
CUST_02083,reliable,6312.06,6,6,0,0.75,0
CUST_02084,occasional,5955.67,6,5,1,0.55,0
CUST_02085,occasional,1909.99,1,1,0,0.55,0
CUST_02086,unresponsive,3451.32,3,3,0,0.25,0
CUST_02087,occasional,4653.52,3,2,1,0.55,0
CUST_02088,price_sensitive,2449.66,2,2,0,0.6,0
CUST_02089,price_sensitive,1594.05,4,3,1,0.6,0
CUST_02090,reliable,3843.58,3,3,0,0.75,0
CUST_02091,unresponsive,2835.47,3,2,1,0.25,0
CUST_02092,frequent_failure,6158.13,6,4,2,0.35,0
CUST_02093,price_sensitive,2596.01,2,2,0,0.6,0
CUST_02094,occasional,5029.28,4,4,0,0.55,0
CUST_02095,reliable,18629.16,12,11,1,0.75,0
CUST_02096,high_value,15660.88,3,3,0,0.8,0
CUST_02097,reliable,21262.95,10,10,0,0.75,0
CUST_02098,high_value,80695.46,10,10,0,0.8,0
CUST_02099,occasional,7221.85,5,5,0,0.55,0
CUST_02100,frequent_failure,4634.5,6,3,3,0.35,0
CUST_02101,occasional,1658.87,1,1,0,0.55,0
CUST_02102,price_sensitive,4295.69,4,4,0,0.6,0
CUST_02103,reliable,9434.05,6,6,0,0.75,0
CUST_02104,reliable,23562.13,8,8,0,0.75,0
CUST_02105,unresponsive,4431.49,3,2,1,0.25,0
CUST_02106,frequent_failure,4326.09,4,3,1,0.35,0
CUST_02107,price_sensitive,5260.33,5,4,1,0.6,0
CUST_02108,high_value,27907.56,4,4,0,0.8,0
CUST_02109,occasional,5793.52,5,4,1,0.55,0
CUST_02110,unresponsive,6639.57,3,3,0,0.25,0
CUST_02111,reliable,10527.29,9,9,0,0.75,0
CUST_02112,high_value,59313.77,9,9,0,0.8,0
CUST_02113,reliable,28030.75,11,11,0,0.75,0
CUST_02114,occasional,7421.54,5,4,1,0.55,0
CUST_02115,occasional,3699.18,5,3,2,0.55,0
CUST_02116,price_sensitive,3866.65,5,3,2,0.6,0
CUST_02117,price_sensitive,3078.65,2,2,0,0.6,0
CUST_02118,price_sensitive,3668.98,5,4,1,0.6,0
CUST_02119,occasional,5628.28,6,5,1,0.55,0
CUST_02120,occasional,1275.86,1,1,0,0.55,0
CUST_02121,reliable,2573.38,5,5,0,0.75,0
CUST_02122,price_sensitive,2040.78,3,2,1,0.6,0
CUST_02123,reliable,8417.7,11,11,0,0.75,0
CUST_02124,occasional,14212.56,8,7,1,0.55,0
CUST_02125,reliable,20954.41,11,11,0,0.75,0
CUST_02126,frequent_failure,7106.15,8,6,2,0.35,0
CUST_02127,reliable,4149.45,4,4,0,0.75,0
CUST_02128,unresponsive,6972.64,3,3,0,0.25,0
CUST_02129,price_sensitive,3974.32,4,4,0,0.6,0
CUST_02130,unresponsive,5868.49,4,3,1,0.25,0
CUST_02131,frequent_failure,0.0,4,0,4,0.35,0
CUST_02132,reliable,24769.0,12,12,0,0.75,0
CUST_02133,reliable,16306.68,10,9,1,0.75,0
CUST_02134,reliable,9424.08,5,5,0,0.75,0
CUST_02135,reliable,9486.69,5,5,0,0.75,0
CUST_02136,occasional,11526.38,8,8,0,0.55,0
CUST_02137,unresponsive,4664.9,3,3,0,0.25,0
CUST_02138,reliable,8446.2,11,11,0,0.75,0
CUST_02139,occasional,4937.87,3,3,0,0.55,0
CUST_02140,occasional,4427.39,3,3,0,0.55,0
CUST_02141,occasional,6026.34,5,4,1,0.55,0
CUST_02142,price_sensitive,2823.85,3,3,0,0.6,0
CUST_02143,frequent_failure,4152.38,9,4,5,0.35,0
CUST_02144,reliable,12917.33,8,6,2,0.75,0
CUST_02145,price_sensitive,6178.31,4,4,0,0.6,0
CUST_02146,unresponsive,3142.54,7,6,1,0.25,0
CUST_02147,price_sensitive,3418.29,4,4,0,0.6,0
CUST_02148,unresponsive,13824.74,8,7,1,0.25,0
CUST_02149,high_value,43770.67,7,7,0,0.8,0
CUST_02150,reliable,17034.43,8,8,0,0.75,0
CUST_02151,occasional,6092.85,4,4,0,0.55,0
CUST_02152,price_sensitive,1845.72,2,2,0,0.6,0
CUST_02153,reliable,13287.27,10,10,0,0.75,0
CUST_02154,reliable,6584.5,4,4,0,0.75,0
CUST_02155,reliable,13043.14,6,6,0,0.75,0
CUST_02156,occasional,5250.11,3,3,0,0.55,0
CUST_02157,occasional,4624.75,5,4,1,0.55,0
CUST_02158,high_value,110585.03,10,10,0,0.8,0
CUST_02159,price_sensitive,3269.71,6,5,1,0.6,0
CUST_02160,unresponsive,4854.26,3,3,0,0.25,0
CUST_02161,reliable,28437.82,13,13,0,0.75,0
CUST_02162,occasional,7157.44,9,8,1,0.55,0
CUST_02163,reliable,13752.99,9,8,1,0.75,0
CUST_02164,reliable,8193.65,5,5,0,0.75,0
CUST_02165,unresponsive,3177.18,3,2,1,0.25,0
CUST_02166,unresponsive,7541.54,7,7,0,0.25,0
CUST_02167,occasional,3331.15,4,3,1,0.55,0
CUST_02168,reliable,14632.59,11,11,0,0.75,0
CUST_02169,reliable,8330.77,4,4,0,0.75,0
CUST_02170,frequent_failure,8303.88,6,6,0,0.35,0
CUST_02171,unresponsive,5949.66,6,4,2,0.25,0
CUST_02172,price_sensitive,2558.17,6,6,0,0.6,0
CUST_02173,reliable,10234.98,7,5,2,0.75,0
CUST_02174,frequent_failure,7031.52,8,6,2,0.35,0
CUST_02175,occasional,3102.27,3,3,0,0.55,0
CUST_02176,frequent_failure,7808.53,11,8,3,0.35,0
CUST_02177,price_sensitive,3354.94,4,3,1,0.6,0
CUST_02178,high_value,38079.27,5,5,0,0.8,0
CUST_02179,high_value,55869.81,8,7,1,0.8,0
CUST_02180,occasional,6640.39,5,4,1,0.55,0
CUST_02181,reliable,18493.89,11,10,1,0.75,0
CUST_02182,reliable,14334.6,9,9,0,0.75,0
CUST_02183,reliable,22978.66,10,9,1,0.75,0
CUST_02184,unresponsive,8746.1,5,4,1,0.25,0
CUST_02185,occasional,2839.46,4,4,0,0.55,0
CUST_02186,unresponsive,6212.14,3,3,0,0.25,0
CUST_02187,occasional,4102.78,7,4,3,0.55,0
CUST_02188,high_value,26345.71,5,5,0,0.8,0
CUST_02189,reliable,13765.6,10,10,0,0.75,0
CUST_02190,frequent_failure,4244.02,7,5,2,0.35,0
CUST_02191,high_value,30410.21,4,3,1,0.8,0
CUST_02192,occasional,13246.81,8,8,0,0.55,0
CUST_02193,frequent_failure,8488.37,12,5,7,0.35,0
CUST_02194,reliable,6255.69,2,2,0,0.75,0
CUST_02195,occasional,8301.02,7,7,0,0.55,0
CUST_02196,unresponsive,5100.19,4,4,0,0.25,0
CUST_02197,occasional,14272.44,9,8,1,0.55,0
CUST_02198,high_value,9962.14,4,4,0,0.8,0
CUST_02199,frequent_failure,8682.01,5,5,0,0.35,0
CUST_02200,occasional,5221.29,5,4,1,0.55,0
CUST_02201,high_value,83464.35,8,8,0,0.8,0
CUST_02202,reliable,14712.76,7,7,0,0.75,0
CUST_02203,reliable,11570.96,7,5,2,0.75,0
CUST_02204,frequent_failure,5488.48,10,3,7,0.35,0
CUST_02205,occasional,7257.04,6,6,0,0.55,0
CUST_02206,occasional,1472.76,1,1,0,0.55,0
CUST_02207,frequent_failure,3045.3,3,2,1,0.35,0
CUST_02208,occasional,6520.69,5,4,1,0.55,0
CUST_02209,price_sensitive,5973.03,4,4,0,0.6,0
CUST_02210,price_sensitive,4621.15,5,4,1,0.6,0
CUST_02211,reliable,10958.57,7,7,0,0.75,0
CUST_02212,price_sensitive,5074.89,4,4,0,0.6,0
CUST_02213,high_value,59490.78,7,7,0,0.8,0
CUST_02214,high_value,52422.53,7,7,0,0.8,0
CUST_02215,reliable,21035.65,11,11,0,0.75,0
CUST_02216,reliable,24366.78,11,11,0,0.75,0
CUST_02217,high_value,50033.1,6,6,0,0.8,0
CUST_02218,price_sensitive,1976.5,2,2,0,0.6,0
CUST_02219,high_value,59397.79,7,7,0,0.8,0
CUST_02220,occasional,9115.76,8,8,0,0.55,0
CUST_02221,reliable,10490.91,7,7,0,0.75,0
CUST_02222,reliable,14425.04,13,13,0,0.75,0
CUST_02223,occasional,6638.21,11,8,3,0.55,0
CUST_02224,occasional,6081.6,4,4,0,0.55,0
CUST_02225,reliable,14621.7,9,7,2,0.75,0
CUST_02226,reliable,10808.76,6,6,0,0.75,0
CUST_02227,reliable,21820.63,12,12,0,0.75,0
CUST_02228,occasional,9974.68,6,5,1,0.55,0
CUST_02229,price_sensitive,7004.6,6,6,0,0.6,0
CUST_02230,occasional,8857.46,8,8,0,0.55,0
CUST_02231,reliable,6632.2,7,6,1,0.75,0
CUST_02232,occasional,13908.8,8,8,0,0.55,0
CUST_02233,reliable,15909.63,8,8,0,0.75,0
CUST_02234,price_sensitive,2641.22,5,3,2,0.6,0
CUST_02235,occasional,8027.69,10,10,0,0.55,0
CUST_02236,occasional,2118.69,3,2,1,0.55,0
CUST_02237,reliable,13666.02,10,8,2,0.75,0
CUST_02238,occasional,13204.57,8,8,0,0.55,0
CUST_02239,reliable,13721.7,8,8,0,0.75,0
CUST_02240,frequent_failure,4305.27,7,3,4,0.35,0
CUST_02241,frequent_failure,4915.4,8,4,4,0.35,0
CUST_02242,frequent_failure,7194.7,10,6,4,0.35,0
CUST_02243,price_sensitive,2814.04,3,2,1,0.6,0
CUST_02244,reliable,20103.14,9,9,0,0.75,0
CUST_02245,occasional,5242.4,5,5,0,0.55,0
CUST_02246,reliable,16159.97,10,10,0,0.75,0
CUST_02247,occasional,13432.96,11,8,3,0.55,0
CUST_02248,occasional,7024.46,7,5,2,0.55,0
CUST_02249,reliable,13188.82,8,7,1,0.75,0
CUST_02250,occasional,7394.77,4,4,0,0.55,0
CUST_02251,occasional,7664.96,5,4,1,0.55,0
CUST_02252,occasional,5465.25,4,4,0,0.55,0
CUST_02253,reliable,8762.83,6,6,0,0.75,0
CUST_02254,reliable,19673.02,11,10,1,0.75,0
CUST_02255,reliable,6264.43,3,3,0,0.75,0
CUST_02256,price_sensitive,7214.09,10,8,2,0.6,0
CUST_02257,price_sensitive,3697.88,6,4,2,0.6,0
CUST_02258,reliable,8675.2,9,9,0,0.75,0
CUST_02259,reliable,4718.75,3,3,0,0.75,0
CUST_02260,occasional,4387.1,6,3,3,0.55,0
CUST_02261,frequent_failure,5155.54,8,4,4,0.35,0
CUST_02262,occasional,4627.12,4,4,0,0.55,0
CUST_02263,price_sensitive,2789.82,3,3,0,0.6,0
CUST_02264,unresponsive,1682.75,1,1,0,0.25,0
CUST_02265,occasional,7880.67,5,5,0,0.55,0
CUST_02266,occasional,9345.47,6,6,0,0.55,0
CUST_02267,unresponsive,8454.63,5,5,0,0.25,0
CUST_02268,unresponsive,6983.06,8,6,2,0.25,0
CUST_02269,frequent_failure,5511.29,6,5,1,0.35,0
CUST_02270,reliable,13880.61,9,7,2,0.75,0
CUST_02271,occasional,4180.96,4,4,0,0.55,0
CUST_02272,frequent_failure,942.43,3,1,2,0.35,0
CUST_02273,reliable,20403.78,9,9,0,0.75,0
CUST_02274,occasional,5976.21,4,4,0,0.55,0
CUST_02275,frequent_failure,3520.15,6,3,3,0.35,0
CUST_02276,frequent_failure,6151.53,7,4,3,0.35,0
CUST_02277,reliable,16199.4,7,7,0,0.75,0
CUST_02278,price_sensitive,1005.16,1,1,0,0.6,0
CUST_02279,occasional,3329.76,5,4,1,0.55,0
CUST_02280,price_sensitive,2334.11,2,2,0,0.6,0
CUST_02281,reliable,20197.8,10,10,0,0.75,0
CUST_02282,occasional,3001.47,3,3,0,0.55,0
CUST_02283,unresponsive,2035.09,2,1,1,0.25,0
CUST_02284,occasional,4551.01,5,3,2,0.55,0
CUST_02285,reliable,16888.85,7,7,0,0.75,0
CUST_02286,price_sensitive,4417.83,4,4,0,0.6,0
CUST_02287,price_sensitive,5993.77,9,7,2,0.6,0
CUST_02288,occasional,11413.39,9,9,0,0.55,0
CUST_02289,price_sensitive,3613.58,5,5,0,0.6,0
CUST_02290,price_sensitive,7979.32,9,7,2,0.6,0
CUST_02291,frequent_failure,2027.01,6,3,3,0.35,0
CUST_02292,occasional,6518.29,5,4,1,0.55,0
CUST_02293,high_value,20984.97,4,4,0,0.8,0
CUST_02294,occasional,6411.21,5,4,1,0.55,0
CUST_02295,reliable,9723.0,5,5,0,0.75,0
CUST_02296,price_sensitive,1189.75,2,1,1,0.6,0
CUST_02297,unresponsive,6746.51,4,4,0,0.25,0
CUST_02298,high_value,38591.94,5,5,0,0.8,0
CUST_02299,occasional,2371.66,2,2,0,0.55,0
CUST_02300,occasional,6433.22,5,4,1,0.55,0
CUST_02301,price_sensitive,4665.17,6,5,1,0.6,0
CUST_02302,reliable,15682.15,7,7,0,0.75,0
CUST_02303,price_sensitive,10440.56,7,7,0,0.6,0
CUST_02304,high_value,68086.01,7,7,0,0.8,0
CUST_02305,high_value,22822.1,3,3,0,0.8,0
CUST_02306,reliable,8123.85,4,4,0,0.75,0
CUST_02307,frequent_failure,4213.22,6,3,3,0.35,0
CUST_02308,occasional,10275.62,9,9,0,0.55,0
CUST_02309,occasional,1588.72,1,1,0,0.55,0
CUST_02310,occasional,6417.01,5,5,0,0.55,0
CUST_02311,frequent_failure,6802.14,5,5,0,0.35,0
CUST_02312,price_sensitive,1682.29,3,2,1,0.6,0
CUST_02313,occasional,3620.9,4,3,1,0.55,0
CUST_02314,high_value,91191.14,12,12,0,0.8,0
CUST_02315,occasional,5111.61,4,4,0,0.55,0
CUST_02316,unresponsive,6039.07,3,3,0,0.25,0
CUST_02317,occasional,6199.7,5,5,0,0.55,0
CUST_02318,price_sensitive,3428.43,5,3,2,0.6,0
CUST_02319,reliable,9033.84,4,4,0,0.75,0
CUST_02320,high_value,43555.65,5,4,1,0.8,0
CUST_02321,price_sensitive,8843.62,8,6,2,0.6,0
CUST_02322,occasional,5537.41,5,4,1,0.55,0
CUST_02323,price_sensitive,1696.2,2,2,0,0.6,0
CUST_02324,reliable,21318.79,12,12,0,0.75,0
CUST_02325,frequent_failure,1195.33,1,1,0,0.35,0
CUST_02326,price_sensitive,4918.19,7,4,3,0.6,0
CUST_02327,occasional,4176.55,4,3,1,0.55,0
CUST_02328,high_value,17585.08,3,3,0,0.8,0
CUST_02329,frequent_failure,8353.91,6,4,2,0.35,0
CUST_02330,occasional,4861.12,5,4,1,0.55,0
CUST_02331,reliable,5056.03,4,4,0,0.75,0
CUST_02332,reliable,16304.5,13,11,2,0.75,0
CUST_02333,occasional,8165.69,9,7,2,0.55,0
CUST_02334,occasional,4319.61,5,4,1,0.55,0
CUST_02335,price_sensitive,3286.92,5,3,2,0.6,0
CUST_02336,price_sensitive,7065.27,6,6,0,0.6,0
CUST_02337,occasional,6501.08,5,5,0,0.55,0
CUST_02338,occasional,3703.87,3,3,0,0.55,0
CUST_02339,high_value,21831.45,3,3,0,0.8,0
CUST_02340,price_sensitive,4951.28,8,4,4,0.6,0
CUST_02341,occasional,2811.83,2,2,0,0.55,0
CUST_02342,occasional,1524.17,1,1,0,0.55,0
CUST_02343,reliable,26484.98,14,14,0,0.75,0
CUST_02344,reliable,13957.62,7,7,0,0.75,0
CUST_02345,occasional,2704.94,2,2,0,0.55,0
CUST_02346,frequent_failure,3852.72,6,3,3,0.35,0
CUST_02347,reliable,9418.51,7,7,0,0.75,0
CUST_02348,frequent_failure,6734.14,13,8,5,0.35,0
CUST_02349,reliable,6838.98,3,3,0,0.75,0
CUST_02350,occasional,3292.48,4,3,1,0.55,0
CUST_02351,occasional,13808.46,7,7,0,0.55,0
CUST_02352,reliable,15192.01,7,7,0,0.75,0
CUST_02353,occasional,7705.77,8,5,3,0.55,0
CUST_02354,occasional,3430.18,2,2,0,0.55,0
CUST_02355,occasional,2813.68,4,3,1,0.55,0
CUST_02356,price_sensitive,4224.34,4,3,1,0.6,0
CUST_02357,occasional,8029.14,6,6,0,0.55,0
CUST_02358,occasional,3763.79,3,2,1,0.55,0
CUST_02359,unresponsive,3939.26,4,3,1,0.25,0
CUST_02360,reliable,16776.93,9,8,1,0.75,0
CUST_02361,unresponsive,10323.21,8,5,3,0.25,0
CUST_02362,price_sensitive,2782.41,3,2,1,0.6,0
CUST_02363,price_sensitive,11089.49,12,11,1,0.6,0
CUST_02364,reliable,14586.79,12,12,0,0.75,0
CUST_02365,frequent_failure,4424.55,5,3,2,0.35,0
CUST_02366,reliable,25818.63,11,11,0,0.75,0
CUST_02367,reliable,20497.5,9,8,1,0.75,0
CUST_02368,reliable,26226.11,12,12,0,0.75,0
CUST_02369,price_sensitive,1048.94,2,1,1,0.6,0
CUST_02370,frequent_failure,3953.55,9,5,4,0.35,0
CUST_02371,reliable,11299.42,9,8,1,0.75,0
CUST_02372,occasional,4728.81,7,6,1,0.55,0
CUST_02373,reliable,21777.89,13,13,0,0.75,0
CUST_02374,price_sensitive,3491.46,3,3,0,0.6,0
CUST_02375,occasional,9293.69,9,6,3,0.55,0
CUST_02376,reliable,7909.72,5,4,1,0.75,0
CUST_02377,price_sensitive,2931.15,4,4,0,0.6,0
CUST_02378,reliable,11977.54,9,9,0,0.75,0
CUST_02379,price_sensitive,5773.06,8,6,2,0.6,0
CUST_02380,occasional,7058.43,5,3,2,0.55,0
CUST_02381,high_value,24526.94,5,5,0,0.8,0
CUST_02382,reliable,18813.16,8,8,0,0.75,0
CUST_02383,high_value,36050.63,6,6,0,0.8,0
CUST_02384,unresponsive,5193.97,3,3,0,0.25,0
CUST_02385,reliable,5464.22,6,6,0,0.75,0
CUST_02386,reliable,17095.01,10,10,0,0.75,0
CUST_02387,unresponsive,4623.02,5,4,1,0.25,0
CUST_02388,reliable,18965.46,12,12,0,0.75,0
CUST_02389,occasional,3512.73,4,3,1,0.55,0
CUST_02390,occasional,3025.66,3,2,1,0.55,0
CUST_02391,reliable,6691.35,6,5,1,0.75,0
CUST_02392,unresponsive,10696.75,9,7,2,0.25,0
CUST_02393,occasional,7143.05,9,7,2,0.55,0
CUST_02394,price_sensitive,3295.6,3,3,0,0.6,0
CUST_02395,price_sensitive,3433.83,6,4,2,0.6,0
CUST_02396,price_sensitive,4890.34,4,3,1,0.6,0
CUST_02397,price_sensitive,6221.95,5,4,1,0.6,0
CUST_02398,occasional,2073.7,2,1,1,0.55,0
CUST_02399,unresponsive,5927.23,7,4,3,0.25,0
CUST_02400,price_sensitive,5399.64,4,4,0,0.6,0
CUST_02401,unresponsive,1403.49,3,1,2,0.25,0
CUST_02402,high_value,80616.01,10,10,0,0.8,0
CUST_02403,reliable,6220.29,8,8,0,0.75,0
CUST_02404,price_sensitive,1326.06,3,2,1,0.6,0
CUST_02405,reliable,3704.19,3,3,0,0.75,0
CUST_02406,reliable,10679.73,6,6,0,0.75,0
CUST_02407,reliable,11309.41,6,6,0,0.75,0
CUST_02408,occasional,6914.64,6,4,2,0.55,0
CUST_02409,reliable,5390.42,3,3,0,0.75,0
CUST_02410,price_sensitive,5306.13,3,3,0,0.6,0
CUST_02411,occasional,9930.36,6,6,0,0.55,0
CUST_02412,occasional,6619.06,6,6,0,0.55,0
CUST_02413,reliable,21169.93,13,12,1,0.75,0
CUST_02414,occasional,10363.91,8,7,1,0.55,0
CUST_02415,reliable,19036.5,10,9,1,0.75,0
CUST_02416,price_sensitive,7925.59,8,8,0,0.6,0
CUST_02417,price_sensitive,5394.87,6,5,1,0.6,0
CUST_02418,price_sensitive,8680.2,6,6,0,0.6,0
CUST_02419,frequent_failure,5387.45,8,3,5,0.35,0
CUST_02420,price_sensitive,4552.37,4,3,1,0.6,0
CUST_02421,occasional,15655.42,8,8,0,0.55,0
CUST_02422,reliable,12787.96,9,8,1,0.75,0
CUST_02423,occasional,2604.38,3,3,0,0.55,0
CUST_02424,occasional,7646.86,7,6,1,0.55,0
CUST_02425,reliable,7812.42,10,7,3,0.75,0
CUST_02426,occasional,5522.45,5,4,1,0.55,0
CUST_02427,reliable,24181.2,12,12,0,0.75,0
CUST_02428,reliable,9888.57,6,6,0,0.75,0
CUST_02429,unresponsive,3054.65,4,2,2,0.25,0
CUST_02430,frequent_failure,4437.71,5,3,2,0.35,0
CUST_02431,occasional,1634.71,1,1,0,0.55,0
CUST_02432,occasional,2002.67,3,2,1,0.55,0
CUST_02433,price_sensitive,3574.72,3,3,0,0.6,0
CUST_02434,occasional,9727.4,7,7,0,0.55,0
CUST_02435,unresponsive,12232.14,6,6,0,0.25,0
CUST_02436,occasional,9845.03,6,6,0,0.55,0
CUST_02437,reliable,16906.73,12,11,1,0.75,0
CUST_02438,reliable,19217.7,8,8,0,0.75,0
CUST_02439,high_value,14835.05,4,4,0,0.8,0
CUST_02440,reliable,12269.67,6,6,0,0.75,0
CUST_02441,reliable,9859.61,5,5,0,0.75,0
CUST_02442,occasional,10126.9,6,6,0,0.55,0
CUST_02443,reliable,18250.83,11,10,1,0.75,0
CUST_02444,occasional,1632.67,1,1,0,0.55,0
CUST_02445,high_value,69791.94,11,11,0,0.8,0
CUST_02446,high_value,81164.82,12,12,0,0.8,0
CUST_02447,occasional,2092.98,2,1,1,0.55,0
CUST_02448,reliable,15070.18,8,8,0,0.75,0
CUST_02449,reliable,20443.19,10,9,1,0.75,0
CUST_02450,high_value,40923.38,6,5,1,0.8,0
CUST_02451,unresponsive,1729.69,1,1,0,0.25,0
CUST_02452,occasional,12117.04,7,7,0,0.55,0
CUST_02453,unresponsive,6374.71,5,5,0,0.25,0
CUST_02454,reliable,22021.85,8,8,0,0.75,0
CUST_02455,high_value,67994.66,12,8,4,0.8,0
CUST_02456,occasional,5588.09,4,3,1,0.55,0
CUST_02457,frequent_failure,4213.79,5,3,2,0.35,0
CUST_02458,reliable,14483.89,11,10,1,0.75,0
CUST_02459,unresponsive,7988.37,7,6,1,0.25,0
CUST_02460,high_value,16188.79,5,4,1,0.8,0
CUST_02461,reliable,20098.56,9,9,0,0.75,0
CUST_02462,frequent_failure,5925.05,8,5,3,0.35,0
CUST_02463,occasional,2925.25,2,2,0,0.55,0
CUST_02464,occasional,2751.37,3,2,1,0.55,0
CUST_02465,unresponsive,5413.03,5,4,1,0.25,0
CUST_02466,occasional,8481.76,6,5,1,0.55,0
CUST_02467,frequent_failure,2171.46,4,2,2,0.35,0
CUST_02468,high_value,56457.68,8,8,0,0.8,0
CUST_02469,reliable,26170.99,11,11,0,0.75,0
CUST_02470,unresponsive,3868.53,2,2,0,0.25,0
CUST_02471,price_sensitive,2694.89,3,3,0,0.6,0
CUST_02472,occasional,2177.03,2,2,0,0.55,0
CUST_02473,high_value,25021.74,9,9,0,0.8,0
CUST_02474,price_sensitive,5927.37,5,5,0,0.6,0
CUST_02475,reliable,11854.12,8,8,0,0.75,0
CUST_02476,reliable,20169.67,12,11,1,0.75,0
CUST_02477,reliable,15452.31,9,9,0,0.75,0
CUST_02478,reliable,13446.55,7,7,0,0.75,0
CUST_02479,reliable,26382.17,11,11,0,0.75,0
CUST_02480,occasional,6913.94,4,4,0,0.55,0
CUST_02481,reliable,12753.35,7,7,0,0.75,0
CUST_02482,occasional,7811.06,5,5,0,0.55,0
CUST_02483,occasional,13415.23,9,8,1,0.55,0
CUST_02484,high_value,66851.56,10,8,2,0.8,0
CUST_02485,reliable,14024.47,11,11,0,0.75,0
CUST_02486,reliable,6677.09,4,4,0,0.75,0
CUST_02487,unresponsive,3152.65,3,3,0,0.25,0
CUST_02488,frequent_failure,4544.89,8,4,4,0.35,0
CUST_02489,price_sensitive,2500.52,4,4,0,0.6,0
CUST_02490,reliable,8678.91,4,4,0,0.75,0
CUST_02491,frequent_failure,1121.4,4,1,3,0.35,0
CUST_02492,high_value,22044.44,3,3,0,0.8,0
CUST_02493,frequent_failure,14319.74,12,9,3,0.35,0
CUST_02494,frequent_failure,2576.12,5,2,3,0.35,0
CUST_02495,unresponsive,1561.21,1,1,0,0.25,0
CUST_02496,reliable,9481.06,7,7,0,0.75,0
CUST_02497,unresponsive,5472.36,3,3,0,0.25,0
CUST_02498,reliable,17337.4,8,7,1,0.75,0
CUST_02499,high_value,52677.2,8,8,0,0.8,0
CUST_02500,unresponsive,7468.5,6,5,1,0.25,0
CUST_02501,high_value,31554.52,4,4,0,0.8,0
CUST_02502,price_sensitive,4933.66,5,4,1,0.6,0
CUST_02503,occasional,8920.17,5,5,0,0.55,0
CUST_02504,price_sensitive,8035.22,7,6,1,0.6,0
CUST_02505,reliable,14062.46,9,9,0,0.75,0
CUST_02506,occasional,1302.58,2,1,1,0.55,0
CUST_02507,occasional,1500.4,3,1,2,0.55,0
CUST_02508,price_sensitive,1464.45,1,1,0,0.6,0
CUST_02509,unresponsive,0.0,1,0,1,0.25,0
CUST_02510,reliable,5632.38,5,4,1,0.75,0
CUST_02511,occasional,1676.06,5,2,3,0.55,0
CUST_02512,reliable,17657.78,10,10,0,0.75,0
CUST_02513,frequent_failure,11149.28,8,6,2,0.35,0
CUST_02514,occasional,8118.88,6,5,1,0.55,0
CUST_02515,frequent_failure,3655.61,5,2,3,0.35,0
CUST_02516,occasional,4178.84,3,3,0,0.55,0
CUST_02517,reliable,13965.89,12,10,2,0.75,0
CUST_02518,high_value,58457.94,6,6,0,0.8,0
CUST_02519,high_value,45706.22,5,5,0,0.8,0
CUST_02520,high_value,48626.75,6,6,0,0.8,0
CUST_02521,occasional,9228.7,6,5,1,0.55,0
CUST_02522,price_sensitive,7750.43,8,6,2,0.6,0
CUST_02523,occasional,6233.38,6,5,1,0.55,0
CUST_02524,reliable,10454.66,7,6,1,0.75,0
CUST_02525,occasional,3415.66,4,4,0,0.55,0
CUST_02526,reliable,7903.79,4,3,1,0.75,0
CUST_02527,occasional,0.0,2,0,2,0.55,0
CUST_02528,reliable,23849.97,12,11,1,0.75,0
CUST_02529,reliable,24357.67,12,12,0,0.75,0
CUST_02530,unresponsive,6694.0,7,7,0,0.25,0
CUST_02531,occasional,7261.38,8,7,1,0.55,0
CUST_02532,price_sensitive,4354.63,3,3,0,0.6,0
CUST_02533,price_sensitive,3287.65,4,3,1,0.6,0
CUST_02534,occasional,2971.02,4,3,1,0.55,0
CUST_02535,occasional,7500.28,4,4,0,0.55,0
CUST_02536,price_sensitive,3159.84,4,3,1,0.6,0
CUST_02537,reliable,20798.52,12,12,0,0.75,0
CUST_02538,reliable,7749.3,6,6,0,0.75,0
CUST_02539,high_value,54161.83,8,8,0,0.8,0
CUST_02540,occasional,6858.32,6,5,1,0.55,0
CUST_02541,reliable,9056.63,9,7,2,0.75,0
CUST_02542,unresponsive,1326.32,1,1,0,0.25,0
CUST_02543,occasional,5812.95,3,3,0,0.55,0
CUST_02544,reliable,19573.37,11,11,0,0.75,0
CUST_02545,frequent_failure,5576.23,9,5,4,0.35,0
CUST_02546,reliable,11706.75,8,8,0,0.75,0
CUST_02547,price_sensitive,8137.32,9,8,1,0.6,0
CUST_02548,reliable,13179.86,8,8,0,0.75,0
CUST_02549,price_sensitive,1769.08,2,2,0,0.6,0
CUST_02550,reliable,12625.48,9,9,0,0.75,0
CUST_02551,frequent_failure,3990.02,8,4,4,0.35,0
CUST_02552,reliable,17195.51,9,8,1,0.75,0
CUST_02553,price_sensitive,3161.04,5,5,0,0.6,0
CUST_02554,reliable,17867.39,8,8,0,0.75,0
CUST_02555,occasional,11503.41,9,7,2,0.55,0
CUST_02556,frequent_failure,6665.47,5,4,1,0.35,0
CUST_02557,reliable,20016.62,10,10,0,0.75,0
CUST_02558,occasional,4641.8,5,3,2,0.55,0
CUST_02559,occasional,3067.72,4,3,1,0.55,0
CUST_02560,price_sensitive,4930.93,4,4,0,0.6,0
CUST_02561,reliable,18501.31,14,13,1,0.75,0
CUST_02562,price_sensitive,5015.7,6,5,1,0.6,0
CUST_02563,high_value,53548.63,7,7,0,0.8,0
CUST_02564,reliable,11654.24,9,9,0,0.75,0
CUST_02565,occasional,4254.25,3,3,0,0.55,0
CUST_02566,reliable,11232.29,5,5,0,0.75,0
CUST_02567,reliable,5429.92,4,4,0,0.75,0
CUST_02568,price_sensitive,2514.27,3,3,0,0.6,0
CUST_02569,reliable,21146.31,14,13,1,0.75,0
CUST_02570,price_sensitive,2038.5,4,3,1,0.6,0
CUST_02571,unresponsive,6115.05,5,3,2,0.25,0
CUST_02572,frequent_failure,5634.92,5,4,1,0.35,0
CUST_02573,occasional,5399.88,4,4,0,0.55,0
CUST_02574,reliable,19545.21,9,9,0,0.75,0
CUST_02575,reliable,6705.3,4,4,0,0.75,0
CUST_02576,occasional,6118.7,4,4,0,0.55,0
CUST_02577,high_value,57548.72,9,9,0,0.8,0
CUST_02578,reliable,7013.97,6,4,2,0.75,0
CUST_02579,occasional,6145.22,5,5,0,0.55,0
CUST_02580,unresponsive,1248.64,2,1,1,0.25,0
CUST_02581,reliable,11378.55,8,7,1,0.75,0
CUST_02582,high_value,29270.84,5,5,0,0.8,0
CUST_02583,high_value,23998.06,4,3,1,0.8,0
CUST_02584,reliable,10642.59,6,6,0,0.75,0
CUST_02585,frequent_failure,10468.82,9,6,3,0.35,0
CUST_02586,reliable,7437.37,5,5,0,0.75,0
CUST_02587,occasional,11191.66,6,6,0,0.55,0
CUST_02588,reliable,7391.98,5,3,2,0.75,0
CUST_02589,price_sensitive,6508.99,4,4,0,0.6,0
CUST_02590,occasional,11474.19,6,6,0,0.55,0
CUST_02591,high_value,18812.22,3,3,0,0.8,0
CUST_02592,price_sensitive,1922.18,4,2,2,0.6,0
CUST_02593,reliable,10107.73,6,5,1,0.75,0
CUST_02594,occasional,17938.27,9,8,1,0.55,0
CUST_02595,price_sensitive,3658.22,4,3,1,0.6,0
CUST_02596,unresponsive,1998.44,3,1,2,0.25,0
CUST_02597,reliable,16787.85,9,9,0,0.75,0
CUST_02598,reliable,10998.43,9,8,1,0.75,0
CUST_02599,high_value,53318.68,10,10,0,0.8,0
CUST_02600,price_sensitive,5020.66,6,5,1,0.6,0
CUST_02601,occasional,7504.41,5,4,1,0.55,0
CUST_02602,frequent_failure,6072.36,9,6,3,0.35,0
CUST_02603,occasional,9587.6,7,7,0,0.55,0
CUST_02604,reliable,12731.26,7,7,0,0.75,0
CUST_02605,reliable,11068.67,7,7,0,0.75,0
CUST_02606,reliable,21918.89,11,11,0,0.75,0
CUST_02607,price_sensitive,1579.01,2,1,1,0.6,0
CUST_02608,price_sensitive,2558.89,4,3,1,0.6,0
CUST_02609,price_sensitive,487.36,1,1,0,0.6,0
CUST_02610,high_value,61624.04,6,6,0,0.8,0
CUST_02611,price_sensitive,7431.95,6,5,1,0.6,0
CUST_02612,unresponsive,10741.39,7,5,2,0.25,0
CUST_02613,price_sensitive,999.01,2,1,1,0.6,0
CUST_02614,occasional,8816.84,8,7,1,0.55,0
CUST_02615,occasional,1422.03,1,1,0,0.55,0
CUST_02616,occasional,7611.88,6,6,0,0.55,0
CUST_02617,high_value,35882.75,4,4,0,0.8,0
CUST_02618,reliable,19086.86,9,9,0,0.75,0
CUST_02619,reliable,15845.45,11,11,0,0.75,0
CUST_02620,unresponsive,8045.57,7,4,3,0.25,0
CUST_02621,frequent_failure,5747.89,10,8,2,0.35,0
CUST_02622,occasional,4473.94,3,3,0,0.55,0
CUST_02623,reliable,5034.07,3,3,0,0.75,0
CUST_02624,occasional,1875.67,2,1,1,0.55,0
CUST_02625,price_sensitive,4288.65,4,3,1,0.6,0
CUST_02626,occasional,8717.01,6,5,1,0.55,0
CUST_02627,frequent_failure,14488.56,12,9,3,0.35,0
CUST_02628,frequent_failure,7084.34,6,6,0,0.35,0
CUST_02629,frequent_failure,4731.1,7,3,4,0.35,0
CUST_02630,reliable,17789.82,9,9,0,0.75,0
CUST_02631,unresponsive,5917.63,8,5,3,0.25,0
CUST_02632,price_sensitive,0.0,1,0,1,0.6,0
CUST_02633,occasional,8397.13,4,4,0,0.55,0
CUST_02634,price_sensitive,2495.84,4,3,1,0.6,0
CUST_02635,high_value,43728.75,5,5,0,0.8,0
CUST_02636,frequent_failure,3397.33,4,2,2,0.35,0
CUST_02637,high_value,62304.65,10,10,0,0.8,0
CUST_02638,reliable,6705.02,6,6,0,0.75,0
CUST_02639,reliable,9947.79,6,6,0,0.75,0
CUST_02640,reliable,23253.53,11,10,1,0.75,0
CUST_02641,reliable,17116.58,12,12,0,0.75,0
CUST_02642,reliable,4820.46,5,5,0,0.75,0
CUST_02643,high_value,12049.4,3,2,1,0.8,0
CUST_02644,occasional,7930.64,6,6,0,0.55,0
CUST_02645,price_sensitive,4051.47,5,4,1,0.6,0
CUST_02646,occasional,2449.62,4,2,2,0.55,0
CUST_02647,occasional,2836.97,2,2,0,0.55,0
CUST_02648,high_value,57115.24,7,7,0,0.8,0
CUST_02649,reliable,27888.11,12,12,0,0.75,0
CUST_02650,occasional,5378.53,5,4,1,0.55,0
CUST_02651,price_sensitive,3939.53,4,3,1,0.6,0
CUST_02652,reliable,23416.7,10,10,0,0.75,0
CUST_02653,occasional,2660.35,2,2,0,0.55,0
CUST_02654,occasional,3756.64,6,5,1,0.55,0
CUST_02655,reliable,8061.42,4,4,0,0.75,0
CUST_02656,unresponsive,3217.12,3,2,1,0.25,0
CUST_02657,occasional,5998.29,6,6,0,0.55,0
CUST_02658,occasional,3761.09,4,3,1,0.55,0
CUST_02659,price_sensitive,2088.19,3,2,1,0.6,0
CUST_02660,unresponsive,5084.84,4,3,1,0.25,0
CUST_02661,price_sensitive,1020.39,1,1,0,0.6,0
CUST_02662,reliable,25698.49,10,10,0,0.75,0
CUST_02663,price_sensitive,3320.28,5,3,2,0.6,0
CUST_02664,high_value,76906.29,9,8,1,0.8,0
CUST_02665,unresponsive,3604.31,5,4,1,0.25,0
CUST_02666,reliable,5229.6,6,4,2,0.75,0
CUST_02667,reliable,13317.41,7,6,1,0.75,0
CUST_02668,occasional,5840.69,4,4,0,0.55,0
CUST_02669,occasional,4750.14,2,2,0,0.55,0
CUST_02670,price_sensitive,4110.0,3,3,0,0.6,0
CUST_02671,occasional,7537.61,5,5,0,0.55,0
CUST_02672,high_value,45497.32,6,6,0,0.8,0
CUST_02673,high_value,20671.14,3,3,0,0.8,0
CUST_02674,reliable,5041.19,4,3,1,0.75,0
CUST_02675,high_value,33657.6,6,6,0,0.8,0
CUST_02676,high_value,23376.62,4,3,1,0.8,0
CUST_02677,reliable,12412.23,7,7,0,0.75,0
CUST_02678,frequent_failure,9663.59,8,5,3,0.35,0
CUST_02679,occasional,10047.51,6,6,0,0.55,0
CUST_02680,high_value,25746.04,4,4,0,0.8,0
CUST_02681,high_value,31544.0,6,5,1,0.8,0
CUST_02682,reliable,15030.68,11,11,0,0.75,0
CUST_02683,reliable,9232.24,5,5,0,0.75,0
CUST_02684,high_value,49316.98,9,8,1,0.8,0
CUST_02685,reliable,11368.83,6,6,0,0.75,0
CUST_02686,unresponsive,3719.64,2,2,0,0.25,0
CUST_02687,high_value,45446.57,4,4,0,0.8,0
CUST_02688,reliable,13190.72,7,7,0,0.75,0
CUST_02689,unresponsive,2957.57,4,2,2,0.25,0
CUST_02690,reliable,20208.51,13,13,0,0.75,0
CUST_02691,reliable,11156.28,6,6,0,0.75,0
CUST_02692,high_value,15245.58,4,4,0,0.8,0
CUST_02693,price_sensitive,4818.71,5,5,0,0.6,0
CUST_02694,reliable,39514.74,17,17,0,0.75,0
CUST_02695,occasional,10956.64,7,7,0,0.55,0
CUST_02696,occasional,4346.18,3,3,0,0.55,0
CUST_02697,occasional,1143.12,3,2,1,0.55,0
CUST_02698,price_sensitive,8967.62,8,8,0,0.6,0
CUST_02699,occasional,6753.46,5,5,0,0.55,0
CUST_02700,reliable,10027.5,5,5,0,0.75,0
CUST_02701,reliable,7299.44,5,4,1,0.75,0
CUST_02702,price_sensitive,7661.46,8,6,2,0.6,0
CUST_02703,high_value,36417.59,5,5,0,0.8,0
CUST_02704,reliable,27917.21,18,18,0,0.75,0
CUST_02705,occasional,2781.98,3,2,1,0.55,0
CUST_02706,reliable,12242.23,5,5,0,0.75,0
CUST_02707,unresponsive,4040.24,3,3,0,0.25,0
CUST_02708,reliable,24554.97,13,13,0,0.75,0
CUST_02709,occasional,4263.07,5,4,1,0.55,0
CUST_02710,occasional,7564.73,5,5,0,0.55,0
CUST_02711,reliable,16691.04,10,9,1,0.75,0
CUST_02712,frequent_failure,3359.2,5,3,2,0.35,0
CUST_02713,unresponsive,1591.47,2,2,0,0.25,0
CUST_02714,price_sensitive,4332.54,6,5,1,0.6,0
CUST_02715,frequent_failure,4886.01,3,3,0,0.35,0
CUST_02716,high_value,26700.1,3,3,0,0.8,0
CUST_02717,occasional,6598.89,4,4,0,0.55,0
CUST_02718,occasional,8286.46,5,4,1,0.55,0
CUST_02719,occasional,8647.95,7,7,0,0.55,0
CUST_02720,high_value,27862.88,5,4,1,0.8,0
CUST_02721,reliable,1011.57,2,2,0,0.75,0
CUST_02722,reliable,17665.94,12,12,0,0.75,0
CUST_02723,occasional,5066.91,6,5,1,0.55,0
CUST_02724,occasional,9293.98,10,8,2,0.55,0
CUST_02725,frequent_failure,3262.89,8,4,4,0.35,0
CUST_02726,reliable,15056.17,11,10,1,0.75,0
CUST_02727,unresponsive,4904.82,5,4,1,0.25,0
CUST_02728,frequent_failure,3493.87,5,2,3,0.35,0
CUST_02729,frequent_failure,4990.42,10,4,6,0.35,0
CUST_02730,reliable,9519.04,6,6,0,0.75,0
CUST_02731,occasional,8003.51,5,5,0,0.55,0
CUST_02732,reliable,13165.13,6,6,0,0.75,0
CUST_02733,unresponsive,8799.22,5,4,1,0.25,0
CUST_02734,occasional,6220.3,5,5,0,0.55,0
CUST_02735,price_sensitive,3094.02,4,3,1,0.6,0
CUST_02736,reliable,13817.92,9,8,1,0.75,0
CUST_02737,reliable,22898.85,10,10,0,0.75,0
CUST_02738,price_sensitive,866.49,1,1,0,0.6,0
CUST_02739,occasional,2373.62,5,3,2,0.55,0
CUST_02740,price_sensitive,4470.96,4,3,1,0.6,0
CUST_02741,occasional,4711.05,3,3,0,0.55,0
CUST_02742,price_sensitive,2213.39,4,3,1,0.6,0
CUST_02743,occasional,10097.94,7,7,0,0.55,0
CUST_02744,high_value,31475.56,5,4,1,0.8,0
CUST_02745,reliable,12798.11,8,8,0,0.75,0
CUST_02746,frequent_failure,3678.93,6,5,1,0.35,0
CUST_02747,high_value,24447.08,4,3,1,0.8,0
CUST_02748,reliable,11604.44,9,8,1,0.75,0
CUST_02749,reliable,5702.98,5,5,0,0.75,0
CUST_02750,occasional,14661.04,9,9,0,0.55,0
CUST_02751,reliable,15751.45,8,8,0,0.75,0
CUST_02752,occasional,6204.53,6,5,1,0.55,0
CUST_02753,unresponsive,5753.6,4,4,0,0.25,0
CUST_02754,unresponsive,4707.64,7,5,2,0.25,0
CUST_02755,frequent_failure,5083.23,7,5,2,0.35,0
CUST_02756,reliable,18390.52,9,9,0,0.75,0
CUST_02757,price_sensitive,8043.86,5,5,0,0.6,0
CUST_02758,unresponsive,1237.5,1,1,0,0.25,0
CUST_02759,high_value,77839.38,10,10,0,0.8,0
CUST_02760,reliable,17013.37,7,7,0,0.75,0
CUST_02761,occasional,4789.33,4,4,0,0.55,0
CUST_02762,reliable,10687.12,7,7,0,0.75,0
CUST_02763,occasional,7238.44,5,4,1,0.55,0
CUST_02764,reliable,9719.67,10,9,1,0.75,0
CUST_02765,frequent_failure,3140.94,9,4,5,0.35,0
CUST_02766,high_value,21173.1,5,4,1,0.8,0
CUST_02767,reliable,9793.01,7,6,1,0.75,0
CUST_02768,frequent_failure,6495.33,9,7,2,0.35,0
CUST_02769,unresponsive,10420.72,8,6,2,0.25,0
CUST_02770,occasional,8233.43,6,5,1,0.55,0
CUST_02771,high_value,18799.31,4,4,0,0.8,0
CUST_02772,occasional,8866.32,6,6,0,0.55,0
CUST_02773,frequent_failure,7358.23,8,5,3,0.35,0
CUST_02774,reliable,17026.14,7,7,0,0.75,0
CUST_02775,reliable,6573.28,5,4,1,0.75,0
CUST_02776,reliable,14126.6,10,9,1,0.75,0
CUST_02777,unresponsive,5492.19,6,5,1,0.25,0
CUST_02778,reliable,13521.97,7,6,1,0.75,0
CUST_02779,price_sensitive,4087.71,3,3,0,0.6,0
CUST_02780,occasional,1251.51,2,1,1,0.55,0
CUST_02781,frequent_failure,6551.74,8,5,3,0.35,0
CUST_02782,reliable,10806.65,6,6,0,0.75,0
CUST_02783,reliable,11036.85,9,9,0,0.75,0
CUST_02784,occasional,10171.96,8,7,1,0.55,0
CUST_02785,unresponsive,6724.16,4,4,0,0.25,0
CUST_02786,high_value,24417.39,8,7,1,0.8,0
CUST_02787,high_value,67035.94,12,12,0,0.8,0
CUST_02788,occasional,6686.27,6,6,0,0.55,0
CUST_02789,reliable,15640.04,9,9,0,0.75,0
CUST_02790,reliable,13532.25,9,9,0,0.75,0
CUST_02791,reliable,2501.28,3,3,0,0.75,0
CUST_02792,high_value,48477.28,8,8,0,0.8,0
CUST_02793,price_sensitive,3054.56,3,2,1,0.6,0
CUST_02794,reliable,7189.69,6,6,0,0.75,0
CUST_02795,reliable,11990.38,6,6,0,0.75,0
CUST_02796,occasional,10156.53,8,7,1,0.55,0
CUST_02797,occasional,2636.93,4,2,2,0.55,0
CUST_02798,occasional,4140.07,3,3,0,0.55,0
CUST_02799,frequent_failure,12689.22,11,8,3,0.35,0
CUST_02800,reliable,6421.15,4,4,0,0.75,0
CUST_02801,occasional,6276.34,7,7,0,0.55,0
CUST_02802,reliable,10108.26,6,6,0,0.75,0
CUST_02803,reliable,16216.85,7,7,0,0.75,0
CUST_02804,reliable,17905.81,7,7,0,0.75,0
CUST_02805,price_sensitive,3996.25,4,4,0,0.6,0
CUST_02806,unresponsive,0.0,2,0,2,0.25,0
CUST_02807,price_sensitive,5221.0,5,5,0,0.6,0
CUST_02808,reliable,9929.76,5,5,0,0.75,0
CUST_02809,unresponsive,6401.58,6,4,2,0.25,0
CUST_02810,occasional,11194.7,8,8,0,0.55,0
CUST_02811,reliable,20167.76,13,12,1,0.75,0
CUST_02812,reliable,12243.15,5,5,0,0.75,0
CUST_02813,occasional,7178.91,6,4,2,0.55,0
CUST_02814,occasional,9360.15,7,5,2,0.55,0
CUST_02815,price_sensitive,2985.03,3,3,0,0.6,0
CUST_02816,reliable,9599.92,5,5,0,0.75,0
CUST_02817,frequent_failure,4415.52,10,6,4,0.35,0
CUST_02818,reliable,9864.52,5,5,0,0.75,0
CUST_02819,occasional,4800.4,6,4,2,0.55,0
CUST_02820,occasional,2258.34,5,4,1,0.55,0
CUST_02821,high_value,76573.05,8,8,0,0.8,0
CUST_02822,reliable,5145.01,3,3,0,0.75,0
CUST_02823,occasional,7134.39,6,4,2,0.55,0
CUST_02824,unresponsive,2236.97,4,2,2,0.25,0
CUST_02825,reliable,16839.49,7,7,0,0.75,0
CUST_02826,reliable,16557.65,10,9,1,0.75,0
CUST_02827,unresponsive,5407.71,3,3,0,0.25,0
CUST_02828,frequent_failure,2696.9,2,2,0,0.35,0
CUST_02829,reliable,15425.0,10,10,0,0.75,0
CUST_02830,unresponsive,828.23,2,1,1,0.25,0
CUST_02831,occasional,5837.8,5,5,0,0.55,0
CUST_02832,price_sensitive,855.07,3,1,2,0.6,0
CUST_02833,price_sensitive,3282.98,6,5,1,0.6,0
CUST_02834,price_sensitive,12628.76,8,7,1,0.6,0
CUST_02835,reliable,6576.03,4,4,0,0.75,0
CUST_02836,unresponsive,4298.92,3,2,1,0.25,0
CUST_02837,reliable,16400.45,7,7,0,0.75,0
CUST_02838,reliable,17872.87,11,9,2,0.75,0
CUST_02839,frequent_failure,5616.6,6,4,2,0.35,0
CUST_02840,occasional,0.0,1,0,1,0.55,0
CUST_02841,reliable,15108.38,7,7,0,0.75,0
CUST_02842,frequent_failure,7288.13,9,6,3,0.35,0
CUST_02843,unresponsive,6666.98,5,4,1,0.25,0
CUST_02844,occasional,6861.85,7,6,1,0.55,0
CUST_02845,reliable,15602.23,7,7,0,0.75,0
CUST_02846,occasional,4868.84,6,5,1,0.55,0
CUST_02847,reliable,10692.42,6,6,0,0.75,0
CUST_02848,price_sensitive,1874.22,4,2,2,0.6,0
CUST_02849,unresponsive,7648.75,5,4,1,0.25,0
CUST_02850,occasional,6895.88,5,5,0,0.55,0
CUST_02851,reliable,12205.25,7,7,0,0.75,0
CUST_02852,price_sensitive,4177.72,5,3,2,0.6,0
CUST_02853,reliable,16145.75,10,10,0,0.75,0
CUST_02854,reliable,17058.99,8,8,0,0.75,0
CUST_02855,reliable,26872.04,11,11,0,0.75,0
CUST_02856,reliable,10755.81,5,5,0,0.75,0
CUST_02857,unresponsive,6887.33,5,4,1,0.25,0
CUST_02858,reliable,3380.92,2,2,0,0.75,0
CUST_02859,price_sensitive,5173.3,6,5,1,0.6,0
CUST_02860,reliable,35130.23,11,10,1,0.75,0
CUST_02861,reliable,19335.48,10,10,0,0.75,0
CUST_02862,occasional,3359.0,2,2,0,0.55,0
CUST_02863,price_sensitive,3527.25,5,4,1,0.6,0
CUST_02864,reliable,15253.66,10,9,1,0.75,0
CUST_02865,reliable,5286.01,3,3,0,0.75,0
CUST_02866,reliable,6025.07,4,4,0,0.75,0
CUST_02867,reliable,26217.99,10,10,0,0.75,0
CUST_02868,unresponsive,4947.75,5,4,1,0.25,0
CUST_02869,occasional,17872.13,11,9,2,0.55,0
CUST_02870,price_sensitive,4152.38,5,4,1,0.6,0
CUST_02871,unresponsive,5650.13,4,3,1,0.25,0
CUST_02872,high_value,62441.96,7,7,0,0.8,0
CUST_02873,frequent_failure,10480.17,10,7,3,0.35,0
CUST_02874,high_value,48378.42,4,4,0,0.8,0
CUST_02875,occasional,4980.09,4,4,0,0.55,0
CUST_02876,occasional,3537.98,4,3,1,0.55,0
CUST_02877,occasional,4642.15,6,5,1,0.55,0
CUST_02878,frequent_failure,2840.96,3,2,1,0.35,0
CUST_02879,occasional,5809.16,3,3,0,0.55,0
CUST_02880,occasional,5545.96,6,6,0,0.55,0
CUST_02881,reliable,5688.98,6,6,0,0.75,0
CUST_02882,occasional,6682.51,6,5,1,0.55,0
CUST_02883,reliable,6144.63,3,3,0,0.75,0
CUST_02884,unresponsive,5880.69,3,3,0,0.25,0
CUST_02885,high_value,57654.82,8,8,0,0.8,0
CUST_02886,reliable,18173.58,10,10,0,0.75,0
CUST_02887,frequent_failure,2782.49,5,4,1,0.35,0
CUST_02888,occasional,12466.36,11,11,0,0.55,0
CUST_02889,high_value,44935.46,7,7,0,0.8,0
CUST_02890,frequent_failure,4187.65,4,4,0,0.35,0
CUST_02891,frequent_failure,8533.63,8,6,2,0.35,0
CUST_02892,reliable,3978.8,3,3,0,0.75,0
CUST_02893,price_sensitive,3237.24,5,4,1,0.6,0
CUST_02894,reliable,15076.97,8,8,0,0.75,0
CUST_02895,unresponsive,9938.19,7,6,1,0.25,0
CUST_02896,frequent_failure,6979.79,6,6,0,0.35,0
CUST_02897,reliable,14695.94,9,8,1,0.75,0
CUST_02898,frequent_failure,4013.08,9,6,3,0.35,0
CUST_02899,reliable,15101.39,8,6,2,0.75,0
CUST_02900,unresponsive,3554.27,3,3,0,0.25,0
CUST_02901,high_value,55767.27,7,7,0,0.8,0
CUST_02902,occasional,2917.92,3,2,1,0.55,0
CUST_02903,unresponsive,659.54,1,1,0,0.25,0
CUST_02904,unresponsive,4897.5,5,4,1,0.25,0
CUST_02905,reliable,19880.17,10,10,0,0.75,0
CUST_02906,price_sensitive,3372.9,3,3,0,0.6,0
CUST_02907,unresponsive,4178.23,5,3,2,0.25,0
CUST_02908,price_sensitive,5968.7,5,5,0,0.6,0
CUST_02909,frequent_failure,23460.32,18,14,4,0.35,0
CUST_02910,reliable,16244.93,12,11,1,0.75,0
CUST_02911,high_value,46361.35,6,6,0,0.8,0
CUST_02912,frequent_failure,4254.58,6,3,3,0.35,0
CUST_02913,price_sensitive,6819.94,6,6,0,0.6,0
CUST_02914,price_sensitive,6095.62,5,4,1,0.6,0
CUST_02915,reliable,8086.01,8,8,0,0.75,0
CUST_02916,frequent_failure,9817.67,10,7,3,0.35,0
CUST_02917,unresponsive,1479.06,2,1,1,0.25,0
CUST_02918,occasional,7003.46,5,5,0,0.55,0
CUST_02919,occasional,5596.55,6,4,2,0.55,0
CUST_02920,occasional,1745.65,2,2,0,0.55,0
CUST_02921,reliable,8186.62,6,6,0,0.75,0
CUST_02922,reliable,3223.32,4,3,1,0.75,0
CUST_02923,reliable,10954.33,7,7,0,0.75,0
CUST_02924,occasional,4448.09,3,3,0,0.55,0
CUST_02925,reliable,10380.4,7,7,0,0.75,0
CUST_02926,frequent_failure,4920.25,4,3,1,0.35,0
CUST_02927,reliable,7716.67,6,5,1,0.75,0
CUST_02928,reliable,14459.73,9,8,1,0.75,0
CUST_02929,high_value,42743.17,7,5,2,0.8,0
CUST_02930,frequent_failure,3196.41,2,2,0,0.35,0
CUST_02931,unresponsive,6324.56,4,3,1,0.25,0
CUST_02932,occasional,4156.95,5,4,1,0.55,0
CUST_02933,reliable,17374.64,8,8,0,0.75,0
CUST_02934,price_sensitive,3279.04,4,3,1,0.6,0
CUST_02935,frequent_failure,5391.79,7,6,1,0.35,0
CUST_02936,high_value,10411.99,2,1,1,0.8,0
CUST_02937,unresponsive,9160.79,7,6,1,0.25,0
CUST_02938,unresponsive,6613.45,7,5,2,0.25,0
CUST_02939,frequent_failure,3966.69,9,4,5,0.35,0
CUST_02940,occasional,5662.19,7,7,0,0.55,0
CUST_02941,frequent_failure,1672.9,6,3,3,0.35,0
CUST_02942,occasional,7644.57,6,5,1,0.55,0
CUST_02943,reliable,13971.38,7,7,0,0.75,0
CUST_02944,occasional,15926.06,10,10,0,0.55,0
CUST_02945,reliable,10630.73,8,7,1,0.75,0
CUST_02946,reliable,16740.72,10,10,0,0.75,0
CUST_02947,frequent_failure,1265.43,3,1,2,0.35,0
CUST_02948,high_value,45955.94,7,6,1,0.8,0
CUST_02949,frequent_failure,2735.22,7,2,5,0.35,0
CUST_02950,price_sensitive,1695.15,4,4,0,0.6,0
CUST_02951,reliable,10179.54,6,6,0,0.75,0
CUST_02952,frequent_failure,4205.87,8,3,5,0.35,0
CUST_02953,price_sensitive,5480.33,5,4,1,0.6,0
CUST_02954,frequent_failure,4851.42,4,3,1,0.35,0
CUST_02955,high_value,32180.47,5,4,1,0.8,0
CUST_02956,reliable,11013.09,7,7,0,0.75,0
CUST_02957,price_sensitive,8027.72,5,5,0,0.6,0
CUST_02958,reliable,9561.09,7,6,1,0.75,0
CUST_02959,occasional,10424.31,8,7,1,0.55,0
CUST_02960,price_sensitive,6287.68,4,4,0,0.6,0
CUST_02961,reliable,12199.98,10,9,1,0.75,0
CUST_02962,high_value,18662.41,3,3,0,0.8,0
CUST_02963,frequent_failure,6436.05,6,6,0,0.35,0
CUST_02964,frequent_failure,4631.46,5,4,1,0.35,0
CUST_02965,occasional,7250.93,6,6,0,0.55,0
CUST_02966,frequent_failure,7531.57,6,6,0,0.35,0
CUST_02967,frequent_failure,5733.83,7,5,2,0.35,0
CUST_02968,reliable,14940.69,8,8,0,0.75,0
CUST_02969,price_sensitive,3157.54,4,3,1,0.6,0
CUST_02970,frequent_failure,3044.73,4,2,2,0.35,0
CUST_02971,frequent_failure,5779.12,7,4,3,0.35,0
CUST_02972,reliable,12443.07,7,7,0,0.75,0
CUST_02973,price_sensitive,3361.62,4,3,1,0.6,0
CUST_02974,frequent_failure,5810.71,6,6,0,0.35,0
CUST_02975,reliable,17992.6,8,8,0,0.75,0
CUST_02976,high_value,39212.94,5,5,0,0.8,0
CUST_02977,reliable,14038.17,5,5,0,0.75,0
CUST_02978,frequent_failure,7538.75,7,6,1,0.35,0
CUST_02979,reliable,21455.95,9,9,0,0.75,0
CUST_02980,unresponsive,4425.26,4,3,1,0.25,0
CUST_02981,reliable,15533.27,11,10,1,0.75,0
CUST_02982,high_value,31243.97,5,5,0,0.8,0
CUST_02983,price_sensitive,7052.96,6,5,1,0.6,0
CUST_02984,unresponsive,10937.17,6,6,0,0.25,0
CUST_02985,occasional,3700.66,2,2,0,0.55,0
CUST_02986,reliable,9074.64,7,7,0,0.75,0
CUST_02987,reliable,20932.65,14,13,1,0.75,0
CUST_02988,reliable,19530.6,11,11,0,0.75,0
CUST_02989,reliable,12596.14,7,7,0,0.75,0
CUST_02990,reliable,6963.17,5,5,0,0.75,0
CUST_02991,reliable,16242.82,8,8,0,0.75,0
CUST_02992,occasional,7493.98,10,10,0,0.55,0
CUST_02993,high_value,86969.84,9,9,0,0.8,0
CUST_02994,frequent_failure,5289.25,6,4,2,0.35,0
CUST_02995,unresponsive,1230.18,2,1,1,0.25,0
CUST_02996,occasional,3454.03,2,2,0,0.55,0
CUST_02997,occasional,7963.47,5,5,0,0.55,0
CUST_02998,occasional,1952.53,2,2,0,0.55,0
CUST_02999,reliable,12867.41,13,11,2,0.75,0
CUST_03000,occasional,9621.59,6,5,1,0.55,0
CUST_03001,unresponsive,3690.73,3,2,1,0.25,0
CUST_03002,price_sensitive,945.57,1,1,0,0.6,0
CUST_03003,price_sensitive,2492.83,6,3,3,0.6,0
CUST_03004,reliable,18596.09,13,12,1,0.75,0
CUST_03005,reliable,20102.23,8,8,0,0.75,0
CUST_03006,unresponsive,2145.78,3,2,1,0.25,0
CUST_03007,reliable,6951.11,5,5,0,0.75,0
CUST_03008,occasional,10077.55,7,6,1,0.55,0
CUST_03009,frequent_failure,10623.53,5,5,0,0.35,0
CUST_03010,reliable,14486.95,9,7,2,0.75,0
CUST_03011,reliable,17952.22,9,9,0,0.75,0
CUST_03012,occasional,3831.59,3,3,0,0.55,0
CUST_03013,high_value,22294.57,6,6,0,0.8,0
CUST_03014,occasional,1844.89,2,2,0,0.55,0
CUST_03015,unresponsive,10754.26,7,6,1,0.25,0
CUST_03016,reliable,10747.47,5,5,0,0.75,0
CUST_03017,price_sensitive,3981.43,5,4,1,0.6,0
CUST_03018,price_sensitive,1030.04,1,1,0,0.6,0
CUST_03019,occasional,3923.12,5,5,0,0.55,0
CUST_03020,reliable,9699.2,6,6,0,0.75,0
CUST_03021,frequent_failure,9616.97,8,6,2,0.35,0
CUST_03022,reliable,4016.56,3,2,1,0.75,0
CUST_03023,unresponsive,3439.98,3,2,1,0.25,0
CUST_03024,reliable,20231.41,7,7,0,0.75,0
CUST_03025,reliable,7421.11,6,5,1,0.75,0
CUST_03026,reliable,6618.14,4,4,0,0.75,0
CUST_03027,reliable,12309.35,5,5,0,0.75,0
CUST_03028,price_sensitive,4732.6,3,3,0,0.6,0
CUST_03029,high_value,37094.64,5,4,1,0.8,0
CUST_03030,high_value,41160.87,6,6,0,0.8,0
CUST_03031,reliable,4269.81,5,5,0,0.75,0
CUST_03032,reliable,9314.02,5,5,0,0.75,0
CUST_03033,reliable,15236.32,8,8,0,0.75,0
CUST_03034,reliable,8682.51,7,6,1,0.75,0
CUST_03035,price_sensitive,5405.28,4,4,0,0.6,0
CUST_03036,unresponsive,5947.8,3,3,0,0.25,0
CUST_03037,reliable,20094.35,8,8,0,0.75,0
CUST_03038,occasional,9976.77,6,5,1,0.55,0
CUST_03039,occasional,8635.88,6,6,0,0.55,0
CUST_03040,reliable,13958.82,8,8,0,0.75,0
CUST_03041,price_sensitive,6871.65,7,6,1,0.6,0
CUST_03042,price_sensitive,4921.45,4,4,0,0.6,0
CUST_03043,reliable,1901.98,6,6,0,0.75,0
CUST_03044,reliable,11602.71,5,5,0,0.75,0
CUST_03045,reliable,21285.86,13,13,0,0.75,0
CUST_03046,reliable,10517.41,5,5,0,0.75,0
CUST_03047,reliable,12022.59,6,6,0,0.75,0
CUST_03048,unresponsive,7069.38,4,4,0,0.25,0
CUST_03049,occasional,9238.56,5,5,0,0.55,0
CUST_03050,occasional,8286.07,5,5,0,0.55,0
CUST_03051,occasional,7812.0,6,5,1,0.55,0
CUST_03052,price_sensitive,9491.95,8,7,1,0.6,0
CUST_03053,reliable,5643.53,4,4,0,0.75,0
CUST_03054,occasional,776.95,2,1,1,0.55,0
CUST_03055,reliable,23333.52,10,10,0,0.75,0
CUST_03056,unresponsive,0.0,1,0,1,0.25,0
CUST_03057,occasional,3483.55,4,4,0,0.55,0
CUST_03058,occasional,10861.91,5,5,0,0.55,0
CUST_03059,reliable,10993.38,7,7,0,0.75,0
CUST_03060,occasional,6196.92,5,5,0,0.55,0
CUST_03061,reliable,8007.35,9,9,0,0.75,0
CUST_03062,reliable,19423.96,10,10,0,0.75,0
CUST_03063,reliable,9424.92,10,10,0,0.75,0
CUST_03064,high_value,37921.23,4,4,0,0.8,0
CUST_03065,price_sensitive,7824.56,7,6,1,0.6,0
CUST_03066,reliable,17057.27,7,7,0,0.75,0
CUST_03067,occasional,7535.24,10,8,2,0.55,0
CUST_03068,occasional,6910.89,5,5,0,0.55,0
CUST_03069,frequent_failure,4415.08,7,3,4,0.35,0
CUST_03070,price_sensitive,1018.15,2,1,1,0.6,0
CUST_03071,price_sensitive,7579.37,7,6,1,0.6,0
CUST_03072,unresponsive,6882.07,4,4,0,0.25,0
CUST_03073,unresponsive,6440.88,4,3,1,0.25,0
CUST_03074,occasional,5758.64,6,5,1,0.55,0
CUST_03075,occasional,10720.67,7,7,0,0.55,0
CUST_03076,unresponsive,5328.06,4,3,1,0.25,0
CUST_03077,occasional,2690.61,3,1,2,0.55,0
CUST_03078,unresponsive,3345.73,2,2,0,0.25,0
CUST_03079,occasional,3878.95,5,4,1,0.55,0
CUST_03080,reliable,8530.61,5,5,0,0.75,0
CUST_03081,frequent_failure,4384.56,6,5,1,0.35,0
CUST_03082,high_value,54861.59,9,7,2,0.8,0
CUST_03083,occasional,798.77,1,1,0,0.55,0
CUST_03084,frequent_failure,7803.0,8,7,1,0.35,0
CUST_03085,unresponsive,3418.47,3,2,1,0.25,0
CUST_03086,price_sensitive,2931.34,5,4,1,0.6,0
CUST_03087,price_sensitive,1459.37,2,2,0,0.6,0
CUST_03088,reliable,16018.11,10,10,0,0.75,0
CUST_03089,high_value,27718.84,4,4,0,0.8,0
CUST_03090,reliable,22123.18,15,14,1,0.75,0
CUST_03091,frequent_failure,2744.8,6,4,2,0.35,0
CUST_03092,frequent_failure,4857.43,10,5,5,0.35,0
CUST_03093,unresponsive,6176.18,5,4,1,0.25,0
CUST_03094,reliable,17081.52,9,9,0,0.75,0
CUST_03095,occasional,6822.79,4,4,0,0.55,0
CUST_03096,frequent_failure,5130.93,9,6,3,0.35,0
CUST_03097,occasional,7933.07,6,6,0,0.55,0
CUST_03098,frequent_failure,9366.72,12,8,4,0.35,0
CUST_03099,price_sensitive,6283.73,8,5,3,0.6,0
CUST_03100,unresponsive,4403.11,4,3,1,0.25,0
CUST_03101,reliable,5360.26,5,5,0,0.75,0
CUST_03102,frequent_failure,4143.35,8,4,4,0.35,0
CUST_03103,frequent_failure,4002.71,4,2,2,0.35,0
CUST_03104,reliable,11916.6,9,9,0,0.75,0
CUST_03105,occasional,464.45,1,1,0,0.55,0
CUST_03106,occasional,2425.87,3,2,1,0.55,0
CUST_03107,occasional,5891.01,5,3,2,0.55,0
CUST_03108,reliable,15163.12,7,7,0,0.75,0
CUST_03109,occasional,12567.33,9,7,2,0.55,0
CUST_03110,unresponsive,1789.46,1,1,0,0.25,0
CUST_03111,high_value,34705.68,6,5,1,0.8,0
CUST_03112,price_sensitive,3255.08,4,3,1,0.6,0
CUST_03113,occasional,5148.39,5,5,0,0.55,0
CUST_03114,occasional,3628.86,5,3,2,0.55,0
CUST_03115,occasional,3570.88,4,4,0,0.55,0
CUST_03116,reliable,16877.04,9,9,0,0.75,0
CUST_03117,price_sensitive,8025.56,6,6,0,0.6,0
CUST_03118,high_value,17713.32,7,6,1,0.8,0
CUST_03119,frequent_failure,4947.11,6,4,2,0.35,0
CUST_03120,frequent_failure,3492.83,5,2,3,0.35,0
CUST_03121,price_sensitive,3474.35,5,4,1,0.6,0
CUST_03122,reliable,16573.0,10,10,0,0.75,0
CUST_03123,reliable,18530.84,9,9,0,0.75,0
CUST_03124,occasional,11021.5,7,7,0,0.55,0
CUST_03125,occasional,3291.53,3,3,0,0.55,0
CUST_03126,occasional,5116.52,3,3,0,0.55,0
CUST_03127,occasional,7763.09,5,5,0,0.55,0
CUST_03128,occasional,12100.57,10,7,3,0.55,0
CUST_03129,price_sensitive,6045.47,6,5,1,0.6,0
CUST_03130,reliable,11989.98,8,7,1,0.75,0
CUST_03131,reliable,9970.29,8,8,0,0.75,0
CUST_03132,reliable,7945.68,4,4,0,0.75,0
CUST_03133,price_sensitive,3748.66,5,4,1,0.6,0
CUST_03134,price_sensitive,2786.07,3,2,1,0.6,0
CUST_03135,reliable,16371.74,8,8,0,0.75,0
CUST_03136,unresponsive,4703.26,3,3,0,0.25,0
CUST_03137,occasional,2343.51,3,3,0,0.55,0
CUST_03138,reliable,6625.94,6,5,1,0.75,0
CUST_03139,high_value,51505.63,6,6,0,0.8,0
CUST_03140,frequent_failure,3576.84,4,2,2,0.35,0
CUST_03141,unresponsive,3774.02,2,2,0,0.25,0
CUST_03142,reliable,5413.91,4,4,0,0.75,0
CUST_03143,unresponsive,8672.68,6,5,1,0.25,0
CUST_03144,occasional,4932.33,5,4,1,0.55,0
CUST_03145,reliable,9384.26,5,5,0,0.75,0
CUST_03146,occasional,4744.83,4,4,0,0.55,0
CUST_03147,price_sensitive,1445.97,3,3,0,0.6,0
CUST_03148,reliable,17475.33,10,10,0,0.75,0
CUST_03149,unresponsive,2088.73,1,1,0,0.25,0
CUST_03150,reliable,21272.01,10,10,0,0.75,0
CUST_03151,frequent_failure,9679.07,8,7,1,0.35,0
CUST_03152,occasional,9379.35,8,8,0,0.55,0
CUST_03153,unresponsive,3128.8,4,2,2,0.25,0
CUST_03154,reliable,9293.69,6,6,0,0.75,0
CUST_03155,occasional,12845.6,8,7,1,0.55,0
CUST_03156,price_sensitive,4194.74,5,5,0,0.6,0
CUST_03157,reliable,12155.32,5,5,0,0.75,0
CUST_03158,reliable,12496.95,4,4,0,0.75,0
CUST_03159,unresponsive,6261.44,3,3,0,0.25,0
CUST_03160,high_value,30706.21,6,6,0,0.8,0
CUST_03161,high_value,12023.94,3,2,1,0.8,0
CUST_03162,unresponsive,5180.71,4,3,1,0.25,0
CUST_03163,unresponsive,9367.09,4,4,0,0.25,0
CUST_03164,occasional,2590.35,4,3,1,0.55,0
CUST_03165,reliable,11839.42,6,6,0,0.75,0
CUST_03166,occasional,1047.54,2,1,1,0.55,0
CUST_03167,occasional,1869.71,1,1,0,0.55,0
CUST_03168,reliable,14317.87,8,8,0,0.75,0
CUST_03169,unresponsive,8529.46,8,7,1,0.25,0
CUST_03170,unresponsive,3282.13,3,3,0,0.25,0
CUST_03171,reliable,17417.39,9,7,2,0.75,0
CUST_03172,reliable,30057.36,15,15,0,0.75,0
CUST_03173,unresponsive,8926.95,7,6,1,0.25,0
CUST_03174,unresponsive,5747.07,3,3,0,0.25,0
CUST_03175,reliable,19645.49,10,9,1,0.75,0
CUST_03176,occasional,5780.45,5,5,0,0.55,0
CUST_03177,frequent_failure,3522.12,9,2,7,0.35,0
CUST_03178,high_value,17238.96,4,4,0,0.8,0
CUST_03179,reliable,11214.15,8,7,1,0.75,0
CUST_03180,unresponsive,1339.18,2,1,1,0.25,0
CUST_03181,occasional,12208.53,9,8,1,0.55,0
CUST_03182,price_sensitive,1899.09,4,3,1,0.6,0
CUST_03183,reliable,16443.58,13,13,0,0.75,0
CUST_03184,reliable,11969.01,7,6,1,0.75,0
CUST_03185,occasional,3509.88,3,3,0,0.55,0
CUST_03186,price_sensitive,7384.45,5,5,0,0.6,0
CUST_03187,reliable,13244.34,11,10,1,0.75,0
CUST_03188,unresponsive,4894.47,4,3,1,0.25,0
CUST_03189,price_sensitive,5381.49,10,7,3,0.6,0
CUST_03190,occasional,14423.83,8,7,1,0.55,0
CUST_03191,reliable,15053.59,8,8,0,0.75,0
CUST_03192,unresponsive,4717.49,4,4,0,0.25,0
CUST_03193,high_value,51434.6,7,7,0,0.8,0
CUST_03194,price_sensitive,13401.66,8,8,0,0.6,0
CUST_03195,reliable,14150.4,8,8,0,0.75,0
CUST_03196,occasional,13144.73,8,8,0,0.55,0
CUST_03197,reliable,17374.87,10,10,0,0.75,0
CUST_03198,price_sensitive,9037.7,11,9,2,0.6,0
CUST_03199,frequent_failure,4092.48,4,3,1,0.35,0
CUST_03200,unresponsive,3363.1,2,2,0,0.25,0
CUST_03201,price_sensitive,3659.15,5,5,0,0.6,0
CUST_03202,price_sensitive,3709.4,4,4,0,0.6,0
CUST_03203,reliable,19285.29,9,9,0,0.75,0
CUST_03204,occasional,6276.69,5,5,0,0.55,0
CUST_03205,reliable,6680.67,4,4,0,0.75,0
CUST_03206,high_value,20238.21,3,3,0,0.8,0
CUST_03207,high_value,9699.44,4,2,2,0.8,0
CUST_03208,reliable,18940.15,9,9,0,0.75,0
CUST_03209,frequent_failure,7992.1,8,6,2,0.35,0
CUST_03210,price_sensitive,5381.93,4,4,0,0.6,0
CUST_03211,price_sensitive,6168.17,8,7,1,0.6,0
CUST_03212,reliable,11719.21,8,8,0,0.75,0
CUST_03213,reliable,22693.15,14,14,0,0.75,0
CUST_03214,unresponsive,6638.79,6,6,0,0.25,0
CUST_03215,occasional,5133.94,4,3,1,0.55,0
CUST_03216,frequent_failure,6637.72,4,4,0,0.35,0
CUST_03217,price_sensitive,963.6,1,1,0,0.6,0
CUST_03218,occasional,4349.89,3,3,0,0.55,0
CUST_03219,occasional,6536.21,5,4,1,0.55,0
CUST_03220,occasional,3736.29,5,4,1,0.55,0
CUST_03221,reliable,10650.18,6,6,0,0.75,0
CUST_03222,occasional,6528.63,6,5,1,0.55,0
CUST_03223,price_sensitive,3760.51,7,5,2,0.6,0
CUST_03224,unresponsive,7964.74,6,4,2,0.25,0
CUST_03225,occasional,1442.08,3,1,2,0.55,0
CUST_03226,reliable,3563.0,2,2,0,0.75,0
CUST_03227,occasional,4707.6,3,3,0,0.55,0
CUST_03228,price_sensitive,4659.86,6,5,1,0.6,0
CUST_03229,unresponsive,5809.79,4,4,0,0.25,0
CUST_03230,occasional,2913.68,2,2,0,0.55,0
CUST_03231,price_sensitive,3199.77,3,3,0,0.6,0
CUST_03232,price_sensitive,4328.35,4,3,1,0.6,0
CUST_03233,reliable,19618.61,11,10,1,0.75,0
CUST_03234,reliable,8727.59,4,4,0,0.75,0
CUST_03235,reliable,6178.34,4,4,0,0.75,0
CUST_03236,frequent_failure,5516.34,4,4,0,0.35,0
CUST_03237,price_sensitive,2509.14,3,2,1,0.6,0
CUST_03238,unresponsive,5601.89,3,3,0,0.25,0
CUST_03239,reliable,24493.64,15,15,0,0.75,0
CUST_03240,high_value,43594.08,7,7,0,0.8,0
CUST_03241,unresponsive,1804.61,1,1,0,0.25,0
CUST_03242,reliable,22038.73,12,12,0,0.75,0
CUST_03243,reliable,12330.32,6,6,0,0.75,0
CUST_03244,high_value,110067.25,13,11,2,0.8,0
CUST_03245,unresponsive,2759.72,3,2,1,0.25,0
CUST_03246,unresponsive,5812.06,3,3,0,0.25,0
CUST_03247,unresponsive,2198.48,2,1,1,0.25,0
CUST_03248,price_sensitive,1213.39,2,1,1,0.6,0
CUST_03249,price_sensitive,3689.0,5,4,1,0.6,0
CUST_03250,price_sensitive,2231.89,2,2,0,0.6,0
CUST_03251,high_value,95414.88,11,10,1,0.8,0
CUST_03252,price_sensitive,4607.36,5,4,1,0.6,0
CUST_03253,frequent_failure,5116.88,7,5,2,0.35,0
CUST_03254,reliable,11814.55,7,7,0,0.75,0
CUST_03255,occasional,4658.77,6,5,1,0.55,0
CUST_03256,occasional,7394.99,9,9,0,0.55,0
CUST_03257,reliable,16323.54,9,9,0,0.75,0
CUST_03258,high_value,45440.99,7,7,0,0.8,0
CUST_03259,price_sensitive,4997.55,5,5,0,0.6,0
CUST_03260,reliable,10786.32,10,10,0,0.75,0
CUST_03261,high_value,65399.45,10,10,0,0.8,0
CUST_03262,reliable,8229.59,4,4,0,0.75,0
CUST_03263,occasional,11527.04,9,9,0,0.55,0
CUST_03264,high_value,50606.54,5,5,0,0.8,0
CUST_03265,frequent_failure,20560.24,15,14,1,0.35,0
CUST_03266,price_sensitive,3582.6,5,5,0,0.6,0
CUST_03267,occasional,7551.41,6,5,1,0.55,0
CUST_03268,unresponsive,6285.25,4,3,1,0.25,0
CUST_03269,unresponsive,0.0,1,0,1,0.25,0
CUST_03270,unresponsive,3451.08,2,2,0,0.25,0
CUST_03271,reliable,15369.43,6,6,0,0.75,0
CUST_03272,reliable,25633.31,11,11,0,0.75,0
CUST_03273,reliable,19648.33,8,8,0,0.75,0
CUST_03274,reliable,19136.81,11,11,0,0.75,0
CUST_03275,unresponsive,4414.84,2,2,0,0.25,0
CUST_03276,high_value,39875.59,7,5,2,0.8,0
CUST_03277,reliable,4974.79,6,6,0,0.75,0
CUST_03278,price_sensitive,3497.41,3,3,0,0.6,0
CUST_03279,occasional,7866.57,6,5,1,0.55,0
CUST_03280,reliable,7635.87,5,5,0,0.75,0
CUST_03281,occasional,8845.4,8,6,2,0.55,0
CUST_03282,high_value,22399.53,3,3,0,0.8,0
CUST_03283,occasional,4748.47,4,4,0,0.55,0
CUST_03284,high_value,74021.6,8,8,0,0.8,0
CUST_03285,occasional,1164.09,2,1,1,0.55,0
CUST_03286,reliable,32934.73,14,13,1,0.75,0
CUST_03287,reliable,14108.66,7,7,0,0.75,0
CUST_03288,unresponsive,5965.46,3,3,0,0.25,0
CUST_03289,occasional,5040.1,5,5,0,0.55,0
CUST_03290,unresponsive,5125.42,5,3,2,0.25,0
CUST_03291,price_sensitive,3107.08,5,3,2,0.6,0
CUST_03292,frequent_failure,4580.91,6,4,2,0.35,0
CUST_03293,reliable,5350.01,4,4,0,0.75,0
CUST_03294,unresponsive,1341.33,3,1,2,0.25,0
CUST_03295,occasional,5535.12,5,5,0,0.55,0
CUST_03296,unresponsive,2549.6,2,2,0,0.25,0
CUST_03297,occasional,3171.13,7,4,3,0.55,0
CUST_03298,reliable,10192.18,7,7,0,0.75,0
CUST_03299,reliable,18438.66,9,7,2,0.75,0
CUST_03300,unresponsive,7155.2,3,3,0,0.25,0
CUST_03301,reliable,11248.91,11,10,1,0.75,0
CUST_03302,reliable,15353.78,9,8,1,0.75,0
CUST_03303,occasional,5447.21,4,4,0,0.55,0
CUST_03304,price_sensitive,4036.36,7,4,3,0.6,0
CUST_03305,frequent_failure,1249.22,2,1,1,0.35,0
CUST_03306,occasional,4848.75,3,3,0,0.55,0
CUST_03307,occasional,3832.37,4,3,1,0.55,0
CUST_03308,high_value,25897.11,3,3,0,0.8,0
CUST_03309,high_value,59312.3,7,7,0,0.8,0
CUST_03310,occasional,7541.19,5,5,0,0.55,0
CUST_03311,price_sensitive,4579.53,4,3,1,0.6,0
CUST_03312,reliable,19205.66,9,9,0,0.75,0
CUST_03313,price_sensitive,3776.91,4,2,2,0.6,0
CUST_03314,reliable,19704.83,11,10,1,0.75,0
CUST_03315,reliable,16266.01,6,6,0,0.75,0
CUST_03316,high_value,14116.92,5,5,0,0.8,0
CUST_03317,reliable,3871.91,4,4,0,0.75,0
CUST_03318,high_value,100731.92,11,11,0,0.8,0
CUST_03319,occasional,8882.08,9,7,2,0.55,0
CUST_03320,high_value,67263.08,8,7,1,0.8,0
CUST_03321,reliable,19292.23,10,9,1,0.75,0
CUST_03322,price_sensitive,8620.8,7,6,1,0.6,0
CUST_03323,price_sensitive,0.0,1,0,1,0.6,0
CUST_03324,occasional,7658.0,7,7,0,0.55,0
CUST_03325,frequent_failure,5912.1,5,4,1,0.35,0
CUST_03326,occasional,5043.92,6,5,1,0.55,0
CUST_03327,reliable,13949.12,6,6,0,0.75,0
CUST_03328,reliable,17672.87,8,8,0,0.75,0
CUST_03329,occasional,2941.01,4,2,2,0.55,0
CUST_03330,reliable,20610.7,11,11,0,0.75,0
CUST_03331,occasional,4578.89,4,4,0,0.55,0
CUST_03332,unresponsive,2274.06,3,2,1,0.25,0
CUST_03333,reliable,14403.35,8,7,1,0.75,0
CUST_03334,price_sensitive,4111.83,5,4,1,0.6,0
CUST_03335,price_sensitive,6675.96,6,6,0,0.6,0
CUST_03336,reliable,11773.84,8,8,0,0.75,0
CUST_03337,price_sensitive,7384.59,7,5,2,0.6,0
CUST_03338,occasional,3214.64,5,4,1,0.55,0
CUST_03339,reliable,24301.82,11,11,0,0.75,0
CUST_03340,occasional,1167.69,3,1,2,0.55,0
CUST_03341,price_sensitive,2703.43,3,2,1,0.6,0
CUST_03342,reliable,19544.78,12,11,1,0.75,0
CUST_03343,unresponsive,7686.89,7,5,2,0.25,0
CUST_03344,reliable,23964.08,12,11,1,0.75,0
CUST_03345,reliable,10247.51,6,6,0,0.75,0
CUST_03346,high_value,4215.7,1,1,0,0.8,0
CUST_03347,price_sensitive,5366.14,6,5,1,0.6,0
CUST_03348,occasional,7636.65,6,6,0,0.55,0
CUST_03349,unresponsive,10817.71,5,5,0,0.25,0
CUST_03350,frequent_failure,4496.45,6,4,2,0.35,0
CUST_03351,occasional,10872.62,11,9,2,0.55,0
CUST_03352,frequent_failure,3968.71,5,5,0,0.35,0
CUST_03353,occasional,6768.3,4,4,0,0.55,0
CUST_03354,reliable,13683.13,9,8,1,0.75,0
CUST_03355,frequent_failure,3401.05,4,2,2,0.35,0
CUST_03356,frequent_failure,1649.45,3,2,1,0.35,0
CUST_03357,occasional,3149.37,2,2,0,0.55,0
CUST_03358,reliable,8230.59,6,6,0,0.75,0
CUST_03359,high_value,63832.84,8,8,0,0.8,0
CUST_03360,reliable,10968.81,13,12,1,0.75,0
CUST_03361,high_value,27528.33,6,6,0,0.8,0
CUST_03362,price_sensitive,3953.5,5,5,0,0.6,0
CUST_03363,reliable,19063.73,11,11,0,0.75,0
CUST_03364,occasional,5395.11,5,4,1,0.55,0
CUST_03365,price_sensitive,2449.47,4,3,1,0.6,0
CUST_03366,reliable,10349.83,7,7,0,0.75,0
CUST_03367,unresponsive,1648.91,2,1,1,0.25,0
CUST_03368,reliable,18244.37,12,10,2,0.75,0
CUST_03369,occasional,8427.6,6,6,0,0.55,0
CUST_03370,reliable,8632.5,8,6,2,0.75,0
CUST_03371,frequent_failure,11684.5,11,9,2,0.35,0
CUST_03372,price_sensitive,1203.19,2,1,1,0.6,0
CUST_03373,price_sensitive,2839.36,4,3,1,0.6,0
CUST_03374,reliable,7042.74,6,6,0,0.75,0
CUST_03375,price_sensitive,3643.48,6,4,2,0.6,0
CUST_03376,occasional,2438.4,2,2,0,0.55,0
CUST_03377,occasional,552.92,1,1,0,0.55,0
CUST_03378,occasional,6093.21,5,5,0,0.55,0
CUST_03379,occasional,8060.38,5,5,0,0.55,0
CUST_03380,reliable,6635.24,5,4,1,0.75,0
CUST_03381,price_sensitive,6666.07,9,7,2,0.6,0
CUST_03382,price_sensitive,6540.24,9,8,1,0.6,0
CUST_03383,occasional,7409.35,5,5,0,0.55,0
CUST_03384,price_sensitive,3070.15,3,3,0,0.6,0
CUST_03385,price_sensitive,4996.28,5,5,0,0.6,0
CUST_03386,reliable,15532.08,7,7,0,0.75,0
CUST_03387,price_sensitive,3458.21,5,3,2,0.6,0
CUST_03388,reliable,15556.62,7,7,0,0.75,0
CUST_03389,unresponsive,2478.82,4,3,1,0.25,0
CUST_03390,reliable,16518.81,8,8,0,0.75,0
CUST_03391,high_value,26559.91,4,4,0,0.8,0
CUST_03392,reliable,21192.1,15,14,1,0.75,0
CUST_03393,reliable,31121.14,12,12,0,0.75,0
CUST_03394,reliable,16119.1,8,8,0,0.75,0
CUST_03395,reliable,8486.01,5,5,0,0.75,0
CUST_03396,reliable,11603.81,10,10,0,0.75,0
CUST_03397,reliable,16492.19,10,10,0,0.75,0
CUST_03398,occasional,7522.19,8,8,0,0.55,0
CUST_03399,reliable,6110.3,3,3,0,0.75,0
CUST_03400,high_value,44550.6,9,7,2,0.8,0
CUST_03401,reliable,19140.46,9,9,0,0.75,0
CUST_03402,reliable,7892.31,6,6,0,0.75,0
CUST_03403,occasional,5411.75,4,4,0,0.55,0
CUST_03404,reliable,12282.69,7,7,0,0.75,0
CUST_03405,frequent_failure,7943.09,5,5,0,0.35,0
CUST_03406,occasional,2410.05,5,2,3,0.55,0
CUST_03407,reliable,23757.62,11,11,0,0.75,0
CUST_03408,price_sensitive,2182.7,3,2,1,0.6,0
CUST_03409,frequent_failure,4236.07,5,4,1,0.35,0
CUST_03410,unresponsive,13483.1,7,6,1,0.25,0
CUST_03411,price_sensitive,2369.52,3,3,0,0.6,0
CUST_03412,reliable,18024.18,9,9,0,0.75,0
CUST_03413,reliable,10972.35,8,8,0,0.75,0
CUST_03414,occasional,6853.49,7,5,2,0.55,0
CUST_03415,high_value,33425.54,5,4,1,0.8,0
CUST_03416,reliable,12821.87,11,10,1,0.75,0
CUST_03417,reliable,11990.3,10,9,1,0.75,0
CUST_03418,reliable,16361.93,9,9,0,0.75,0
CUST_03419,frequent_failure,1857.52,7,4,3,0.35,0
CUST_03420,reliable,3736.42,6,5,1,0.75,0
CUST_03421,occasional,3236.77,3,3,0,0.55,0
CUST_03422,reliable,14611.11,8,8,0,0.75,0
CUST_03423,reliable,19501.35,11,11,0,0.75,0
CUST_03424,reliable,14768.76,7,7,0,0.75,0
CUST_03425,reliable,9202.13,5,5,0,0.75,0
CUST_03426,unresponsive,3829.93,4,3,1,0.25,0
CUST_03427,occasional,10724.21,10,9,1,0.55,0
CUST_03428,high_value,54981.81,8,8,0,0.8,0
CUST_03429,reliable,40758.56,15,15,0,0.75,0
CUST_03430,high_value,34859.38,6,4,2,0.8,0
CUST_03431,reliable,31508.01,15,15,0,0.75,0
CUST_03432,unresponsive,8124.04,6,6,0,0.25,0
CUST_03433,price_sensitive,2568.27,3,2,1,0.6,0
CUST_03434,reliable,15816.85,10,10,0,0.75,0
CUST_03435,occasional,11240.97,10,9,1,0.55,0
CUST_03436,occasional,838.99,2,1,1,0.55,0
CUST_03437,price_sensitive,828.45,1,1,0,0.6,0
CUST_03438,unresponsive,5397.92,3,3,0,0.25,0
CUST_03439,reliable,12531.39,9,9,0,0.75,0
CUST_03440,unresponsive,8798.86,6,4,2,0.25,0
CUST_03441,reliable,12442.8,8,8,0,0.75,0
CUST_03442,occasional,1410.51,1,1,0,0.55,0
CUST_03443,frequent_failure,2198.53,6,2,4,0.35,0
CUST_03444,reliable,18987.27,9,9,0,0.75,0
CUST_03445,occasional,2804.58,3,3,0,0.55,0
CUST_03446,unresponsive,1292.97,2,1,1,0.25,0
CUST_03447,high_value,50429.28,8,8,0,0.8,0
CUST_03448,price_sensitive,8824.45,8,7,1,0.6,0
CUST_03449,high_value,48323.43,9,9,0,0.8,0
CUST_03450,reliable,30076.49,12,12,0,0.75,0
CUST_03451,price_sensitive,4275.23,3,3,0,0.6,0
CUST_03452,reliable,9710.8,7,6,1,0.75,0
CUST_03453,frequent_failure,636.63,4,2,2,0.35,0
CUST_03454,reliable,16846.5,8,8,0,0.75,0
CUST_03455,occasional,9548.5,5,5,0,0.55,0
CUST_03456,price_sensitive,1589.67,2,2,0,0.6,0
CUST_03457,unresponsive,3593.33,5,2,3,0.25,0
CUST_03458,price_sensitive,2500.61,4,3,1,0.6,0
CUST_03459,reliable,8038.5,6,6,0,0.75,0
CUST_03460,occasional,2792.18,3,2,1,0.55,0
CUST_03461,occasional,11325.08,7,7,0,0.55,0
CUST_03462,reliable,16221.57,6,6,0,0.75,0
CUST_03463,price_sensitive,1155.23,1,1,0,0.6,0
CUST_03464,unresponsive,7975.14,6,5,1,0.25,0
CUST_03465,frequent_failure,1668.89,3,1,2,0.35,0
CUST_03466,reliable,20711.56,9,9,0,0.75,0
CUST_03467,frequent_failure,8756.21,7,5,2,0.35,0
CUST_03468,reliable,37875.84,15,15,0,0.75,0
CUST_03469,occasional,2864.54,3,2,1,0.55,0
CUST_03470,reliable,5221.22,7,6,1,0.75,0
CUST_03471,reliable,14485.66,6,6,0,0.75,0
CUST_03472,occasional,11936.39,7,6,1,0.55,0
CUST_03473,high_value,31394.86,6,4,2,0.8,0
CUST_03474,price_sensitive,5873.53,6,6,0,0.6,0
CUST_03475,high_value,31613.13,5,3,2,0.8,0
CUST_03476,price_sensitive,8011.33,7,6,1,0.6,0
CUST_03477,price_sensitive,2695.83,5,2,3,0.6,0
CUST_03478,frequent_failure,8443.29,9,6,3,0.35,0
CUST_03479,price_sensitive,3536.04,4,4,0,0.6,0
CUST_03480,occasional,6544.3,6,6,0,0.55,0
CUST_03481,occasional,2810.7,2,2,0,0.55,0
CUST_03482,high_value,14906.93,3,2,1,0.8,0
CUST_03483,reliable,10452.31,5,5,0,0.75,0
CUST_03484,price_sensitive,2889.38,5,3,2,0.6,0
CUST_03485,reliable,11696.56,6,6,0,0.75,0
CUST_03486,occasional,5929.77,4,4,0,0.55,0
CUST_03487,price_sensitive,1996.03,2,2,0,0.6,0
CUST_03488,occasional,7296.3,5,5,0,0.55,0
CUST_03489,unresponsive,1942.7,1,1,0,0.25,0
CUST_03490,price_sensitive,5973.78,5,4,1,0.6,0
CUST_03491,frequent_failure,4272.38,5,4,1,0.35,0
CUST_03492,reliable,17190.91,9,9,0,0.75,0
CUST_03493,price_sensitive,3561.64,4,4,0,0.6,0
CUST_03494,reliable,12413.97,6,6,0,0.75,0
CUST_03495,unresponsive,9144.11,6,6,0,0.25,0
CUST_03496,unresponsive,6224.77,4,4,0,0.25,0
CUST_03497,unresponsive,357.23,1,1,0,0.25,0
CUST_03498,reliable,15965.97,10,10,0,0.75,0
CUST_03499,occasional,2772.55,3,2,1,0.55,0
CUST_03500,reliable,11944.57,10,9,1,0.75,0
CUST_03501,frequent_failure,3160.83,6,2,4,0.35,0
CUST_03502,reliable,9256.26,6,6,0,0.75,0
CUST_03503,reliable,11378.35,5,5,0,0.75,0
CUST_03504,price_sensitive,2935.94,2,2,0,0.6,0
CUST_03505,occasional,1543.85,6,6,0,0.55,0
CUST_03506,reliable,7561.2,6,6,0,0.75,0
CUST_03507,occasional,6760.08,6,6,0,0.55,0
CUST_03508,unresponsive,6828.34,5,4,1,0.25,0
CUST_03509,occasional,14468.29,8,8,0,0.55,0
CUST_03510,unresponsive,7280.1,6,5,1,0.25,0
CUST_03511,occasional,7406.26,6,6,0,0.55,0
CUST_03512,reliable,7341.33,6,6,0,0.75,0
CUST_03513,occasional,2169.39,4,3,1,0.55,0
CUST_03514,price_sensitive,1378.22,2,2,0,0.6,0
CUST_03515,reliable,11913.38,11,10,1,0.75,0
CUST_03516,occasional,11233.74,9,9,0,0.55,0
CUST_03517,price_sensitive,3974.76,6,5,1,0.6,0
CUST_03518,reliable,26713.15,17,16,1,0.75,0
CUST_03519,reliable,11406.11,6,6,0,0.75,0
CUST_03520,price_sensitive,7563.19,6,6,0,0.6,0
CUST_03521,price_sensitive,1897.23,2,2,0,0.6,0
CUST_03522,occasional,4738.67,4,3,1,0.55,0
CUST_03523,occasional,1302.95,2,1,1,0.55,0
CUST_03524,reliable,14778.03,8,8,0,0.75,0
CUST_03525,price_sensitive,5329.22,5,4,1,0.6,0
CUST_03526,frequent_failure,8697.07,6,5,1,0.35,0
CUST_03527,occasional,10558.75,9,8,1,0.55,0
CUST_03528,reliable,5305.52,5,4,1,0.75,0
CUST_03529,reliable,13632.49,7,7,0,0.75,0
CUST_03530,occasional,5747.55,5,5,0,0.55,0
CUST_03531,price_sensitive,5646.68,4,4,0,0.6,0
CUST_03532,price_sensitive,2545.46,5,4,1,0.6,0
CUST_03533,occasional,7263.99,5,5,0,0.55,0
CUST_03534,price_sensitive,4057.13,4,4,0,0.6,0
CUST_03535,high_value,65688.41,8,7,1,0.8,0
CUST_03536,reliable,24830.96,13,13,0,0.75,0
CUST_03537,high_value,53404.45,7,6,1,0.8,0
CUST_03538,reliable,26546.38,14,12,2,0.75,0
CUST_03539,occasional,7311.35,4,4,0,0.55,0
CUST_03540,unresponsive,6745.12,3,3,0,0.25,0
CUST_03541,frequent_failure,3943.99,6,3,3,0.35,0
CUST_03542,reliable,9131.55,8,8,0,0.75,0
CUST_03543,occasional,7612.95,7,6,1,0.55,0
CUST_03544,high_value,64305.94,8,7,1,0.8,0
CUST_03545,reliable,17004.76,9,8,1,0.75,0
CUST_03546,reliable,22198.3,11,11,0,0.75,0
CUST_03547,reliable,13109.03,10,10,0,0.75,0
CUST_03548,high_value,33314.49,5,5,0,0.8,0
CUST_03549,high_value,24999.57,5,5,0,0.8,0
CUST_03550,reliable,12817.02,6,5,1,0.75,0
CUST_03551,price_sensitive,4766.09,4,4,0,0.6,0
CUST_03552,reliable,11019.91,6,6,0,0.75,0
CUST_03553,frequent_failure,4038.12,6,3,3,0.35,0
CUST_03554,occasional,5331.72,6,5,1,0.55,0
CUST_03555,occasional,1350.55,1,1,0,0.55,0
CUST_03556,high_value,69791.51,8,8,0,0.8,0
CUST_03557,high_value,35259.26,5,5,0,0.8,0
CUST_03558,reliable,18533.82,10,9,1,0.75,0
CUST_03559,occasional,4700.07,4,4,0,0.55,0
CUST_03560,frequent_failure,4483.0,3,3,0,0.35,0
CUST_03561,unresponsive,2240.85,3,1,2,0.25,0
CUST_03562,price_sensitive,4890.0,3,3,0,0.6,0
CUST_03563,high_value,31022.32,4,4,0,0.8,0
CUST_03564,occasional,4640.85,3,3,0,0.55,0
CUST_03565,price_sensitive,4935.48,8,5,3,0.6,0
CUST_03566,frequent_failure,3778.82,5,3,2,0.35,0
CUST_03567,reliable,9718.03,8,8,0,0.75,0
CUST_03568,occasional,4715.62,5,5,0,0.55,0
CUST_03569,occasional,9505.66,6,6,0,0.55,0
CUST_03570,reliable,12163.72,11,11,0,0.75,0
CUST_03571,frequent_failure,2974.75,4,2,2,0.35,0
CUST_03572,unresponsive,10615.5,9,6,3,0.25,0
CUST_03573,occasional,2973.07,2,2,0,0.55,0
CUST_03574,occasional,3227.99,5,2,3,0.55,0
CUST_03575,frequent_failure,2656.25,2,2,0,0.35,0
CUST_03576,reliable,22455.26,10,10,0,0.75,0
CUST_03577,price_sensitive,5973.91,5,5,0,0.6,0
CUST_03578,high_value,37588.04,7,5,2,0.8,0
CUST_03579,reliable,8655.86,5,5,0,0.75,0
CUST_03580,occasional,5554.62,5,5,0,0.55,0
CUST_03581,price_sensitive,4219.54,5,4,1,0.6,0
CUST_03582,unresponsive,8063.27,5,5,0,0.25,0
CUST_03583,occasional,10396.77,6,6,0,0.55,0
CUST_03584,occasional,2426.87,2,2,0,0.55,0
CUST_03585,frequent_failure,8330.09,10,7,3,0.35,0
CUST_03586,frequent_failure,1621.95,5,1,4,0.35,0
CUST_03587,high_value,47619.48,6,6,0,0.8,0
CUST_03588,reliable,19809.07,12,11,1,0.75,0
CUST_03589,frequent_failure,8060.17,12,6,6,0.35,0
CUST_03590,frequent_failure,3639.53,8,4,4,0.35,0
CUST_03591,occasional,2652.41,2,2,0,0.55,0
CUST_03592,reliable,11205.63,6,5,1,0.75,0
CUST_03593,occasional,1215.32,2,1,1,0.55,0
CUST_03594,high_value,21663.28,4,4,0,0.8,0
CUST_03595,high_value,26799.06,6,4,2,0.8,0
CUST_03596,reliable,7367.35,5,5,0,0.75,0
CUST_03597,high_value,100996.48,9,9,0,0.8,0
CUST_03598,unresponsive,2221.79,4,2,2,0.25,0
CUST_03599,high_value,43731.92,8,7,1,0.8,0
CUST_03600,frequent_failure,4646.67,4,3,1,0.35,0
CUST_03601,price_sensitive,3653.6,2,2,0,0.6,0
CUST_03602,reliable,15870.25,7,7,0,0.75,0
CUST_03603,price_sensitive,6363.16,7,6,1,0.6,0
CUST_03604,reliable,12253.77,5,4,1,0.75,0
CUST_03605,occasional,7805.7,5,5,0,0.55,0
CUST_03606,price_sensitive,1266.64,4,2,2,0.6,0
CUST_03607,frequent_failure,9726.89,5,5,0,0.35,0
CUST_03608,price_sensitive,8813.15,7,6,1,0.6,0
CUST_03609,frequent_failure,7948.16,9,6,3,0.35,0
CUST_03610,occasional,2611.78,3,3,0,0.55,0
CUST_03611,price_sensitive,2436.92,3,2,1,0.6,0
CUST_03612,occasional,5002.13,5,4,1,0.55,0
CUST_03613,reliable,15262.57,9,9,0,0.75,0
CUST_03614,occasional,6994.04,8,7,1,0.55,0
CUST_03615,occasional,10752.95,7,6,1,0.55,0
CUST_03616,price_sensitive,3284.47,3,3,0,0.6,0
CUST_03617,price_sensitive,2144.35,3,2,1,0.6,0
CUST_03618,occasional,13537.47,10,10,0,0.55,0
CUST_03619,high_value,32774.96,4,4,0,0.8,0
CUST_03620,unresponsive,3669.21,3,2,1,0.25,0
CUST_03621,reliable,10052.42,7,6,1,0.75,0
CUST_03622,unresponsive,1643.74,1,1,0,0.25,0
CUST_03623,unresponsive,6975.49,4,4,0,0.25,0
CUST_03624,occasional,4346.9,4,3,1,0.55,0
CUST_03625,reliable,17610.21,10,10,0,0.75,0
CUST_03626,reliable,14536.98,8,8,0,0.75,0
CUST_03627,price_sensitive,3159.75,3,2,1,0.6,0
CUST_03628,reliable,10605.32,6,6,0,0.75,0
CUST_03629,high_value,3714.97,2,2,0,0.8,0
CUST_03630,reliable,8419.38,6,6,0,0.75,0
CUST_03631,reliable,30208.12,11,11,0,0.75,0
CUST_03632,reliable,16463.72,8,8,0,0.75,0
CUST_03633,unresponsive,6661.77,4,4,0,0.25,0
CUST_03634,price_sensitive,862.67,2,1,1,0.6,0
CUST_03635,reliable,11059.1,7,5,2,0.75,0
CUST_03636,high_value,36085.31,5,5,0,0.8,0
CUST_03637,reliable,10392.14,7,7,0,0.75,0
CUST_03638,unresponsive,5056.06,5,4,1,0.25,0
CUST_03639,reliable,5383.6,4,4,0,0.75,0
CUST_03640,unresponsive,5317.42,3,3,0,0.25,0
CUST_03641,high_value,54737.86,8,7,1,0.8,0
CUST_03642,unresponsive,8410.31,6,4,2,0.25,0
CUST_03643,high_value,43892.51,7,6,1,0.8,0
CUST_03644,price_sensitive,11615.07,8,7,1,0.6,0
CUST_03645,reliable,17102.0,11,11,0,0.75,0
CUST_03646,high_value,44368.98,8,8,0,0.8,0
CUST_03647,high_value,78342.88,7,7,0,0.8,0
CUST_03648,reliable,15282.13,5,5,0,0.75,0
CUST_03649,price_sensitive,6608.56,4,4,0,0.6,0
CUST_03650,frequent_failure,7852.87,11,6,5,0.35,0
CUST_03651,occasional,13094.02,9,9,0,0.55,0
CUST_03652,frequent_failure,8173.91,10,8,2,0.35,0
CUST_03653,frequent_failure,5245.16,7,5,2,0.35,0
CUST_03654,occasional,3960.57,4,3,1,0.55,0
CUST_03655,price_sensitive,5161.75,5,4,1,0.6,0
CUST_03656,reliable,20308.88,11,11,0,0.75,0
CUST_03657,reliable,17946.37,10,10,0,0.75,0
CUST_03658,price_sensitive,6106.54,8,8,0,0.6,0
CUST_03659,high_value,90127.68,10,9,1,0.8,0
CUST_03660,unresponsive,5318.4,5,3,2,0.25,0
CUST_03661,unresponsive,3656.66,5,3,2,0.25,0
CUST_03662,frequent_failure,6514.87,8,6,2,0.35,0
CUST_03663,high_value,42396.48,6,6,0,0.8,0
CUST_03664,price_sensitive,2109.77,2,2,0,0.6,0
CUST_03665,high_value,10116.42,2,1,1,0.8,0
CUST_03666,occasional,3940.22,4,4,0,0.55,0
CUST_03667,price_sensitive,5545.62,6,6,0,0.6,0
CUST_03668,high_value,24192.47,5,4,1,0.8,0
CUST_03669,frequent_failure,8923.36,5,5,0,0.35,0
CUST_03670,reliable,20323.49,10,10,0,0.75,0
CUST_03671,reliable,12541.1,10,9,1,0.75,0
CUST_03672,price_sensitive,1359.08,1,1,0,0.6,0
CUST_03673,reliable,23740.57,11,10,1,0.75,0
CUST_03674,reliable,13750.52,8,8,0,0.75,0
CUST_03675,occasional,5889.83,4,4,0,0.55,0
CUST_03676,occasional,7103.32,6,6,0,0.55,0
CUST_03677,occasional,1852.15,5,5,0,0.55,0
CUST_03678,price_sensitive,938.56,1,1,0,0.6,0
CUST_03679,reliable,3485.15,4,3,1,0.75,0
CUST_03680,price_sensitive,1457.73,1,1,0,0.6,0
CUST_03681,reliable,20361.77,9,9,0,0.75,0
CUST_03682,occasional,9437.54,8,6,2,0.55,0
CUST_03683,high_value,36184.0,5,5,0,0.8,0
CUST_03684,reliable,7255.05,5,5,0,0.75,0
CUST_03685,reliable,6376.61,4,4,0,0.75,0
CUST_03686,occasional,12084.22,6,6,0,0.55,0
CUST_03687,reliable,13083.34,7,7,0,0.75,0
CUST_03688,frequent_failure,1775.39,7,4,3,0.35,0
CUST_03689,price_sensitive,1499.79,1,1,0,0.6,0
CUST_03690,price_sensitive,5088.35,4,4,0,0.6,0
CUST_03691,occasional,5459.33,6,6,0,0.55,0
CUST_03692,price_sensitive,1294.28,1,1,0,0.6,0
CUST_03693,occasional,1790.05,1,1,0,0.55,0
CUST_03694,high_value,25998.0,5,5,0,0.8,0
CUST_03695,occasional,6962.76,6,5,1,0.55,0
CUST_03696,reliable,3551.45,2,2,0,0.75,0
CUST_03697,reliable,11240.01,7,7,0,0.75,0
CUST_03698,reliable,19803.33,9,9,0,0.75,0
CUST_03699,occasional,1097.22,3,3,0,0.55,0
CUST_03700,occasional,9391.12,5,4,1,0.55,0
CUST_03701,occasional,14463.32,9,8,1,0.55,0
CUST_03702,reliable,18544.61,9,8,1,0.75,0
CUST_03703,reliable,12610.02,9,9,0,0.75,0
CUST_03704,reliable,15983.23,8,8,0,0.75,0
CUST_03705,occasional,1381.42,2,1,1,0.55,0
CUST_03706,occasional,6082.64,4,4,0,0.55,0
CUST_03707,reliable,32234.88,16,16,0,0.75,0
CUST_03708,high_value,70660.45,8,8,0,0.8,0
CUST_03709,occasional,5336.85,3,3,0,0.55,0
CUST_03710,frequent_failure,8917.71,8,8,0,0.35,0
CUST_03711,unresponsive,4288.44,3,3,0,0.25,0
CUST_03712,frequent_failure,8103.29,14,8,6,0.35,0
CUST_03713,reliable,16645.05,10,10,0,0.75,0
CUST_03714,price_sensitive,1725.93,2,2,0,0.6,0
CUST_03715,occasional,11284.11,11,9,2,0.55,0
CUST_03716,frequent_failure,6363.97,11,6,5,0.35,0
CUST_03717,price_sensitive,2490.99,6,5,1,0.6,0
CUST_03718,price_sensitive,1467.48,1,1,0,0.6,0
CUST_03719,frequent_failure,10467.9,13,7,6,0.35,0
CUST_03720,price_sensitive,2997.13,3,3,0,0.6,0
CUST_03721,occasional,8133.68,7,7,0,0.55,0
CUST_03722,frequent_failure,4602.28,6,4,2,0.35,0
CUST_03723,frequent_failure,565.3,1,1,0,0.35,0
CUST_03724,occasional,2662.66,2,2,0,0.55,0
CUST_03725,occasional,5151.61,4,4,0,0.55,0
CUST_03726,reliable,10534.07,6,6,0,0.75,0
CUST_03727,frequent_failure,3503.44,6,3,3,0.35,0
CUST_03728,unresponsive,7596.41,5,5,0,0.25,0
CUST_03729,occasional,9343.26,6,5,1,0.55,0
CUST_03730,unresponsive,4483.0,4,3,1,0.25,0
CUST_03731,occasional,6627.82,5,5,0,0.55,0
CUST_03732,reliable,33210.92,12,11,1,0.75,0
CUST_03733,unresponsive,7123.71,7,7,0,0.25,0
CUST_03734,reliable,6797.95,5,3,2,0.75,0
CUST_03735,occasional,14205.13,6,6,0,0.55,0
CUST_03736,frequent_failure,3833.78,3,2,1,0.35,0
CUST_03737,reliable,8791.06,4,4,0,0.75,0
CUST_03738,frequent_failure,3899.34,8,3,5,0.35,0
CUST_03739,occasional,1155.63,3,1,2,0.55,0
CUST_03740,reliable,14757.46,8,6,2,0.75,0
CUST_03741,reliable,22755.58,15,14,1,0.75,0
CUST_03742,price_sensitive,3730.25,6,5,1,0.6,0
CUST_03743,high_value,52428.7,9,9,0,0.8,0
CUST_03744,unresponsive,3297.0,2,2,0,0.25,0
CUST_03745,occasional,6508.66,6,6,0,0.55,0
CUST_03746,reliable,20662.24,14,14,0,0.75,0
CUST_03747,occasional,9416.58,9,7,2,0.55,0
CUST_03748,high_value,41546.74,8,8,0,0.8,0
CUST_03749,frequent_failure,8871.38,7,5,2,0.35,0
CUST_03750,high_value,115059.19,13,12,1,0.8,0
CUST_03751,price_sensitive,7852.42,5,5,0,0.6,0
CUST_03752,frequent_failure,4946.78,6,4,2,0.35,0
CUST_03753,high_value,73541.31,16,12,4,0.8,0
CUST_03754,reliable,10377.7,7,7,0,0.75,0
CUST_03755,occasional,4969.13,5,4,1,0.55,0
CUST_03756,occasional,8624.5,6,6,0,0.55,0
CUST_03757,reliable,14960.8,7,7,0,0.75,0
CUST_03758,reliable,13157.26,6,5,1,0.75,0
CUST_03759,high_value,31168.57,6,6,0,0.8,0
CUST_03760,price_sensitive,5446.65,6,5,1,0.6,0
CUST_03761,price_sensitive,785.46,1,1,0,0.6,0
CUST_03762,reliable,10506.36,6,6,0,0.75,0
CUST_03763,reliable,13286.41,10,9,1,0.75,0
CUST_03764,occasional,4404.51,3,3,0,0.55,0
CUST_03765,price_sensitive,3008.6,4,2,2,0.6,0
CUST_03766,occasional,10000.07,5,5,0,0.55,0
CUST_03767,reliable,7481.44,5,4,1,0.75,0
CUST_03768,price_sensitive,4392.27,4,4,0,0.6,0
CUST_03769,occasional,5789.35,4,4,0,0.55,0
CUST_03770,price_sensitive,5037.8,6,5,1,0.6,0
CUST_03771,price_sensitive,4580.4,5,4,1,0.6,0
CUST_03772,high_value,59461.74,9,9,0,0.8,0
CUST_03773,price_sensitive,13014.14,11,10,1,0.6,0
CUST_03774,high_value,15798.22,2,2,0,0.8,0
CUST_03775,reliable,16749.5,11,11,0,0.75,0
CUST_03776,frequent_failure,6462.5,5,4,1,0.35,0
CUST_03777,reliable,22766.7,9,9,0,0.75,0
CUST_03778,high_value,29368.3,4,4,0,0.8,0
CUST_03779,occasional,12236.25,10,7,3,0.55,0
CUST_03780,reliable,12397.79,5,5,0,0.75,0
CUST_03781,high_value,20410.41,5,4,1,0.8,0
CUST_03782,occasional,10959.62,6,6,0,0.55,0
CUST_03783,occasional,973.68,1,1,0,0.55,0
CUST_03784,price_sensitive,5020.27,4,4,0,0.6,0
CUST_03785,occasional,8973.12,6,6,0,0.55,0
CUST_03786,occasional,872.36,1,1,0,0.55,0
CUST_03787,reliable,12886.71,8,8,0,0.75,0
CUST_03788,occasional,10048.86,7,7,0,0.55,0
CUST_03789,high_value,36482.6,8,7,1,0.8,0
CUST_03790,occasional,3295.84,3,3,0,0.55,0
CUST_03791,frequent_failure,8086.37,5,5,0,0.35,0
CUST_03792,reliable,10509.09,5,5,0,0.75,0
CUST_03793,price_sensitive,1360.63,3,1,2,0.6,0
CUST_03794,frequent_failure,2274.27,3,2,1,0.35,0
CUST_03795,high_value,58320.12,8,8,0,0.8,0
CUST_03796,high_value,35916.73,4,4,0,0.8,0
CUST_03797,occasional,7042.54,8,4,4,0.55,0
CUST_03798,frequent_failure,3570.72,5,3,2,0.35,0
CUST_03799,price_sensitive,7464.78,6,6,0,0.6,0
CUST_03800,price_sensitive,3800.2,4,4,0,0.6,0
CUST_03801,reliable,14927.2,9,9,0,0.75,0
CUST_03802,reliable,20836.38,11,11,0,0.75,0
CUST_03803,price_sensitive,5667.68,6,5,1,0.6,0
CUST_03804,occasional,10090.44,7,7,0,0.55,0
CUST_03805,frequent_failure,8684.39,8,6,2,0.35,0
CUST_03806,occasional,11172.94,8,8,0,0.55,0
CUST_03807,high_value,52226.59,6,6,0,0.8,0
CUST_03808,frequent_failure,1588.84,6,2,4,0.35,0
CUST_03809,occasional,7521.32,5,5,0,0.55,0
CUST_03810,occasional,3329.05,3,3,0,0.55,0
CUST_03811,price_sensitive,3409.88,3,3,0,0.6,0
CUST_03812,occasional,8872.92,9,7,2,0.55,0
CUST_03813,reliable,23881.34,10,10,0,0.75,0
CUST_03814,reliable,5082.74,4,4,0,0.75,0
CUST_03815,unresponsive,9977.65,6,5,1,0.25,0
CUST_03816,reliable,3992.18,5,5,0,0.75,0
CUST_03817,reliable,10783.5,6,5,1,0.75,0
CUST_03818,high_value,16133.71,2,2,0,0.8,0
CUST_03819,unresponsive,6640.91,3,3,0,0.25,0
CUST_03820,unresponsive,4211.78,6,4,2,0.25,0
CUST_03821,frequent_failure,5254.87,5,3,2,0.35,0
CUST_03822,frequent_failure,5975.06,8,6,2,0.35,0
CUST_03823,occasional,4094.54,4,4,0,0.55,0
CUST_03824,occasional,1115.12,1,1,0,0.55,0
CUST_03825,reliable,3559.0,3,2,1,0.75,0
CUST_03826,reliable,15353.02,9,9,0,0.75,0
CUST_03827,reliable,19664.62,9,9,0,0.75,0
CUST_03828,high_value,18068.16,6,6,0,0.8,0
CUST_03829,occasional,4332.41,4,4,0,0.55,0
CUST_03830,occasional,6074.3,7,7,0,0.55,0
CUST_03831,reliable,6892.21,3,3,0,0.75,0
CUST_03832,price_sensitive,1311.52,3,2,1,0.6,0
CUST_03833,reliable,11635.37,6,6,0,0.75,0
CUST_03834,price_sensitive,4879.26,4,4,0,0.6,0
CUST_03835,frequent_failure,6003.89,5,4,1,0.35,0
CUST_03836,occasional,1708.58,3,1,2,0.55,0
CUST_03837,occasional,5025.49,5,4,1,0.55,0
CUST_03838,price_sensitive,1576.09,2,2,0,0.6,0
CUST_03839,occasional,8696.42,6,4,2,0.55,0
CUST_03840,price_sensitive,1382.74,2,1,1,0.6,0
CUST_03841,price_sensitive,3269.57,3,2,1,0.6,0
CUST_03842,occasional,8183.59,8,8,0,0.55,0
CUST_03843,occasional,5172.67,5,4,1,0.55,0
CUST_03844,occasional,5347.77,5,4,1,0.55,0
CUST_03845,reliable,6543.93,5,5,0,0.75,0
CUST_03846,reliable,16619.48,9,9,0,0.75,0
CUST_03847,reliable,10174.03,5,5,0,0.75,0
CUST_03848,high_value,35241.34,8,7,1,0.8,0
CUST_03849,occasional,2180.43,4,2,2,0.55,0
CUST_03850,unresponsive,1107.76,1,1,0,0.25,0
CUST_03851,reliable,15055.84,8,8,0,0.75,0
CUST_03852,high_value,36764.55,6,6,0,0.8,0
CUST_03853,unresponsive,16538.75,10,9,1,0.25,0
CUST_03854,occasional,7360.46,6,4,2,0.55,0
CUST_03855,occasional,4810.38,7,7,0,0.55,0
CUST_03856,occasional,5672.44,5,4,1,0.55,0
CUST_03857,price_sensitive,2899.74,4,4,0,0.6,0
CUST_03858,reliable,6157.69,4,3,1,0.75,0
CUST_03859,price_sensitive,889.72,1,1,0,0.6,0
CUST_03860,unresponsive,5399.82,4,4,0,0.25,0
CUST_03861,unresponsive,2728.67,2,2,0,0.25,0
CUST_03862,reliable,10603.69,6,6,0,0.75,0
CUST_03863,occasional,9150.03,7,6,1,0.55,0
CUST_03864,reliable,7405.43,5,5,0,0.75,0
CUST_03865,unresponsive,8770.83,5,5,0,0.25,0
CUST_03866,reliable,9107.1,6,5,1,0.75,0
CUST_03867,reliable,14872.56,8,8,0,0.75,0
CUST_03868,reliable,33812.21,14,14,0,0.75,0
CUST_03869,occasional,7234.03,5,5,0,0.55,0
CUST_03870,reliable,30642.03,13,13,0,0.75,0
CUST_03871,price_sensitive,1614.81,4,2,2,0.6,0
CUST_03872,occasional,2971.93,3,2,1,0.55,0
CUST_03873,price_sensitive,2215.41,4,2,2,0.6,0
CUST_03874,frequent_failure,6342.4,4,4,0,0.35,0
CUST_03875,price_sensitive,9251.18,9,8,1,0.6,0
CUST_03876,occasional,8152.45,6,5,1,0.55,0
CUST_03877,frequent_failure,3812.55,7,5,2,0.35,0
CUST_03878,occasional,5584.82,4,4,0,0.55,0
CUST_03879,high_value,9019.89,2,1,1,0.8,0
CUST_03880,occasional,1550.63,2,1,1,0.55,0
CUST_03881,reliable,17334.1,11,11,0,0.75,0
CUST_03882,high_value,92813.81,9,9,0,0.8,0
CUST_03883,high_value,39499.6,7,6,1,0.8,0
CUST_03884,reliable,15307.14,7,7,0,0.75,0
CUST_03885,occasional,5070.01,3,3,0,0.55,0
CUST_03886,occasional,5864.37,5,5,0,0.55,0
CUST_03887,occasional,6991.05,7,5,2,0.55,0
CUST_03888,occasional,7207.68,6,6,0,0.55,0
CUST_03889,price_sensitive,17488.68,12,11,1,0.6,0
CUST_03890,unresponsive,1697.74,2,2,0,0.25,0
CUST_03891,unresponsive,3503.86,2,2,0,0.25,0
CUST_03892,price_sensitive,7676.01,5,5,0,0.6,0
CUST_03893,reliable,14664.73,10,9,1,0.75,0
CUST_03894,occasional,11483.17,8,8,0,0.55,0
CUST_03895,occasional,8441.74,5,5,0,0.55,0
CUST_03896,reliable,25212.11,14,13,1,0.75,0
CUST_03897,frequent_failure,8979.82,9,6,3,0.35,0
CUST_03898,price_sensitive,6091.8,5,5,0,0.6,0
CUST_03899,frequent_failure,3607.21,4,2,2,0.35,0
CUST_03900,high_value,54777.29,5,5,0,0.8,0
CUST_03901,occasional,6406.17,6,4,2,0.55,0
CUST_03902,occasional,4297.09,4,4,0,0.55,0
CUST_03903,reliable,15010.27,8,8,0,0.75,0
CUST_03904,occasional,9323.63,7,7,0,0.55,0
CUST_03905,reliable,6248.12,5,5,0,0.75,0
CUST_03906,occasional,1611.19,2,2,0,0.55,0
CUST_03907,reliable,13743.4,9,9,0,0.75,0
CUST_03908,reliable,18501.98,9,9,0,0.75,0
CUST_03909,frequent_failure,5931.77,8,5,3,0.35,0
CUST_03910,occasional,2835.12,3,3,0,0.55,0
CUST_03911,occasional,3986.14,4,2,2,0.55,0
CUST_03912,occasional,8293.65,6,6,0,0.55,0
CUST_03913,reliable,7765.17,8,8,0,0.75,0
CUST_03914,frequent_failure,941.55,4,1,3,0.35,0
CUST_03915,occasional,3042.87,4,3,1,0.55,0
CUST_03916,high_value,65291.12,6,6,0,0.8,0
CUST_03917,occasional,1550.49,1,1,0,0.55,0
CUST_03918,unresponsive,9223.34,5,5,0,0.25,0
CUST_03919,unresponsive,4822.54,5,4,1,0.25,0
CUST_03920,reliable,7020.52,4,4,0,0.75,0
CUST_03921,occasional,10827.49,7,7,0,0.55,0
CUST_03922,reliable,13704.23,8,8,0,0.75,0
CUST_03923,price_sensitive,5953.44,6,5,1,0.6,0
CUST_03924,occasional,1885.18,2,2,0,0.55,0
CUST_03925,price_sensitive,5293.68,5,5,0,0.6,0
CUST_03926,unresponsive,1841.4,3,1,2,0.25,0
CUST_03927,occasional,4875.29,4,3,1,0.55,0
CUST_03928,occasional,942.27,2,2,0,0.55,0
CUST_03929,frequent_failure,2232.04,5,2,3,0.35,0
CUST_03930,occasional,6173.09,4,4,0,0.55,0
CUST_03931,occasional,9274.9,6,6,0,0.55,0
CUST_03932,unresponsive,2668.82,2,2,0,0.25,0
CUST_03933,occasional,1466.79,2,1,1,0.55,0
CUST_03934,occasional,7602.87,5,5,0,0.55,0
CUST_03935,price_sensitive,4159.57,6,4,2,0.6,0
CUST_03936,occasional,4769.52,5,5,0,0.55,0
CUST_03937,reliable,12254.92,10,9,1,0.75,0
CUST_03938,reliable,25451.06,11,11,0,0.75,0
CUST_03939,reliable,18644.4,10,9,1,0.75,0
CUST_03940,price_sensitive,3745.61,3,3,0,0.6,0
CUST_03941,reliable,5755.47,3,3,0,0.75,0
CUST_03942,reliable,13930.83,7,7,0,0.75,0
CUST_03943,occasional,3002.89,4,2,2,0.55,0
CUST_03944,high_value,15795.02,4,3,1,0.8,0
CUST_03945,reliable,9610.61,7,7,0,0.75,0
CUST_03946,reliable,13474.23,7,6,1,0.75,0
CUST_03947,unresponsive,2171.46,1,1,0,0.25,0
CUST_03948,high_value,27991.15,4,4,0,0.8,0
CUST_03949,occasional,4555.09,5,5,0,0.55,0
CUST_03950,occasional,9251.0,5,5,0,0.55,0
CUST_03951,reliable,20077.92,9,9,0,0.75,0
CUST_03952,reliable,5040.13,4,3,1,0.75,0
CUST_03953,unresponsive,2584.12,4,2,2,0.25,0
CUST_03954,reliable,6107.5,5,5,0,0.75,0
CUST_03955,reliable,5043.66,4,3,1,0.75,0
CUST_03956,price_sensitive,7998.07,7,6,1,0.6,0
CUST_03957,reliable,8702.68,6,6,0,0.75,0
CUST_03958,price_sensitive,3204.6,4,4,0,0.6,0
CUST_03959,reliable,8722.34,6,6,0,0.75,0
CUST_03960,price_sensitive,6824.31,5,5,0,0.6,0
CUST_03961,reliable,2212.71,1,1,0,0.75,0
CUST_03962,reliable,16477.83,7,7,0,0.75,0
CUST_03963,reliable,18582.87,11,11,0,0.75,0
CUST_03964,frequent_failure,10145.46,10,8,2,0.35,0
CUST_03965,price_sensitive,3461.58,3,3,0,0.6,0
CUST_03966,price_sensitive,4086.72,5,4,1,0.6,0
CUST_03967,reliable,15949.61,6,6,0,0.75,0
CUST_03968,high_value,28511.91,7,7,0,0.8,0
CUST_03969,price_sensitive,5600.11,5,5,0,0.6,0
CUST_03970,reliable,18409.92,11,10,1,0.75,0
CUST_03971,reliable,10951.18,5,5,0,0.75,0
CUST_03972,occasional,5509.92,5,5,0,0.55,0
CUST_03973,frequent_failure,11408.7,11,9,2,0.35,0
CUST_03974,unresponsive,2997.82,3,2,1,0.25,0
CUST_03975,reliable,18759.96,7,7,0,0.75,0
CUST_03976,unresponsive,15461.61,7,7,0,0.25,0
CUST_03977,price_sensitive,5296.89,6,5,1,0.6,0
CUST_03978,high_value,56504.83,7,7,0,0.8,0
CUST_03979,unresponsive,5900.14,4,4,0,0.25,0
CUST_03980,reliable,10649.28,7,7,0,0.75,0
CUST_03981,price_sensitive,3528.19,5,5,0,0.6,0
CUST_03982,reliable,14974.17,11,9,2,0.75,0
CUST_03983,high_value,42277.16,6,6,0,0.8,0
CUST_03984,occasional,6032.04,4,4,0,0.55,0
CUST_03985,occasional,14961.44,10,9,1,0.55,0
CUST_03986,price_sensitive,3710.41,3,3,0,0.6,0
CUST_03987,reliable,20638.44,10,10,0,0.75,0
CUST_03988,occasional,4982.21,3,3,0,0.55,0
CUST_03989,reliable,11833.26,8,7,1,0.75,0
CUST_03990,reliable,8194.31,4,4,0,0.75,0
CUST_03991,unresponsive,8151.72,4,4,0,0.25,0
CUST_03992,occasional,8100.19,10,9,1,0.55,0
CUST_03993,occasional,5856.17,3,3,0,0.55,0
CUST_03994,reliable,23434.52,12,12,0,0.75,0
CUST_03995,reliable,12001.57,5,5,0,0.75,0
CUST_03996,occasional,1287.74,1,1,0,0.55,0
CUST_03997,price_sensitive,4614.21,4,3,1,0.6,0
CUST_03998,reliable,16229.5,9,9,0,0.75,0
CUST_03999,high_value,21127.59,5,5,0,0.8,0
CUST_04000,occasional,4042.79,4,4,0,0.55,0
CUST_04001,reliable,12041.57,9,7,2,0.75,0
CUST_04002,occasional,5984.96,5,4,1,0.55,0
CUST_04003,reliable,15818.96,12,10,2,0.75,0
CUST_04004,price_sensitive,4312.65,5,3,2,0.6,0
CUST_04005,unresponsive,8159.52,7,4,3,0.25,0
CUST_04006,unresponsive,5149.95,4,3,1,0.25,0
CUST_04007,high_value,44651.48,7,7,0,0.8,0
CUST_04008,price_sensitive,5550.52,5,5,0,0.6,0
CUST_04009,occasional,17007.1,11,10,1,0.55,0
CUST_04010,occasional,7508.87,6,5,1,0.55,0
CUST_04011,reliable,16942.85,11,11,0,0.75,0
CUST_04012,occasional,13824.16,9,9,0,0.55,0
CUST_04013,reliable,14432.43,8,7,1,0.75,0
CUST_04014,unresponsive,13477.52,10,8,2,0.25,0
CUST_04015,high_value,5770.02,1,1,0,0.8,0
CUST_04016,occasional,1954.38,3,2,1,0.55,0
CUST_04017,price_sensitive,2575.72,5,2,3,0.6,0
CUST_04018,high_value,25854.22,4,4,0,0.8,0
CUST_04019,high_value,52872.07,8,7,1,0.8,0
CUST_04020,price_sensitive,5843.34,4,4,0,0.6,0
CUST_04021,reliable,13717.56,7,7,0,0.75,0
CUST_04022,reliable,17637.71,11,10,1,0.75,0
CUST_04023,occasional,3276.26,2,2,0,0.55,0
CUST_04024,reliable,9632.2,8,8,0,0.75,0
CUST_04025,unresponsive,5182.42,4,4,0,0.25,0
CUST_04026,reliable,24112.41,14,13,1,0.75,0
CUST_04027,unresponsive,1755.21,1,1,0,0.25,0
CUST_04028,occasional,13355.2,12,10,2,0.55,0
CUST_04029,reliable,12871.61,9,9,0,0.75,0
CUST_04030,high_value,29218.32,7,6,1,0.8,0
CUST_04031,high_value,56725.75,7,7,0,0.8,0
CUST_04032,price_sensitive,2529.54,4,3,1,0.6,0
CUST_04033,reliable,6632.29,4,4,0,0.75,0
CUST_04034,reliable,11533.39,8,8,0,0.75,0
CUST_04035,price_sensitive,0.0,2,0,2,0.6,0
CUST_04036,price_sensitive,4173.25,6,5,1,0.6,0
CUST_04037,occasional,5246.58,3,3,0,0.55,0
CUST_04038,occasional,11846.39,13,13,0,0.55,0
CUST_04039,reliable,11622.06,8,7,1,0.75,0
CUST_04040,price_sensitive,7833.98,7,6,1,0.6,0
CUST_04041,reliable,14576.12,8,8,0,0.75,0
CUST_04042,unresponsive,4016.07,3,2,1,0.25,0
CUST_04043,occasional,7499.46,6,5,1,0.55,0
CUST_04044,occasional,2779.37,2,2,0,0.55,0
CUST_04045,reliable,16964.32,8,8,0,0.75,0
CUST_04046,price_sensitive,4696.72,6,6,0,0.6,0
CUST_04047,high_value,15924.21,2,2,0,0.8,0
CUST_04048,occasional,6848.53,6,5,1,0.55,0
CUST_04049,high_value,45853.19,6,6,0,0.8,0
CUST_04050,occasional,4892.52,5,3,2,0.55,0
CUST_04051,occasional,5928.88,3,3,0,0.55,0
CUST_04052,price_sensitive,3121.25,7,5,2,0.6,0
CUST_04053,reliable,23638.92,9,8,1,0.75,0
CUST_04054,occasional,2697.48,3,2,1,0.55,0
CUST_04055,occasional,2354.92,3,3,0,0.55,0
CUST_04056,high_value,4191.32,2,1,1,0.8,0
CUST_04057,high_value,32184.22,7,6,1,0.8,0
CUST_04058,unresponsive,5897.96,7,5,2,0.25,0
CUST_04059,price_sensitive,2331.68,3,3,0,0.6,0
CUST_04060,high_value,39080.58,5,5,0,0.8,0
CUST_04061,occasional,5311.59,5,4,1,0.55,0
CUST_04062,price_sensitive,4396.08,5,4,1,0.6,0
CUST_04063,reliable,10462.55,7,7,0,0.75,0
CUST_04064,reliable,12831.59,11,11,0,0.75,0
CUST_04065,occasional,2176.37,3,2,1,0.55,0
CUST_04066,occasional,10656.6,8,8,0,0.55,0
CUST_04067,price_sensitive,1738.84,1,1,0,0.6,0
CUST_04068,price_sensitive,3659.2,3,3,0,0.6,0
CUST_04069,high_value,41660.13,6,6,0,0.8,0
CUST_04070,reliable,12685.96,6,6,0,0.75,0
CUST_04071,frequent_failure,6232.52,9,5,4,0.35,0
CUST_04072,reliable,7980.69,5,4,1,0.75,0
CUST_04073,reliable,21540.98,9,9,0,0.75,0
CUST_04074,reliable,8827.14,5,5,0,0.75,0
CUST_04075,frequent_failure,4037.22,3,3,0,0.35,0
CUST_04076,occasional,1580.63,1,1,0,0.55,0
CUST_04077,reliable,10911.62,7,7,0,0.75,0
CUST_04078,reliable,14013.06,8,8,0,0.75,0
CUST_04079,reliable,12207.54,5,5,0,0.75,0
CUST_04080,reliable,8691.02,5,5,0,0.75,0
CUST_04081,occasional,11279.27,6,5,1,0.55,0
CUST_04082,frequent_failure,2024.01,5,2,3,0.35,0
CUST_04083,price_sensitive,7709.86,7,6,1,0.6,0
CUST_04084,occasional,13068.36,8,8,0,0.55,0
CUST_04085,high_value,19093.53,3,3,0,0.8,0
CUST_04086,price_sensitive,2041.96,3,3,0,0.6,0
CUST_04087,frequent_failure,2739.94,8,4,4,0.35,0
CUST_04088,unresponsive,6033.79,5,4,1,0.25,0
CUST_04089,price_sensitive,2051.89,3,2,1,0.6,0
CUST_04090,occasional,3985.2,5,5,0,0.55,0
CUST_04091,reliable,18160.91,9,8,1,0.75,0
CUST_04092,price_sensitive,3544.26,8,8,0,0.6,0
CUST_04093,unresponsive,3143.92,2,2,0,0.25,0
CUST_04094,reliable,9274.4,6,5,1,0.75,0
CUST_04095,reliable,12662.59,6,6,0,0.75,0
CUST_04096,price_sensitive,1556.68,3,2,1,0.6,0
CUST_04097,occasional,16928.75,11,11,0,0.55,0
CUST_04098,reliable,10920.14,6,6,0,0.75,0
CUST_04099,reliable,10073.24,6,6,0,0.75,0
CUST_04100,reliable,12593.32,6,6,0,0.75,0
CUST_04101,reliable,14371.24,9,8,1,0.75,0
CUST_04102,reliable,22932.78,13,13,0,0.75,0
CUST_04103,reliable,9120.37,4,4,0,0.75,0
CUST_04104,frequent_failure,8365.32,8,7,1,0.35,0
CUST_04105,high_value,27291.97,3,3,0,0.8,0
CUST_04106,occasional,4395.55,4,3,1,0.55,0
CUST_04107,occasional,6195.22,6,4,2,0.55,0
CUST_04108,price_sensitive,2764.45,4,3,1,0.6,0
CUST_04109,occasional,6625.8,6,3,3,0.55,0
CUST_04110,high_value,47605.09,8,7,1,0.8,0
CUST_04111,reliable,20741.17,11,11,0,0.75,0
CUST_04112,reliable,27161.2,9,9,0,0.75,0
CUST_04113,reliable,25120.54,12,11,1,0.75,0
CUST_04114,unresponsive,3361.65,5,3,2,0.25,0
CUST_04115,frequent_failure,3421.38,5,4,1,0.35,0
CUST_04116,occasional,7424.04,4,4,0,0.55,0
CUST_04117,frequent_failure,12247.84,10,7,3,0.35,0
CUST_04118,reliable,12294.43,7,7,0,0.75,0
CUST_04119,price_sensitive,2948.34,2,2,0,0.6,0
CUST_04120,reliable,24996.63,16,16,0,0.75,0
CUST_04121,frequent_failure,7040.42,7,5,2,0.35,0
CUST_04122,price_sensitive,7225.26,4,4,0,0.6,0
CUST_04123,reliable,8560.84,5,5,0,0.75,0
CUST_04124,occasional,4630.36,4,3,1,0.55,0
CUST_04125,reliable,8600.67,6,5,1,0.75,0
CUST_04126,reliable,888.29,2,1,1,0.75,0
CUST_04127,reliable,4190.47,2,2,0,0.75,0
CUST_04128,frequent_failure,2777.54,4,2,2,0.35,0
CUST_04129,unresponsive,13245.62,7,6,1,0.25,0
CUST_04130,frequent_failure,8463.94,7,5,2,0.35,0
CUST_04131,unresponsive,10166.44,6,5,1,0.25,0
CUST_04132,unresponsive,3873.24,3,2,1,0.25,0
CUST_04133,price_sensitive,2192.68,2,2,0,0.6,0
CUST_04134,price_sensitive,3363.82,4,3,1,0.6,0
CUST_04135,frequent_failure,5581.37,9,4,5,0.35,0
CUST_04136,price_sensitive,9008.29,9,9,0,0.6,0
CUST_04137,high_value,64587.65,9,8,1,0.8,0
CUST_04138,high_value,77079.66,11,10,1,0.8,0
CUST_04139,frequent_failure,8163.76,8,6,2,0.35,0
CUST_04140,occasional,3446.11,2,2,0,0.55,0
CUST_04141,occasional,2565.4,3,3,0,0.55,0
CUST_04142,price_sensitive,8416.59,6,6,0,0.6,0
CUST_04143,reliable,8864.84,7,6,1,0.75,0
CUST_04144,reliable,13249.22,8,8,0,0.75,0
CUST_04145,reliable,7406.65,4,4,0,0.75,0
CUST_04146,price_sensitive,3196.75,2,2,0,0.6,0
CUST_04147,frequent_failure,1163.35,4,1,3,0.35,0
CUST_04148,price_sensitive,5017.96,6,5,1,0.6,0
CUST_04149,reliable,7014.29,4,4,0,0.75,0
CUST_04150,occasional,11117.23,9,8,1,0.55,0
CUST_04151,frequent_failure,4599.31,5,3,2,0.35,0
CUST_04152,occasional,4426.7,4,3,1,0.55,0
CUST_04153,reliable,2583.44,3,3,0,0.75,0
CUST_04154,unresponsive,1664.54,2,1,1,0.25,0
CUST_04155,reliable,9591.28,6,6,0,0.75,0
CUST_04156,reliable,24924.83,15,15,0,0.75,0
CUST_04157,price_sensitive,5432.43,5,4,1,0.6,0
CUST_04158,unresponsive,7363.6,5,5,0,0.25,0
CUST_04159,reliable,16902.54,9,9,0,0.75,0
CUST_04160,frequent_failure,5065.72,8,5,3,0.35,0
CUST_04161,occasional,9682.84,5,5,0,0.55,0
CUST_04162,occasional,4493.09,6,6,0,0.55,0
CUST_04163,unresponsive,3786.56,4,3,1,0.25,0
CUST_04164,reliable,9725.27,5,5,0,0.75,0
CUST_04165,frequent_failure,6138.29,8,5,3,0.35,0
CUST_04166,price_sensitive,3672.86,3,3,0,0.6,0
CUST_04167,frequent_failure,14428.72,14,10,4,0.35,0
CUST_04168,occasional,6310.26,6,5,1,0.55,0
CUST_04169,reliable,15336.0,9,9,0,0.75,0
CUST_04170,high_value,37544.62,8,7,1,0.8,0
CUST_04171,unresponsive,20873.11,9,8,1,0.25,0
CUST_04172,reliable,11951.5,12,12,0,0.75,0
CUST_04173,reliable,17376.17,10,10,0,0.75,0
CUST_04174,reliable,6198.14,7,7,0,0.75,0
CUST_04175,price_sensitive,2409.96,3,2,1,0.6,0
CUST_04176,reliable,9005.95,4,4,0,0.75,0
CUST_04177,reliable,16319.22,9,9,0,0.75,0
CUST_04178,frequent_failure,9335.82,9,8,1,0.35,0
CUST_04179,price_sensitive,7703.54,9,8,1,0.6,0
CUST_04180,price_sensitive,2479.2,4,3,1,0.6,0
CUST_04181,price_sensitive,2331.11,3,3,0,0.6,0
CUST_04182,high_value,14710.23,6,4,2,0.8,0
CUST_04183,occasional,10188.35,6,6,0,0.55,0
CUST_04184,reliable,12735.96,6,6,0,0.75,0
CUST_04185,occasional,3003.07,4,3,1,0.55,0
CUST_04186,price_sensitive,5714.25,7,4,3,0.6,0
CUST_04187,occasional,901.78,2,1,1,0.55,0
CUST_04188,frequent_failure,6725.44,10,7,3,0.35,0
CUST_04189,unresponsive,3042.15,2,2,0,0.25,0
CUST_04190,unresponsive,5327.16,5,3,2,0.25,0
CUST_04191,occasional,2204.62,4,2,2,0.55,0
CUST_04192,frequent_failure,6112.84,7,5,2,0.35,0
CUST_04193,frequent_failure,2970.0,11,3,8,0.35,0
CUST_04194,reliable,14837.26,11,10,1,0.75,0
CUST_04195,reliable,11979.25,9,9,0,0.75,0
CUST_04196,price_sensitive,3394.03,3,3,0,0.6,0
CUST_04197,reliable,17570.56,7,7,0,0.75,0
CUST_04198,high_value,53123.36,5,5,0,0.8,0
CUST_04199,occasional,4143.19,3,2,1,0.55,0
CUST_04200,occasional,4176.13,6,4,2,0.55,0
CUST_04201,occasional,2280.29,3,2,1,0.55,0
CUST_04202,occasional,11420.12,8,8,0,0.55,0
CUST_04203,price_sensitive,1930.15,3,2,1,0.6,0
CUST_04204,reliable,5606.29,4,4,0,0.75,0
CUST_04205,frequent_failure,4930.06,8,4,4,0.35,0
CUST_04206,price_sensitive,7429.16,8,7,1,0.6,0
CUST_04207,occasional,5634.16,3,3,0,0.55,0
CUST_04208,price_sensitive,858.73,1,1,0,0.6,0
CUST_04209,reliable,7790.01,5,5,0,0.75,0
CUST_04210,reliable,13514.78,13,12,1,0.75,0
CUST_04211,price_sensitive,2689.03,2,2,0,0.6,0
CUST_04212,occasional,6124.58,5,5,0,0.55,0
CUST_04213,price_sensitive,5562.82,6,5,1,0.6,0
CUST_04214,reliable,9174.1,7,6,1,0.75,0
CUST_04215,occasional,6073.87,4,3,1,0.55,0
CUST_04216,reliable,5691.0,3,3,0,0.75,0
CUST_04217,occasional,10457.16,6,6,0,0.55,0
CUST_04218,price_sensitive,6139.22,4,4,0,0.6,0
CUST_04219,occasional,6100.28,6,5,1,0.55,0
CUST_04220,occasional,1385.15,1,1,0,0.55,0
CUST_04221,reliable,19275.9,10,10,0,0.75,0
CUST_04222,high_value,45631.59,7,7,0,0.8,0
CUST_04223,occasional,4811.76,5,3,2,0.55,0
CUST_04224,unresponsive,6177.15,3,3,0,0.25,0
CUST_04225,reliable,15923.0,12,12,0,0.75,0
CUST_04226,reliable,4080.89,4,4,0,0.75,0
CUST_04227,reliable,26317.11,13,13,0,0.75,0
CUST_04228,price_sensitive,4772.13,5,4,1,0.6,0
CUST_04229,reliable,17048.23,9,9,0,0.75,0
CUST_04230,reliable,20883.97,9,9,0,0.75,0
CUST_04231,reliable,25866.19,13,13,0,0.75,0
CUST_04232,reliable,28443.04,12,12,0,0.75,0
CUST_04233,occasional,10253.32,8,8,0,0.55,0
CUST_04234,occasional,4319.03,4,4,0,0.55,0
CUST_04235,reliable,4818.04,3,3,0,0.75,0
CUST_04236,frequent_failure,6091.42,4,4,0,0.35,0
CUST_04237,reliable,7235.58,4,4,0,0.75,0
CUST_04238,unresponsive,14531.71,8,8,0,0.25,0
CUST_04239,reliable,18977.0,8,8,0,0.75,0
CUST_04240,occasional,2779.72,2,2,0,0.55,0
CUST_04241,frequent_failure,7954.72,6,4,2,0.35,0
CUST_04242,unresponsive,1955.21,2,2,0,0.25,0
CUST_04243,occasional,6879.3,5,5,0,0.55,0
CUST_04244,high_value,64857.58,9,8,1,0.8,0
CUST_04245,high_value,20203.91,2,2,0,0.8,0
CUST_04246,occasional,10244.18,5,5,0,0.55,0
CUST_04247,price_sensitive,5018.59,4,4,0,0.6,0
CUST_04248,price_sensitive,4681.48,4,4,0,0.6,0
CUST_04249,occasional,10982.6,5,5,0,0.55,0
CUST_04250,price_sensitive,1175.68,1,1,0,0.6,0
CUST_04251,reliable,10961.56,6,6,0,0.75,0
CUST_04252,unresponsive,6438.22,5,4,1,0.25,0
CUST_04253,occasional,3527.12,6,4,2,0.55,0
CUST_04254,price_sensitive,4404.86,8,5,3,0.6,0
CUST_04255,occasional,4076.05,2,2,0,0.55,0
CUST_04256,occasional,16087.0,12,11,1,0.55,0
CUST_04257,occasional,7705.68,7,6,1,0.55,0
CUST_04258,price_sensitive,7889.59,6,5,1,0.6,0
CUST_04259,frequent_failure,6601.11,7,6,1,0.35,0
CUST_04260,reliable,10604.2,9,9,0,0.75,0
CUST_04261,reliable,17676.22,10,10,0,0.75,0
CUST_04262,reliable,7147.56,7,6,1,0.75,0
CUST_04263,unresponsive,6390.2,5,5,0,0.25,0
CUST_04264,frequent_failure,3963.12,4,2,2,0.35,0
CUST_04265,reliable,15156.49,6,6,0,0.75,0
CUST_04266,price_sensitive,3754.2,4,3,1,0.6,0
CUST_04267,price_sensitive,2660.36,4,3,1,0.6,0
CUST_04268,reliable,16694.66,10,10,0,0.75,0
CUST_04269,high_value,6090.11,1,1,0,0.8,0
CUST_04270,occasional,4855.73,4,4,0,0.55,0
CUST_04271,price_sensitive,7143.19,6,5,1,0.6,0
CUST_04272,occasional,1447.21,2,1,1,0.55,0
CUST_04273,high_value,57165.4,5,5,0,0.8,0
CUST_04274,unresponsive,3527.84,3,2,1,0.25,0
CUST_04275,occasional,2781.09,2,2,0,0.55,0
CUST_04276,reliable,11956.07,8,8,0,0.75,0
CUST_04277,price_sensitive,2825.79,2,2,0,0.6,0
CUST_04278,reliable,13969.47,8,8,0,0.75,0
CUST_04279,reliable,10213.36,4,4,0,0.75,0
CUST_04280,unresponsive,11066.36,6,6,0,0.25,0
CUST_04281,occasional,3496.5,3,2,1,0.55,0
CUST_04282,price_sensitive,2034.03,4,2,2,0.6,0
CUST_04283,price_sensitive,2051.29,2,2,0,0.6,0
CUST_04284,unresponsive,1806.73,2,1,1,0.25,0
CUST_04285,reliable,17475.67,7,6,1,0.75,0
CUST_04286,reliable,6312.26,4,4,0,0.75,0
CUST_04287,reliable,11259.17,9,8,1,0.75,0
CUST_04288,occasional,6331.28,4,3,1,0.55,0
CUST_04289,reliable,7992.17,5,4,1,0.75,0
CUST_04290,reliable,8665.69,6,6,0,0.75,0
CUST_04291,price_sensitive,1203.54,1,1,0,0.6,0
CUST_04292,reliable,32115.49,14,13,1,0.75,0
CUST_04293,occasional,4411.58,3,3,0,0.55,0
CUST_04294,unresponsive,9581.2,5,5,0,0.25,0
CUST_04295,occasional,7769.7,4,4,0,0.55,0
CUST_04296,price_sensitive,3245.7,4,3,1,0.6,0
CUST_04297,frequent_failure,12984.29,9,7,2,0.35,0
CUST_04298,occasional,3384.28,4,4,0,0.55,0
CUST_04299,reliable,18606.11,8,8,0,0.75,0
CUST_04300,reliable,6040.52,5,5,0,0.75,0
CUST_04301,high_value,15463.48,2,2,0,0.8,0
CUST_04302,price_sensitive,7598.8,8,7,1,0.6,0
CUST_04303,frequent_failure,3115.46,4,3,1,0.35,0
CUST_04304,high_value,53188.51,9,9,0,0.8,0
CUST_04305,reliable,8424.21,6,6,0,0.75,0
CUST_04306,reliable,15598.91,11,11,0,0.75,0
CUST_04307,reliable,14063.18,8,8,0,0.75,0
CUST_04308,reliable,10493.76,7,7,0,0.75,0
CUST_04309,unresponsive,10583.79,10,8,2,0.25,0
CUST_04310,occasional,3644.63,5,5,0,0.55,0
CUST_04311,reliable,12471.32,7,7,0,0.75,0
CUST_04312,occasional,18116.28,10,10,0,0.55,0
CUST_04313,high_value,27397.02,6,4,2,0.8,0
CUST_04314,reliable,15121.5,9,8,1,0.75,0
CUST_04315,reliable,22714.75,10,10,0,0.75,0
CUST_04316,reliable,12462.65,8,7,1,0.75,0
CUST_04317,price_sensitive,3493.03,6,4,2,0.6,0
CUST_04318,unresponsive,0.0,1,0,1,0.25,0
CUST_04319,occasional,4420.54,4,4,0,0.55,0
CUST_04320,reliable,4242.43,4,3,1,0.75,0
CUST_04321,reliable,21263.83,11,11,0,0.75,0
CUST_04322,price_sensitive,3978.36,4,4,0,0.6,0
CUST_04323,reliable,25203.22,13,12,1,0.75,0
CUST_04324,unresponsive,3489.77,2,2,0,0.25,0
CUST_04325,reliable,5411.84,4,3,1,0.75,0
CUST_04326,price_sensitive,5607.82,5,5,0,0.6,0
CUST_04327,unresponsive,13596.65,8,7,1,0.25,0
CUST_04328,occasional,4865.45,3,3,0,0.55,0
CUST_04329,occasional,4424.4,6,4,2,0.55,0
CUST_04330,frequent_failure,3416.32,7,3,4,0.35,0
CUST_04331,occasional,1251.0,1,1,0,0.55,0
CUST_04332,reliable,20223.57,11,11,0,0.75,0
CUST_04333,occasional,5827.46,3,3,0,0.55,0
CUST_04334,frequent_failure,12838.47,12,8,4,0.35,0
CUST_04335,price_sensitive,1212.77,3,1,2,0.6,0
CUST_04336,reliable,27814.43,12,12,0,0.75,0
CUST_04337,price_sensitive,5449.29,5,5,0,0.6,0
CUST_04338,price_sensitive,5470.65,6,5,1,0.6,0
CUST_04339,price_sensitive,3407.12,3,3,0,0.6,0
CUST_04340,price_sensitive,3083.41,2,2,0,0.6,0
CUST_04341,occasional,4790.91,4,4,0,0.55,0
CUST_04342,price_sensitive,10869.92,7,7,0,0.6,0
CUST_04343,occasional,4954.35,3,3,0,0.55,0
CUST_04344,occasional,4727.95,6,3,3,0.55,0
CUST_04345,occasional,14264.21,13,12,1,0.55,0
CUST_04346,unresponsive,10599.4,4,4,0,0.25,0
CUST_04347,occasional,1118.42,1,1,0,0.55,0
CUST_04348,occasional,7648.38,5,5,0,0.55,0
CUST_04349,reliable,15035.97,12,11,1,0.75,0
CUST_04350,occasional,3883.82,3,2,1,0.55,0
CUST_04351,reliable,28993.72,17,16,1,0.75,0
CUST_04352,unresponsive,6109.92,5,4,1,0.25,0
CUST_04353,unresponsive,0.0,1,0,1,0.25,0
CUST_04354,occasional,12948.92,10,9,1,0.55,0
CUST_04355,occasional,7700.36,4,4,0,0.55,0
CUST_04356,reliable,9516.54,8,6,2,0.75,0
CUST_04357,frequent_failure,6856.71,5,4,1,0.35,0
CUST_04358,frequent_failure,1547.63,2,2,0,0.35,0
CUST_04359,occasional,6971.07,5,5,0,0.55,0
CUST_04360,reliable,8580.71,7,7,0,0.75,0
CUST_04361,occasional,5577.11,6,5,1,0.55,0
CUST_04362,reliable,6912.57,4,4,0,0.75,0
CUST_04363,reliable,14482.08,8,7,1,0.75,0
CUST_04364,reliable,9586.43,6,6,0,0.75,0
CUST_04365,occasional,3696.09,4,4,0,0.55,0
CUST_04366,occasional,3849.41,4,4,0,0.55,0
CUST_04367,price_sensitive,2445.38,2,2,0,0.6,0
CUST_04368,occasional,2098.35,3,3,0,0.55,0
CUST_04369,reliable,13225.88,8,8,0,0.75,0
CUST_04370,high_value,30600.69,5,5,0,0.8,0
CUST_04371,occasional,9155.61,8,7,1,0.55,0
CUST_04372,occasional,6473.3,6,6,0,0.55,0
CUST_04373,reliable,23622.38,11,10,1,0.75,0
CUST_04374,occasional,4459.95,3,3,0,0.55,0
CUST_04375,reliable,15417.94,7,7,0,0.75,0
CUST_04376,high_value,32490.57,5,4,1,0.8,0
CUST_04377,frequent_failure,6331.55,10,8,2,0.35,0
CUST_04378,unresponsive,3493.84,2,2,0,0.25,0
CUST_04379,price_sensitive,4075.35,4,2,2,0.6,0
CUST_04380,reliable,15431.33,7,7,0,0.75,0
CUST_04381,high_value,17430.35,3,3,0,0.8,0
CUST_04382,unresponsive,4658.78,5,4,1,0.25,0
CUST_04383,occasional,8539.4,8,6,2,0.55,0
CUST_04384,unresponsive,9910.91,6,6,0,0.25,0
CUST_04385,reliable,19143.44,8,8,0,0.75,0
CUST_04386,reliable,3122.8,4,4,0,0.75,0
CUST_04387,price_sensitive,6054.11,5,5,0,0.6,0
CUST_04388,price_sensitive,4564.99,3,3,0,0.6,0
CUST_04389,reliable,14222.81,8,8,0,0.75,0
CUST_04390,price_sensitive,2272.01,4,3,1,0.6,0
CUST_04391,reliable,9258.42,7,7,0,0.75,0
CUST_04392,reliable,12148.63,8,8,0,0.75,0
CUST_04393,reliable,15766.16,8,8,0,0.75,0
CUST_04394,occasional,4794.7,3,3,0,0.55,0
CUST_04395,reliable,13419.14,7,6,1,0.75,0
CUST_04396,reliable,7181.02,6,4,2,0.75,0
CUST_04397,reliable,17537.81,8,8,0,0.75,0
CUST_04398,high_value,35032.51,7,7,0,0.8,0
CUST_04399,high_value,4471.85,1,1,0,0.8,0
CUST_04400,reliable,12068.47,11,10,1,0.75,0
CUST_04401,reliable,15060.58,7,7,0,0.75,0
CUST_04402,occasional,9094.9,7,7,0,0.55,0
CUST_04403,occasional,9813.85,5,5,0,0.55,0
CUST_04404,occasional,6968.64,5,4,1,0.55,0
CUST_04405,high_value,47012.91,5,5,0,0.8,0
CUST_04406,frequent_failure,1796.33,6,2,4,0.35,0
CUST_04407,occasional,1922.51,3,2,1,0.55,0
CUST_04408,high_value,23255.33,6,5,1,0.8,0
CUST_04409,occasional,4414.41,4,3,1,0.55,0
CUST_04410,unresponsive,14828.0,10,10,0,0.25,0
CUST_04411,frequent_failure,2214.79,7,2,5,0.35,0
CUST_04412,reliable,7906.78,8,8,0,0.75,0
CUST_04413,high_value,70395.21,9,8,1,0.8,0
CUST_04414,reliable,9128.98,7,7,0,0.75,0
CUST_04415,occasional,4489.5,7,6,1,0.55,0
CUST_04416,reliable,9315.78,4,4,0,0.75,0
CUST_04417,unresponsive,2793.48,2,2,0,0.25,0
CUST_04418,unresponsive,4921.54,5,3,2,0.25,0
CUST_04419,unresponsive,11523.26,8,7,1,0.25,0
CUST_04420,reliable,10653.68,6,6,0,0.75,0
CUST_04421,high_value,49788.61,8,8,0,0.8,0
CUST_04422,reliable,17539.25,8,8,0,0.75,0
CUST_04423,high_value,27286.98,5,5,0,0.8,0
CUST_04424,occasional,9776.42,10,9,1,0.55,0
CUST_04425,high_value,17505.6,4,3,1,0.8,0
CUST_04426,reliable,13061.24,7,7,0,0.75,0
CUST_04427,occasional,5852.62,6,5,1,0.55,0
CUST_04428,high_value,52632.63,7,7,0,0.8,0
CUST_04429,occasional,4813.91,4,4,0,0.55,0
CUST_04430,frequent_failure,8074.4,9,6,3,0.35,0
CUST_04431,occasional,1641.27,1,1,0,0.55,0
CUST_04432,price_sensitive,3960.33,6,5,1,0.6,0
CUST_04433,occasional,6186.9,4,4,0,0.55,0
CUST_04434,occasional,8901.2,9,9,0,0.55,0
CUST_04435,price_sensitive,12808.01,11,10,1,0.6,0
CUST_04436,reliable,3593.37,4,4,0,0.75,0
CUST_04437,frequent_failure,10836.69,10,8,2,0.35,0
CUST_04438,occasional,16389.43,10,10,0,0.55,0
CUST_04439,reliable,10432.68,6,6,0,0.75,0
CUST_04440,price_sensitive,4271.62,3,3,0,0.6,0
CUST_04441,reliable,31187.58,14,13,1,0.75,0
CUST_04442,unresponsive,3559.57,4,2,2,0.25,0
CUST_04443,unresponsive,9503.72,5,5,0,0.25,0
CUST_04444,reliable,16958.76,13,13,0,0.75,0
CUST_04445,reliable,9930.39,6,6,0,0.75,0
CUST_04446,price_sensitive,1502.76,4,1,3,0.6,0
CUST_04447,occasional,2779.98,2,2,0,0.55,0
CUST_04448,reliable,7687.52,5,5,0,0.75,0
CUST_04449,reliable,4866.91,3,3,0,0.75,0
CUST_04450,reliable,18528.03,11,11,0,0.75,0
CUST_04451,high_value,38681.23,5,5,0,0.8,0
CUST_04452,reliable,10719.4,7,7,0,0.75,0
CUST_04453,reliable,11514.81,8,8,0,0.75,0
CUST_04454,high_value,29061.49,8,6,2,0.8,0
CUST_04455,occasional,15779.68,10,8,2,0.55,0
CUST_04456,price_sensitive,2372.6,3,3,0,0.6,0
CUST_04457,occasional,8478.05,6,6,0,0.55,0
CUST_04458,reliable,17767.53,8,8,0,0.75,0
CUST_04459,reliable,7973.29,5,5,0,0.75,0
CUST_04460,reliable,2062.2,5,5,0,0.75,0
CUST_04461,price_sensitive,3920.87,4,3,1,0.6,0
CUST_04462,frequent_failure,4066.72,6,3,3,0.35,0
CUST_04463,frequent_failure,7583.59,7,5,2,0.35,0
CUST_04464,price_sensitive,3010.65,3,3,0,0.6,0
CUST_04465,reliable,20182.17,9,9,0,0.75,0
CUST_04466,price_sensitive,3581.89,4,3,1,0.6,0
CUST_04467,high_value,44410.13,11,10,1,0.8,0
CUST_04468,high_value,45814.22,8,8,0,0.8,0
CUST_04469,reliable,22253.72,11,9,2,0.75,0
CUST_04470,reliable,12442.9,7,7,0,0.75,0
CUST_04471,frequent_failure,5084.71,6,5,1,0.35,0
CUST_04472,high_value,29918.98,6,6,0,0.8,0
CUST_04473,high_value,63964.51,7,7,0,0.8,0
CUST_04474,unresponsive,3451.46,2,2,0,0.25,0
CUST_04475,occasional,9046.41,6,6,0,0.55,0
CUST_04476,reliable,22951.52,11,11,0,0.75,0
CUST_04477,price_sensitive,2381.53,4,3,1,0.6,0
CUST_04478,occasional,2117.85,3,2,1,0.55,0
CUST_04479,reliable,8946.29,6,5,1,0.75,0
CUST_04480,unresponsive,5324.43,3,3,0,0.25,0
CUST_04481,occasional,5472.36,5,4,1,0.55,0
CUST_04482,occasional,4540.68,5,5,0,0.55,0
CUST_04483,reliable,7400.69,7,7,0,0.75,0
CUST_04484,price_sensitive,2861.41,3,3,0,0.6,0
CUST_04485,reliable,11718.55,6,5,1,0.75,0
CUST_04486,reliable,10051.49,5,5,0,0.75,0
CUST_04487,occasional,1379.86,1,1,0,0.55,0
CUST_04488,high_value,37296.08,6,5,1,0.8,0
CUST_04489,reliable,4949.47,4,3,1,0.75,0
CUST_04490,unresponsive,2404.55,4,3,1,0.25,0
CUST_04491,frequent_failure,2433.72,4,2,2,0.35,0
CUST_04492,price_sensitive,1266.65,2,2,0,0.6,0
CUST_04493,reliable,15499.09,7,7,0,0.75,0
CUST_04494,reliable,15721.94,10,10,0,0.75,0
CUST_04495,reliable,14226.8,8,7,1,0.75,0
CUST_04496,reliable,32153.66,16,16,0,0.75,0
CUST_04497,occasional,8117.22,8,6,2,0.55,0
CUST_04498,reliable,7762.14,4,4,0,0.75,0
CUST_04499,price_sensitive,7009.33,5,5,0,0.6,0
CUST_04500,occasional,2638.22,3,2,1,0.55,0
CUST_04501,reliable,10164.79,6,5,1,0.75,0
CUST_04502,reliable,27959.61,12,12,0,0.75,0
CUST_04503,unresponsive,4580.22,6,5,1,0.25,0
CUST_04504,high_value,12620.52,2,2,0,0.8,0
CUST_04505,reliable,11756.28,6,6,0,0.75,0
CUST_04506,high_value,16813.9,2,2,0,0.8,0
CUST_04507,price_sensitive,1753.57,1,1,0,0.6,0
CUST_04508,occasional,4498.43,4,4,0,0.55,0
CUST_04509,occasional,14045.8,9,8,1,0.55,0
CUST_04510,occasional,12170.7,6,6,0,0.55,0
CUST_04511,occasional,6380.66,7,6,1,0.55,0
CUST_04512,price_sensitive,1906.23,3,2,1,0.6,0
CUST_04513,price_sensitive,3770.2,4,3,1,0.6,0
CUST_04514,occasional,3690.72,4,3,1,0.55,0
CUST_04515,price_sensitive,7145.14,5,4,1,0.6,0
CUST_04516,reliable,17198.68,9,9,0,0.75,0
CUST_04517,occasional,4623.06,5,4,1,0.55,0
CUST_04518,reliable,12621.05,7,7,0,0.75,0
CUST_04519,unresponsive,3748.51,4,3,1,0.25,0
CUST_04520,reliable,20800.06,13,13,0,0.75,0
CUST_04521,unresponsive,3697.5,2,2,0,0.25,0
CUST_04522,reliable,16203.38,9,9,0,0.75,0
CUST_04523,occasional,5052.23,3,3,0,0.55,0
CUST_04524,reliable,12275.68,8,8,0,0.75,0
CUST_04525,price_sensitive,14682.58,13,11,2,0.6,0
CUST_04526,unresponsive,2390.18,2,1,1,0.25,0
CUST_04527,price_sensitive,2298.04,3,2,1,0.6,0
CUST_04528,occasional,2583.37,2,2,0,0.55,0
CUST_04529,high_value,25099.57,5,4,1,0.8,0
CUST_04530,reliable,11542.62,8,7,1,0.75,0
CUST_04531,occasional,3454.0,4,3,1,0.55,0
CUST_04532,price_sensitive,0.0,1,0,1,0.6,0
CUST_04533,reliable,10732.11,10,9,1,0.75,0
CUST_04534,frequent_failure,6692.77,5,4,1,0.35,0
CUST_04535,reliable,12971.64,8,8,0,0.75,0
CUST_04536,occasional,0.0,2,0,2,0.55,0
CUST_04537,unresponsive,4084.99,6,3,3,0.25,0
CUST_04538,reliable,15032.65,6,6,0,0.75,0
CUST_04539,unresponsive,5087.59,4,3,1,0.25,0
CUST_04540,reliable,14941.97,6,6,0,0.75,0
CUST_04541,price_sensitive,6517.58,5,4,1,0.6,0
CUST_04542,frequent_failure,5950.43,8,5,3,0.35,0
CUST_04543,occasional,10421.5,8,6,2,0.55,0
CUST_04544,occasional,7807.16,7,5,2,0.55,0
CUST_04545,high_value,71743.09,8,8,0,0.8,0
CUST_04546,unresponsive,5122.03,4,3,1,0.25,0
CUST_04547,reliable,17014.1,7,6,1,0.75,0
CUST_04548,reliable,18275.82,9,8,1,0.75,0
CUST_04549,reliable,14709.6,9,9,0,0.75,0
CUST_04550,occasional,5068.7,5,5,0,0.55,0
CUST_04551,frequent_failure,3905.25,8,3,5,0.35,0
CUST_04552,frequent_failure,8229.57,10,8,2,0.35,0
CUST_04553,reliable,7761.35,7,7,0,0.75,0
CUST_04554,high_value,31388.53,3,3,0,0.8,0
CUST_04555,occasional,6329.06,6,4,2,0.55,0
CUST_04556,reliable,7391.57,5,5,0,0.75,0
CUST_04557,occasional,5216.42,3,3,0,0.55,0
CUST_04558,reliable,13070.54,8,7,1,0.75,0
CUST_04559,price_sensitive,5299.57,7,5,2,0.6,0
CUST_04560,reliable,15091.87,7,7,0,0.75,0
CUST_04561,high_value,49407.87,8,8,0,0.8,0
CUST_04562,occasional,782.01,1,1,0,0.55,0
CUST_04563,reliable,12670.76,6,6,0,0.75,0
CUST_04564,price_sensitive,1905.83,2,2,0,0.6,0
CUST_04565,occasional,9472.12,8,7,1,0.55,0
CUST_04566,occasional,5758.22,5,3,2,0.55,0
CUST_04567,price_sensitive,3119.34,3,3,0,0.6,0
CUST_04568,unresponsive,6335.37,7,5,2,0.25,0
CUST_04569,reliable,11636.84,8,8,0,0.75,0
CUST_04570,reliable,14504.67,8,8,0,0.75,0
CUST_04571,occasional,8151.31,6,5,1,0.55,0
CUST_04572,occasional,8799.04,7,7,0,0.55,0
CUST_04573,reliable,9442.48,9,9,0,0.75,0
CUST_04574,frequent_failure,8372.57,10,5,5,0.35,0
CUST_04575,occasional,6224.58,6,6,0,0.55,0
CUST_04576,occasional,7652.66,9,7,2,0.55,0
CUST_04577,occasional,7985.28,11,10,1,0.55,0
CUST_04578,frequent_failure,9576.88,12,10,2,0.35,0
CUST_04579,occasional,6303.08,5,4,1,0.55,0
CUST_04580,occasional,3326.68,2,2,0,0.55,0
CUST_04581,high_value,75510.17,8,8,0,0.8,0
CUST_04582,occasional,7427.72,6,5,1,0.55,0
CUST_04583,high_value,61841.94,10,8,2,0.8,0
CUST_04584,price_sensitive,1980.46,2,2,0,0.6,0
CUST_04585,price_sensitive,2677.09,4,2,2,0.6,0
CUST_04586,reliable,9821.36,7,7,0,0.75,0
CUST_04587,high_value,47270.26,7,7,0,0.8,0
CUST_04588,frequent_failure,3332.26,4,3,1,0.35,0
CUST_04589,reliable,13680.98,6,6,0,0.75,0
CUST_04590,frequent_failure,7459.64,8,4,4,0.35,0
CUST_04591,occasional,5134.94,6,5,1,0.55,0
CUST_04592,occasional,0.0,1,0,1,0.55,0
CUST_04593,high_value,35712.43,3,3,0,0.8,0
CUST_04594,frequent_failure,2718.58,9,8,1,0.35,0
CUST_04595,price_sensitive,4316.97,7,4,3,0.6,0
CUST_04596,occasional,5263.15,3,3,0,0.55,0
CUST_04597,frequent_failure,1261.69,10,2,8,0.35,0
CUST_04598,occasional,4616.86,4,3,1,0.55,0
CUST_04599,occasional,8209.7,8,6,2,0.55,0
CUST_04600,reliable,15004.24,6,6,0,0.75,0
CUST_04601,unresponsive,5109.96,5,4,1,0.25,0
CUST_04602,reliable,23093.15,9,9,0,0.75,0
CUST_04603,unresponsive,9905.95,5,5,0,0.25,0
CUST_04604,price_sensitive,2793.79,4,2,2,0.6,0
CUST_04605,reliable,17727.15,10,9,1,0.75,0
CUST_04606,price_sensitive,3862.16,4,4,0,0.6,0
CUST_04607,price_sensitive,5730.14,9,7,2,0.6,0
CUST_04608,frequent_failure,0.0,2,0,2,0.35,0
CUST_04609,reliable,14295.65,7,7,0,0.75,0
CUST_04610,reliable,12265.18,8,8,0,0.75,0
CUST_04611,occasional,4958.13,4,4,0,0.55,0
CUST_04612,reliable,15796.93,7,7,0,0.75,0
CUST_04613,occasional,3815.45,3,3,0,0.55,0
CUST_04614,price_sensitive,5700.69,4,4,0,0.6,0
CUST_04615,reliable,9576.42,5,5,0,0.75,0
CUST_04616,unresponsive,9460.45,7,6,1,0.25,0
CUST_04617,reliable,23374.38,11,11,0,0.75,0
CUST_04618,occasional,2966.67,4,4,0,0.55,0
CUST_04619,frequent_failure,9835.84,8,7,1,0.35,0
CUST_04620,high_value,15468.54,4,3,1,0.8,0
CUST_04621,high_value,58661.59,7,7,0,0.8,0
CUST_04622,high_value,90221.64,13,13,0,0.8,0
CUST_04623,reliable,3731.92,2,2,0,0.75,0
CUST_04624,unresponsive,1390.13,2,1,1,0.25,0
CUST_04625,price_sensitive,6954.63,6,6,0,0.6,0
CUST_04626,price_sensitive,3139.38,3,3,0,0.6,0
CUST_04627,frequent_failure,7336.4,9,5,4,0.35,0
CUST_04628,price_sensitive,5807.61,4,4,0,0.6,0
CUST_04629,occasional,3057.49,2,2,0,0.55,0
CUST_04630,high_value,51973.71,8,8,0,0.8,0
CUST_04631,price_sensitive,2008.45,4,2,2,0.6,0
CUST_04632,reliable,13967.04,6,6,0,0.75,0
CUST_04633,reliable,21022.72,9,9,0,0.75,0
CUST_04634,high_value,80222.92,10,10,0,0.8,0
CUST_04635,occasional,5382.26,5,3,2,0.55,0
CUST_04636,unresponsive,1503.94,2,1,1,0.25,0
CUST_04637,occasional,4945.97,5,5,0,0.55,0
CUST_04638,unresponsive,4745.11,3,3,0,0.25,0
CUST_04639,unresponsive,5610.12,7,5,2,0.25,0
CUST_04640,reliable,18631.89,8,8,0,0.75,0
CUST_04641,price_sensitive,5691.83,7,6,1,0.6,0
CUST_04642,price_sensitive,3664.61,4,3,1,0.6,0
CUST_04643,reliable,15131.84,9,9,0,0.75,0
CUST_04644,high_value,47164.19,5,5,0,0.8,0
CUST_04645,occasional,3523.53,5,2,3,0.55,0
CUST_04646,occasional,5036.78,4,3,1,0.55,0
CUST_04647,reliable,4837.01,3,3,0,0.75,0
CUST_04648,occasional,8823.47,7,6,1,0.55,0
CUST_04649,reliable,6239.94,4,4,0,0.75,0
CUST_04650,occasional,8168.53,8,8,0,0.55,0
CUST_04651,reliable,3215.34,4,3,1,0.75,0
CUST_04652,reliable,23442.27,9,9,0,0.75,0
CUST_04653,high_value,58666.17,10,9,1,0.8,0
CUST_04654,occasional,7502.47,5,5,0,0.55,0
CUST_04655,occasional,4812.27,6,6,0,0.55,0
CUST_04656,price_sensitive,2355.0,2,2,0,0.6,0
CUST_04657,occasional,8180.13,7,6,1,0.55,0
CUST_04658,reliable,20480.06,12,12,0,0.75,0
CUST_04659,reliable,7525.92,5,5,0,0.75,0
CUST_04660,occasional,11341.71,8,8,0,0.55,0
CUST_04661,reliable,7156.58,13,12,1,0.75,0
CUST_04662,reliable,9480.39,4,4,0,0.75,0
CUST_04663,price_sensitive,1401.04,3,3,0,0.6,0
CUST_04664,reliable,12786.31,7,7,0,0.75,0
CUST_04665,occasional,3862.72,4,3,1,0.55,0
CUST_04666,reliable,22915.67,10,10,0,0.75,0
CUST_04667,occasional,5917.01,7,6,1,0.55,0
CUST_04668,high_value,99670.3,11,10,1,0.8,0
CUST_04669,reliable,15077.25,7,7,0,0.75,0
CUST_04670,reliable,16831.4,8,8,0,0.75,0
CUST_04671,price_sensitive,2062.25,2,2,0,0.6,0
CUST_04672,occasional,6081.58,5,5,0,0.55,0
CUST_04673,price_sensitive,5176.08,7,7,0,0.6,0
CUST_04674,reliable,6118.04,4,4,0,0.75,0
CUST_04675,price_sensitive,4187.35,3,3,0,0.6,0
CUST_04676,high_value,17902.2,6,3,3,0.8,0
CUST_04677,reliable,12931.31,5,5,0,0.75,0
CUST_04678,reliable,6356.21,9,9,0,0.75,0
CUST_04679,high_value,42730.42,8,7,1,0.8,0
CUST_04680,occasional,3137.09,3,2,1,0.55,0
CUST_04681,frequent_failure,7027.17,6,5,1,0.35,0
CUST_04682,reliable,13203.9,8,8,0,0.75,0
CUST_04683,price_sensitive,4732.94,6,6,0,0.6,0
CUST_04684,occasional,885.62,1,1,0,0.55,0
CUST_04685,occasional,978.12,1,1,0,0.55,0
CUST_04686,occasional,9049.76,6,6,0,0.55,0
CUST_04687,price_sensitive,1038.88,1,1,0,0.6,0
CUST_04688,reliable,8829.14,4,4,0,0.75,0
CUST_04689,occasional,1437.65,1,1,0,0.55,0
CUST_04690,frequent_failure,2048.48,4,2,2,0.35,0
CUST_04691,price_sensitive,4605.93,7,4,3,0.6,0
CUST_04692,frequent_failure,6173.73,8,6,2,0.35,0
CUST_04693,occasional,6967.64,5,5,0,0.55,0
CUST_04694,reliable,5903.21,3,3,0,0.75,0
CUST_04695,reliable,11275.13,7,7,0,0.75,0
CUST_04696,unresponsive,5022.78,2,2,0,0.25,0
CUST_04697,reliable,25030.25,12,12,0,0.75,0
CUST_04698,occasional,6981.36,5,5,0,0.55,0
CUST_04699,high_value,66289.34,7,7,0,0.8,0
CUST_04700,unresponsive,7314.32,7,5,2,0.25,0
CUST_04701,reliable,9671.92,5,5,0,0.75,0
CUST_04702,reliable,12711.06,8,8,0,0.75,0
CUST_04703,frequent_failure,2433.2,2,2,0,0.35,0
CUST_04704,frequent_failure,1435.29,8,1,7,0.35,0
CUST_04705,unresponsive,7937.12,4,4,0,0.25,0
CUST_04706,unresponsive,5404.64,3,3,0,0.25,0
CUST_04707,reliable,22408.8,9,9,0,0.75,0
CUST_04708,price_sensitive,5766.22,7,6,1,0.6,0
CUST_04709,reliable,9089.0,5,5,0,0.75,0
CUST_04710,occasional,2629.65,2,2,0,0.55,0
CUST_04711,reliable,11738.74,5,4,1,0.75,0
CUST_04712,reliable,15645.74,8,7,1,0.75,0
CUST_04713,occasional,5089.78,3,3,0,0.55,0
CUST_04714,reliable,14121.59,10,8,2,0.75,0
CUST_04715,occasional,1826.25,2,2,0,0.55,0
CUST_04716,reliable,13540.43,9,9,0,0.75,0
CUST_04717,occasional,1475.51,2,2,0,0.55,0
CUST_04718,high_value,33289.57,4,4,0,0.8,0
CUST_04719,reliable,22130.43,10,10,0,0.75,0
CUST_04720,price_sensitive,4133.75,3,3,0,0.6,0
CUST_04721,reliable,14390.6,6,6,0,0.75,0
CUST_04722,price_sensitive,5212.56,4,4,0,0.6,0
CUST_04723,price_sensitive,3257.67,5,3,2,0.6,0
CUST_04724,reliable,14499.84,10,10,0,0.75,0
CUST_04725,reliable,13301.55,6,6,0,0.75,0
CUST_04726,reliable,13954.13,10,9,1,0.75,0
CUST_04727,high_value,62271.13,13,13,0,0.8,0
CUST_04728,price_sensitive,3094.42,3,3,0,0.6,0
CUST_04729,reliable,14697.71,9,9,0,0.75,0
CUST_04730,price_sensitive,2982.92,6,5,1,0.6,0
CUST_04731,reliable,14748.51,10,10,0,0.75,0
CUST_04732,occasional,2126.44,3,2,1,0.55,0
CUST_04733,reliable,15156.83,8,8,0,0.75,0
CUST_04734,unresponsive,4218.7,2,2,0,0.25,0
CUST_04735,price_sensitive,3357.13,4,4,0,0.6,0
CUST_04736,unresponsive,3135.99,3,3,0,0.25,0
CUST_04737,reliable,7784.69,6,6,0,0.75,0
CUST_04738,unresponsive,2904.66,2,2,0,0.25,0
CUST_04739,price_sensitive,3352.72,3,3,0,0.6,0
CUST_04740,reliable,14201.88,7,6,1,0.75,0
CUST_04741,occasional,11465.18,8,7,1,0.55,0
CUST_04742,frequent_failure,1292.95,5,1,4,0.35,0
CUST_04743,reliable,15754.5,11,11,0,0.75,0
CUST_04744,occasional,9163.72,7,7,0,0.55,0
CUST_04745,unresponsive,15836.55,8,7,1,0.25,0
CUST_04746,occasional,5860.53,6,6,0,0.55,0
CUST_04747,reliable,12288.67,12,11,1,0.75,0
CUST_04748,occasional,6994.07,4,4,0,0.55,0
CUST_04749,occasional,3878.37,4,4,0,0.55,0
CUST_04750,frequent_failure,4392.4,5,2,3,0.35,0
CUST_04751,reliable,2753.11,2,2,0,0.75,0
CUST_04752,reliable,12271.04,7,7,0,0.75,0
CUST_04753,occasional,5910.17,4,3,1,0.55,0
CUST_04754,occasional,5183.64,5,5,0,0.55,0
CUST_04755,occasional,9333.78,6,5,1,0.55,0
CUST_04756,reliable,14227.84,9,8,1,0.75,0
CUST_04757,occasional,9236.27,5,5,0,0.55,0
CUST_04758,occasional,5250.63,4,4,0,0.55,0
CUST_04759,price_sensitive,3431.17,3,3,0,0.6,0
CUST_04760,reliable,15368.84,8,8,0,0.75,0
CUST_04761,frequent_failure,6827.23,9,6,3,0.35,0
CUST_04762,occasional,4191.78,3,3,0,0.55,0
CUST_04763,unresponsive,9374.0,5,5,0,0.25,0
CUST_04764,price_sensitive,3362.72,4,3,1,0.6,0
CUST_04765,unresponsive,1633.54,2,2,0,0.25,0
CUST_04766,unresponsive,2577.4,2,2,0,0.25,0
CUST_04767,unresponsive,9011.83,5,5,0,0.25,0
CUST_04768,reliable,12402.24,8,8,0,0.75,0
CUST_04769,price_sensitive,1768.4,2,2,0,0.6,0
CUST_04770,reliable,12188.78,6,6,0,0.75,0
CUST_04771,reliable,7956.94,6,6,0,0.75,0
CUST_04772,unresponsive,3598.35,6,2,4,0.25,0
CUST_04773,price_sensitive,3563.9,6,4,2,0.6,0
CUST_04774,reliable,12781.64,6,6,0,0.75,0
CUST_04775,occasional,10942.51,6,6,0,0.55,0
CUST_04776,frequent_failure,2509.46,6,3,3,0.35,0
CUST_04777,price_sensitive,7403.56,5,5,0,0.6,0
CUST_04778,price_sensitive,1419.7,3,1,2,0.6,0
CUST_04779,reliable,16166.61,10,10,0,0.75,0
CUST_04780,reliable,10000.53,4,4,0,0.75,0
CUST_04781,reliable,7912.1,4,4,0,0.75,0
CUST_04782,frequent_failure,7229.24,6,4,2,0.35,0
CUST_04783,frequent_failure,2684.95,11,7,4,0.35,0
CUST_04784,occasional,10245.4,7,7,0,0.55,0
CUST_04785,occasional,12569.07,6,6,0,0.55,0
CUST_04786,reliable,7373.18,4,4,0,0.75,0
CUST_04787,reliable,17034.13,7,7,0,0.75,0
CUST_04788,occasional,13347.33,8,7,1,0.55,0
CUST_04789,unresponsive,5138.25,4,4,0,0.25,0
CUST_04790,unresponsive,4950.86,5,3,2,0.25,0
CUST_04791,occasional,2105.24,4,3,1,0.55,0
CUST_04792,high_value,39027.67,7,6,1,0.8,0
CUST_04793,occasional,6890.06,5,4,1,0.55,0
CUST_04794,reliable,14483.15,9,9,0,0.75,0
CUST_04795,frequent_failure,2361.49,4,2,2,0.35,0
CUST_04796,frequent_failure,4601.08,9,5,4,0.35,0
CUST_04797,reliable,5668.73,6,6,0,0.75,0
CUST_04798,frequent_failure,814.62,5,1,4,0.35,0
CUST_04799,frequent_failure,4767.14,6,3,3,0.35,0
CUST_04800,occasional,5494.3,3,3,0,0.55,0
CUST_04801,price_sensitive,2115.03,7,4,3,0.6,0
CUST_04802,frequent_failure,10161.41,12,8,4,0.35,0
CUST_04803,reliable,12724.71,11,10,1,0.75,0
CUST_04804,occasional,2509.85,3,2,1,0.55,0
CUST_04805,unresponsive,3075.3,4,2,2,0.25,0
CUST_04806,high_value,70106.11,8,8,0,0.8,0
CUST_04807,high_value,29703.13,5,5,0,0.8,0
CUST_04808,unresponsive,19406.05,14,9,5,0.25,0
CUST_04809,occasional,7037.35,4,4,0,0.55,0
CUST_04810,occasional,5963.54,7,4,3,0.55,0
CUST_04811,occasional,3074.79,3,3,0,0.55,0
CUST_04812,frequent_failure,4122.49,5,4,1,0.35,0
CUST_04813,unresponsive,9172.2,6,6,0,0.25,0
CUST_04814,frequent_failure,3173.73,7,3,4,0.35,0
CUST_04815,reliable,11082.74,8,7,1,0.75,0
CUST_04816,high_value,38310.73,6,6,0,0.8,0
CUST_04817,reliable,11682.0,8,8,0,0.75,0
CUST_04818,reliable,13354.35,9,7,2,0.75,0
CUST_04819,high_value,113785.27,11,10,1,0.8,0
CUST_04820,price_sensitive,2084.06,2,2,0,0.6,0
CUST_04821,reliable,31739.66,11,11,0,0.75,0
CUST_04822,price_sensitive,1136.58,1,1,0,0.6,0
CUST_04823,reliable,9781.32,5,5,0,0.75,0
CUST_04824,reliable,17356.97,9,9,0,0.75,0
CUST_04825,price_sensitive,3238.85,6,5,1,0.6,0
CUST_04826,occasional,5244.3,5,4,1,0.55,0
CUST_04827,price_sensitive,1241.16,2,1,1,0.6,0
CUST_04828,occasional,6646.8,6,5,1,0.55,0
CUST_04829,occasional,9112.66,9,8,1,0.55,0
CUST_04830,price_sensitive,726.49,1,1,0,0.6,0
CUST_04831,high_value,34612.21,6,5,1,0.8,0
CUST_04832,occasional,2590.44,3,2,1,0.55,0
CUST_04833,unresponsive,2601.28,4,2,2,0.25,0
CUST_04834,occasional,8650.02,7,6,1,0.55,0
CUST_04835,reliable,26977.26,12,12,0,0.75,0
CUST_04836,reliable,5097.06,2,2,0,0.75,0
CUST_04837,reliable,4497.88,5,5,0,0.75,0
CUST_04838,high_value,42483.66,6,6,0,0.8,0
CUST_04839,reliable,14668.47,8,8,0,0.75,0
CUST_04840,reliable,8703.72,8,7,1,0.75,0
CUST_04841,occasional,11586.58,8,7,1,0.55,0
CUST_04842,high_value,44661.83,5,5,0,0.8,0
CUST_04843,frequent_failure,5864.0,6,6,0,0.35,0
CUST_04844,high_value,49357.71,7,6,1,0.8,0
CUST_04845,reliable,22064.95,14,14,0,0.75,0
CUST_04846,frequent_failure,5539.94,5,5,0,0.35,0
CUST_04847,frequent_failure,3908.02,6,4,2,0.35,0
CUST_04848,unresponsive,1130.73,3,1,2,0.25,0
CUST_04849,occasional,2005.94,2,1,1,0.55,0
CUST_04850,occasional,6177.52,6,4,2,0.55,0
CUST_04851,occasional,2849.48,2,2,0,0.55,0
CUST_04852,reliable,12878.96,7,7,0,0.75,0
CUST_04853,occasional,3563.07,3,2,1,0.55,0
CUST_04854,reliable,17013.72,8,8,0,0.75,0
CUST_04855,high_value,54188.26,7,7,0,0.8,0
CUST_04856,occasional,3380.2,5,5,0,0.55,0
CUST_04857,occasional,8119.33,9,8,1,0.55,0
CUST_04858,price_sensitive,2430.4,3,3,0,0.6,0
CUST_04859,high_value,93006.04,12,10,2,0.8,0
CUST_04860,price_sensitive,6077.23,6,4,2,0.6,0
CUST_04861,occasional,2216.4,5,4,1,0.55,0
CUST_04862,unresponsive,7256.04,5,5,0,0.25,0
CUST_04863,high_value,59699.22,8,7,1,0.8,0
CUST_04864,occasional,2647.46,4,2,2,0.55,0
CUST_04865,occasional,5882.9,5,4,1,0.55,0
CUST_04866,unresponsive,3025.62,3,2,1,0.25,0
CUST_04867,reliable,15565.38,9,9,0,0.75,0
CUST_04868,frequent_failure,9788.51,9,8,1,0.35,0
CUST_04869,occasional,13840.35,11,9,2,0.55,0
CUST_04870,occasional,5610.92,7,5,2,0.55,0
CUST_04871,high_value,32168.24,8,8,0,0.8,0
CUST_04872,price_sensitive,4892.35,5,5,0,0.6,0
CUST_04873,occasional,7307.98,5,5,0,0.55,0
CUST_04874,price_sensitive,6143.64,8,7,1,0.6,0
CUST_04875,reliable,28019.65,12,12,0,0.75,0
CUST_04876,reliable,8874.47,8,8,0,0.75,0
CUST_04877,occasional,5868.7,6,6,0,0.55,0
CUST_04878,occasional,6065.57,5,4,1,0.55,0
CUST_04879,unresponsive,2229.96,3,2,1,0.25,0
CUST_04880,occasional,7959.4,6,6,0,0.55,0
CUST_04881,occasional,7606.12,5,4,1,0.55,0
CUST_04882,price_sensitive,1165.72,1,1,0,0.6,0
CUST_04883,reliable,11204.31,7,7,0,0.75,0
CUST_04884,occasional,1793.92,1,1,0,0.55,0
CUST_04885,reliable,11177.2,10,8,2,0.75,0
CUST_04886,unresponsive,1785.23,1,1,0,0.25,0
CUST_04887,occasional,6024.49,5,5,0,0.55,0
CUST_04888,high_value,46911.89,7,6,1,0.8,0
CUST_04889,reliable,3473.83,2,2,0,0.75,0
CUST_04890,high_value,62898.13,7,7,0,0.8,0
CUST_04891,frequent_failure,5561.72,8,3,5,0.35,0
CUST_04892,price_sensitive,8799.75,6,5,1,0.6,0
CUST_04893,reliable,20320.48,12,11,1,0.75,0
CUST_04894,occasional,8153.65,5,5,0,0.55,0
CUST_04895,occasional,13994.65,8,8,0,0.55,0
CUST_04896,reliable,6160.3,3,3,0,0.75,0
CUST_04897,price_sensitive,1362.29,1,1,0,0.6,0
CUST_04898,high_value,51447.6,6,6,0,0.8,0
CUST_04899,reliable,9654.42,6,6,0,0.75,0
CUST_04900,occasional,6775.53,6,5,1,0.55,0
CUST_04901,reliable,9901.45,6,5,1,0.75,0
CUST_04902,price_sensitive,3774.84,4,3,1,0.6,0
CUST_04903,frequent_failure,7083.96,10,6,4,0.35,0
CUST_04904,high_value,87887.28,8,8,0,0.8,0
CUST_04905,high_value,34374.54,4,4,0,0.8,0
CUST_04906,reliable,15192.47,9,8,1,0.75,0
CUST_04907,reliable,17137.48,10,10,0,0.75,0
CUST_04908,occasional,7494.53,6,5,1,0.55,0
CUST_04909,occasional,1771.93,2,1,1,0.55,0
CUST_04910,occasional,12342.21,10,9,1,0.55,0
CUST_04911,occasional,11284.19,7,7,0,0.55,0
CUST_04912,high_value,50825.88,8,7,1,0.8,0
CUST_04913,occasional,6624.46,5,4,1,0.55,0
CUST_04914,frequent_failure,6241.69,6,5,1,0.35,0
CUST_04915,occasional,5233.4,4,4,0,0.55,0
CUST_04916,occasional,3123.96,4,2,2,0.55,0
CUST_04917,high_value,54450.03,9,9,0,0.8,0
CUST_04918,frequent_failure,1386.66,4,1,3,0.35,0
CUST_04919,price_sensitive,1204.97,1,1,0,0.6,0
CUST_04920,price_sensitive,3520.34,7,5,2,0.6,0
CUST_04921,reliable,7062.93,3,3,0,0.75,0
CUST_04922,unresponsive,4434.15,5,4,1,0.25,0
CUST_04923,reliable,17423.72,11,11,0,0.75,0
CUST_04924,high_value,20076.74,5,5,0,0.8,0
CUST_04925,occasional,7666.84,5,4,1,0.55,0
CUST_04926,occasional,9751.45,6,5,1,0.55,0
CUST_04927,high_value,47767.08,7,7,0,0.8,0
CUST_04928,occasional,14045.67,8,8,0,0.55,0
CUST_04929,price_sensitive,2540.95,2,2,0,0.6,0
CUST_04930,reliable,8455.39,7,6,1,0.75,0
CUST_04931,reliable,20497.42,9,9,0,0.75,0
CUST_04932,reliable,15899.74,9,8,1,0.75,0
CUST_04933,price_sensitive,1138.61,1,1,0,0.6,0
CUST_04934,reliable,8690.17,7,7,0,0.75,0
CUST_04935,occasional,1354.45,1,1,0,0.55,0
CUST_04936,unresponsive,3165.63,3,2,1,0.25,0
CUST_04937,occasional,8175.85,6,6,0,0.55,0
CUST_04938,reliable,22070.12,11,10,1,0.75,0
CUST_04939,unresponsive,2827.95,2,2,0,0.25,0
CUST_04940,reliable,14192.26,6,6,0,0.75,0
CUST_04941,price_sensitive,1638.9,2,2,0,0.6,0
CUST_04942,occasional,1987.51,2,1,1,0.55,0
CUST_04943,occasional,2645.07,3,2,1,0.55,0
CUST_04944,reliable,14995.55,7,7,0,0.75,0
CUST_04945,price_sensitive,3648.79,4,3,1,0.6,0
CUST_04946,reliable,15328.86,9,9,0,0.75,0
CUST_04947,occasional,7684.77,5,5,0,0.55,0
CUST_04948,price_sensitive,7178.66,11,9,2,0.6,0
CUST_04949,price_sensitive,3353.36,4,4,0,0.6,0
CUST_04950,unresponsive,2873.86,3,2,1,0.25,0
CUST_04951,reliable,8520.0,6,5,1,0.75,0
CUST_04952,reliable,5523.5,3,3,0,0.75,0
CUST_04953,price_sensitive,4330.88,6,4,2,0.6,0
CUST_04954,reliable,10113.29,5,5,0,0.75,0
CUST_04955,unresponsive,3402.82,4,3,1,0.25,0
CUST_04956,price_sensitive,4719.42,7,6,1,0.6,0
CUST_04957,unresponsive,3760.78,4,3,1,0.25,0
CUST_04958,reliable,3900.3,3,3,0,0.75,0
CUST_04959,frequent_failure,3876.22,6,3,3,0.35,0
CUST_04960,reliable,21323.8,12,12,0,0.75,0
CUST_04961,occasional,3666.79,4,4,0,0.55,0
CUST_04962,reliable,8103.61,4,4,0,0.75,0
CUST_04963,price_sensitive,1862.24,3,3,0,0.6,0
CUST_04964,price_sensitive,3589.81,3,3,0,0.6,0
CUST_04965,price_sensitive,4289.88,5,3,2,0.6,0
CUST_04966,price_sensitive,860.23,1,1,0,0.6,0
CUST_04967,high_value,47681.99,7,6,1,0.8,0
CUST_04968,reliable,18115.21,8,8,0,0.75,0
CUST_04969,occasional,4165.86,4,3,1,0.55,0
CUST_04970,price_sensitive,4261.18,8,7,1,0.6,0
CUST_04971,frequent_failure,14116.58,11,10,1,0.35,0
CUST_04972,reliable,20653.4,11,11,0,0.75,0
CUST_04973,reliable,10868.54,5,5,0,0.75,0
CUST_04974,occasional,3537.59,3,3,0,0.55,0
CUST_04975,occasional,6419.24,5,4,1,0.55,0
CUST_04976,reliable,12893.07,7,7,0,0.75,0
CUST_04977,occasional,8708.77,6,5,1,0.55,0
CUST_04978,price_sensitive,2384.19,2,2,0,0.6,0
CUST_04979,reliable,8489.63,7,7,0,0.75,0
CUST_04980,reliable,22208.09,12,11,1,0.75,0
CUST_04981,price_sensitive,5185.11,5,5,0,0.6,0
CUST_04982,reliable,14926.52,10,9,1,0.75,0
CUST_04983,occasional,4114.91,4,3,1,0.55,0
CUST_04984,occasional,7334.61,5,5,0,0.55,0
CUST_04985,price_sensitive,3594.96,3,2,1,0.6,0
CUST_04986,price_sensitive,2364.5,3,3,0,0.6,0
CUST_04987,reliable,15026.9,10,10,0,0.75,0
CUST_04988,high_value,24739.83,6,6,0,0.8,0
CUST_04989,price_sensitive,8003.04,8,7,1,0.6,0
CUST_04990,frequent_failure,8861.98,8,6,2,0.35,0
CUST_04991,occasional,4048.86,6,6,0,0.55,0
CUST_04992,price_sensitive,4863.88,6,4,2,0.6,0
CUST_04993,frequent_failure,5908.03,7,5,2,0.35,0
CUST_04994,frequent_failure,5337.74,6,5,1,0.35,0
CUST_04995,reliable,13312.39,6,6,0,0.75,0
CUST_04996,price_sensitive,3314.2,3,3,0,0.6,0
CUST_04997,occasional,1602.0,2,2,0,0.55,0
CUST_04998,occasional,6196.46,6,5,1,0.55,0
CUST_04999,frequent_failure,4727.55,6,4,2,0.35,0
CUST_05000,occasional,1555.02,2,1,1,0.55,0
