payment_code,customer_code,amount,payment_method,failure_reason,status,created_at
PAY_000001,CUST_02765,461.41,WALLET,AUTHENTICATION_FAILED,FAILED,2026-07-29 00:43:40.762408
PAY_000002,CUST_03567,1060.96,CARD,,SUCCESS,2026-07-30 01:14:40.763192
PAY_000003,CUST_02585,775.66,NETBANKING,INSUFFICIENT_FUNDS,FAILED,2026-08-26 17:09:40.763820
PAY_000004,CUST_02176,442.47,WALLET,BANK_TIMEOUT,FAILED,2026-08-17 08:25:40.764389
PAY_000005,CUST_00028,1874.75,WALLET,,SUCCESS,2026-08-07 22:38:40.764959
PAY_000006,CUST_02192,1800.71,NETBANKING,AUTHENTICATION_FAILED,FAILED,2026-07-28 18:33:40.765477
PAY_000007,CUST_03407,2485.16,CARD,,SUCCESS,2026-08-13 23:16:40.766029
PAY_000008,CUST_02736,1769.56,UPI,,SUCCESS,2026-08-12 18:42:40.766545
PAY_000009,CUST_01082,2177.91,NETBANKING,,SUCCESS,2026-08-26 12:11:40.767110
PAY_000010,CUST_00246,2781.37,NETBANKING,,SUCCESS,2026-08-11 06:01:40.767625
PAY_000011,CUST_02609,713.26,UPI,,SUCCESS,2026-08-18 19:02:40.768175
PAY_000012,CUST_04507,1598.41,NETBANKING,,SUCCESS,2026-08-04 23:34:40.768689
PAY_000013,CUST_01553,593.7,UPI,,SUCCESS,2026-07-28 09:39:40.769254
PAY_000014,CUST_03449,5536.64,CARD,,SUCCESS,2026-07-29 05:48:40.769772
PAY_000015,CUST_02836,1486.65,NETBANKING,,SUCCESS,2026-08-05 17:44:40.770348
PAY_000016,CUST_04455,1843.4,WALLET,,SUCCESS,2026-08-24 05:41:40.770885
PAY_000017,CUST_02241,454.1,NETBANKING,,SUCCESS,2026-08-01 01:48:40.771423
PAY_000018,CUST_00366,1420.35,NETBANKING,,SUCCESS,2026-08-01 12:28:40.772784
PAY_000019,CUST_01402,1048.44,CARD,,SUCCESS,2026-07-31 12:12:40.773739
PAY_000020,CUST_00072,1159.23,NETBANKING,,SUCCESS,2026-08-23 18:33:40.774691
PAY_000021,CUST_03056,100.0,NETBANKING,,SUCCESS,2026-08-25 08:50:40.775292
PAY_000022,CUST_01333,994.1,WALLET,,SUCCESS,2026-07-29 06:33:40.775868
PAY_000023,CUST_01651,1149.81,CARD,,SUCCESS,2026-07-31 19:13:40.776442
PAY_000024,CUST_01942,6001.18,CARD,,SUCCESS,2026-07-30 16:46:40.777025
PAY_000025,CUST_00614,1732.66,NETBANKING,BANK_DECLINED,FAILED,2026-08-25 08:20:40.777598
PAY_000026,CUST_00601,2688.4,UPI,,SUCCESS,2026-08-04 03:58:40.778183
PAY_000027,CUST_00002,2349.17,NETBANKING,,SUCCESS,2026-08-06 05:16:40.778757
PAY_000028,CUST_02863,258.41,NETBANKING,,SUCCESS,2026-08-16 22:48:40.779334
PAY_000029,CUST_02705,1161.29,CARD,,SUCCESS,2026-08-21 16:17:40.779917
PAY_000030,CUST_02193,980.94,UPI,,SUCCESS,2026-08-17 14:08:40.780487
PAY_000031,CUST_03915,542.16,WALLET,,SUCCESS,2026-08-03 18:12:40.781065
PAY_000032,CUST_03280,1183.87,WALLET,AUTHENTICATION_FAILED,FAILED,2026-08-19 18:35:40.781637
PAY_000033,CUST_04844,7170.7,WALLET,,SUCCESS,2026-08-02 22:56:40.782218
PAY_000034,CUST_03697,1803.31,NETBANKING,,SUCCESS,2026-08-20 06:22:40.782792
PAY_000035,CUST_03809,1203.23,UPI,,SUCCESS,2026-08-03 07:06:40.783368
PAY_000036,CUST_04495,2055.42,CARD,,SUCCESS,2026-08-17 10:45:40.783947
PAY_000037,CUST_04427,803.33,WALLET,,SUCCESS,2026-08-09 03:32:40.784518
PAY_000038,CUST_00988,1373.43,UPI,,SUCCESS,2026-08-26 14:23:40.785092
PAY_000039,CUST_00301,100.0,UPI,AUTHENTICATION_FAILED,FAILED,2026-08-22 19:46:40.785695
PAY_000040,CUST_04089,463.97,UPI,,SUCCESS,2026-08-22 02:16:40.786268
PAY_000041,CUST_03861,1301.81,NETBANKING,,SUCCESS,2026-08-25 18:19:40.786857
PAY_000042,CUST_01502,1264.25,NETBANKING,,SUCCESS,2026-07-28 17:05:40.787487
PAY_000043,CUST_04852,1830.36,NETBANKING,,SUCCESS,2026-08-17 15:49:40.788784
PAY_000044,CUST_03188,1119.58,NETBANKING,,SUCCESS,2026-08-02 13:29:40.790018
PAY_000045,CUST_04989,937.48,WALLET,,SUCCESS,2026-08-21 10:22:40.790923
PAY_000046,CUST_02673,6769.19,CARD,,SUCCESS,2026-08-14 07:59:40.791459
PAY_000047,CUST_03011,1607.52,UPI,,SUCCESS,2026-08-17 09:14:40.791986
PAY_000048,CUST_00449,923.61,NETBANKING,,SUCCESS,2026-08-14 10:49:40.792502
PAY_000049,CUST_02781,781.3,NETBANKING,AUTHENTICATION_FAILED,FAILED,2026-08-15 15:28:40.793029
PAY_000050,CUST_03432,1051.32,NETBANKING,AUTHENTICATION_FAILED,FAILED,2026-08-11 08:53:40.793544
PAY_000051,CUST_03937,1600.21,UPI,,SUCCESS,2026-08-20 20:48:40.794165
PAY_000052,CUST_03660,1158.15,UPI,BANK_TIMEOUT,FAILED,2026-08-09 07:53:40.794762
PAY_000053,CUST_02939,656.64,WALLET,NETWORK_ERROR,FAILED,2026-08-18 15:23:40.795296
PAY_000054,CUST_00034,902.69,WALLET,,SUCCESS,2026-07-29 17:42:40.795814
PAY_000055,CUST_02467,100.0,NETBANKING,,SUCCESS,2026-08-17 18:27:40.796336
PAY_000056,CUST_03297,976.21,UPI,,SUCCESS,2026-08-05 14:13:40.796854
PAY_000057,CUST_02904,1030.1,UPI,,SUCCESS,2026-08-05 11:24:40.797369
PAY_000058,CUST_02689,848.48,NETBANKING,NETWORK_ERROR,FAILED,2026-08-05 08:55:40.797895
PAY_000059,CUST_03495,1620.2,CARD,,SUCCESS,2026-08-20 05:54:40.798405
PAY_000060,CUST_02838,1744.52,NETBANKING,,SUCCESS,2026-08-10 05:53:40.798926
PAY_000061,CUST_01762,460.21,NETBANKING,,SUCCESS,2026-08-12 00:09:40.799437
PAY_000062,CUST_03350,440.78,UPI,,SUCCESS,2026-08-23 19:29:40.800073
PAY_000063,CUST_00603,985.46,NETBANKING,,SUCCESS,2026-08-05 00:04:40.800620
PAY_000064,CUST_00184,1951.47,CARD,,SUCCESS,2026-08-13 22:34:40.801191
PAY_000065,CUST_04026,1358.32,CARD,,SUCCESS,2026-08-03 16:04:40.801824
PAY_000066,CUST_02908,735.11,UPI,BANK_DECLINED,FAILED,2026-08-01 11:25:40.802361
PAY_000067,CUST_03716,385.79,NETBANKING,,SUCCESS,2026-08-02 12:58:40.802886
PAY_000068,CUST_03628,1685.87,WALLET,,SUCCESS,2026-08-15 22:17:40.803412
PAY_000069,CUST_04069,6928.45,CARD,,SUCCESS,2026-08-04 20:00:40.804089
PAY_000070,CUST_04600,2354.82,NETBANKING,,SUCCESS,2026-08-17 07:25:40.804752
PAY_000071,CUST_04956,819.5,WALLET,,SUCCESS,2026-08-06 23:21:40.805612
PAY_000072,CUST_02334,1214.01,NETBANKING,,SUCCESS,2026-08-02 00:06:40.806188
PAY_000073,CUST_00864,895.58,CARD,,SUCCESS,2026-08-23 05:48:40.806716
PAY_000074,CUST_02948,6913.73,WALLET,,SUCCESS,2026-08-21 14:00:40.807244
PAY_000075,CUST_02111,1334.67,WALLET,,SUCCESS,2026-08-11 23:29:40.807761
PAY_000076,CUST_04918,100.0,WALLET,,SUCCESS,2026-08-18 18:27:40.808354
PAY_000077,CUST_04004,608.51,WALLET,,SUCCESS,2026-08-23 14:51:40.808974
PAY_000078,CUST_04228,685.25,WALLET,,SUCCESS,2026-08-11 21:15:40.809503
PAY_000079,CUST_02817,384.28,UPI,,SUCCESS,2026-08-22 15:59:40.810023
PAY_000080,CUST_02614,1018.44,CARD,,SUCCESS,2026-07-31 08:31:40.810542
PAY_000081,CUST_04799,972.94,UPI,,SUCCESS,2026-08-20 02:37:40.811066
PAY_000082,CUST_01601,1015.31,WALLET,,SUCCESS,2026-08-02 14:36:40.811585
PAY_000083,CUST_01949,1039.24,WALLET,,SUCCESS,2026-08-17 21:09:40.812110
PAY_000084,CUST_00644,1427.2,NETBANKING,,SUCCESS,2026-08-13 03:29:40.812628
PAY_000085,CUST_03412,2075.17,NETBANKING,,SUCCESS,2026-08-07 00:02:40.813149
PAY_000086,CUST_02945,1185.32,NETBANKING,,SUCCESS,2026-08-22 17:21:40.813661
PAY_000087,CUST_01712,5975.38,WALLET,,SUCCESS,2026-08-20 23:33:40.814187
PAY_000088,CUST_03453,100.0,UPI,,SUCCESS,2026-08-09 23:35:40.814702
PAY_000089,CUST_01662,2023.97,UPI,,SUCCESS,2026-08-26 17:57:40.815273
PAY_000090,CUST_04333,1588.57,NETBANKING,,SUCCESS,2026-08-21 19:03:40.815878
PAY_000091,CUST_00227,1273.26,UPI,,SUCCESS,2026-08-16 01:56:40.816406
PAY_000092,CUST_04495,1764.36,WALLET,,SUCCESS,2026-07-29 07:58:40.816927
PAY_000093,CUST_04259,535.0,WALLET,NETWORK_ERROR,FAILED,2026-08-09 10:06:40.817442
PAY_000094,CUST_04917,5960.75,CARD,,SUCCESS,2026-08-18 21:28:40.817963
PAY_000095,CUST_02376,880.98,CARD,,SUCCESS,2026-08-01 12:12:40.818472
PAY_000096,CUST_02529,2545.68,NETBANKING,,SUCCESS,2026-08-07 19:09:40.819080
PAY_000097,CUST_01818,637.1,CARD,INSUFFICIENT_FUNDS,FAILED,2026-08-26 06:12:40.819600
PAY_000098,CUST_00226,1549.34,UPI,INSUFFICIENT_FUNDS,FAILED,2026-08-04 15:16:40.820130
PAY_000099,CUST_01035,1842.2,CARD,,SUCCESS,2026-08-22 22:24:40.820638
PAY_000100,CUST_00790,647.22,WALLET,,SUCCESS,2026-08-06 00:46:40.821160
PAY_000101,CUST_01719,8827.33,WALLET,,SUCCESS,2026-07-29 10:07:40.821709
PAY_000102,CUST_03725,1343.52,WALLET,,SUCCESS,2026-08-01 15:53:40.822419
PAY_000103,CUST_00403,1825.32,WALLET,,SUCCESS,2026-08-10 14:47:40.823041
PAY_000104,CUST_03571,686.3,WALLET,AUTHENTICATION_FAILED,FAILED,2026-08-26 10:46:40.823655
PAY_000105,CUST_04794,1593.11,CARD,,SUCCESS,2026-08-03 22:51:40.824193
PAY_000106,CUST_03768,678.35,NETBANKING,,SUCCESS,2026-08-25 06:20:40.824711
PAY_000107,CUST_00565,1270.66,WALLET,,SUCCESS,2026-08-10 00:17:40.825237
PAY_000108,CUST_02705,777.42,WALLET,BANK_TIMEOUT,FAILED,2026-08-20 07:41:40.825746
PAY_000109,CUST_01742,1707.31,NETBANKING,,SUCCESS,2026-08-05 15:02:40.826272
PAY_000110,CUST_03453,727.11,UPI,,SUCCESS,2026-08-15 15:01:40.826785
PAY_000111,CUST_00961,1205.65,UPI,,SUCCESS,2026-07-28 22:43:40.827304
PAY_000112,CUST_00625,1759.21,NETBANKING,,SUCCESS,2026-07-29 21:16:40.827822
PAY_000113,CUST_01360,1593.37,NETBANKING,AUTHENTICATION_FAILED,FAILED,2026-08-26 07:06:40.828342
PAY_000114,CUST_01799,1568.03,WALLET,,SUCCESS,2026-07-31 15:57:40.828864
PAY_000115,CUST_04729,2050.06,WALLET,,SUCCESS,2026-08-10 17:24:40.829431
PAY_000116,CUST_03380,897.74,NETBANKING,,SUCCESS,2026-08-13 14:59:40.830062
PAY_000117,CUST_02472,952.08,NETBANKING,,SUCCESS,2026-08-01 03:09:40.830588
PAY_000118,CUST_02756,2239.39,WALLET,,SUCCESS,2026-07-31 11:23:40.831107
PAY_000119,CUST_03237,692.02,UPI,,SUCCESS,2026-07-27 22:00:40.831618
PAY_000120,CUST_02644,2062.31,UPI,,SUCCESS,2026-08-13 17:36:40.832146
PAY_000121,CUST_01497,1663.64,CARD,,SUCCESS,2026-08-03 18:38:40.832664
PAY_000122,CUST_00332,1959.7,NETBANKING,,SUCCESS,2026-08-15 07:34:40.833190
PAY_000123,CUST_02649,2096.33,NETBANKING,,SUCCESS,2026-08-14 06:16:40.833706
PAY_000124,CUST_00501,1285.42,UPI,,SUCCESS,2026-08-21 17:02:40.834365
PAY_000125,CUST_04355,2168.1,CARD,,SUCCESS,2026-07-27 18:54:40.834895
PAY_000126,CUST_00728,2461.88,CARD,,SUCCESS,2026-08-14 21:31:40.835408
PAY_000127,CUST_00059,363.46,CARD,,SUCCESS,2026-08-04 17:13:40.835923
PAY_000128,CUST_03545,1655.24,UPI,,SUCCESS,2026-08-11 04:24:40.836501
PAY_000129,CUST_01694,1328.4,CARD,,SUCCESS,2026-07-30 16:23:40.837114
PAY_000130,CUST_02071,1672.46,CARD,,SUCCESS,2026-08-04 05:10:40.837634
PAY_000131,CUST_03468,2511.55,WALLET,,SUCCESS,2026-08-09 08:21:40.838156
PAY_000132,CUST_00939,107.18,WALLET,,SUCCESS,2026-07-28 18:28:40.838928
PAY_000133,CUST_00824,1720.42,NETBANKING,BANK_TIMEOUT,FAILED,2026-07-28 13:21:40.839485
PAY_000134,CUST_03541,749.88,UPI,BANK_TIMEOUT,FAILED,2026-08-19 03:49:40.840016
PAY_000135,CUST_01175,2365.73,WALLET,,SUCCESS,2026-08-13 01:42:40.840527
PAY_000136,CUST_00941,1519.15,CARD,,SUCCESS,2026-08-09 12:02:40.841045
PAY_000137,CUST_02173,1744.8,WALLET,,SUCCESS,2026-08-05 04:30:40.841559
PAY_000138,CUST_02095,1506.22,WALLET,,SUCCESS,2026-08-26 05:55:40.842073
PAY_000139,CUST_03881,1200.8,WALLET,,SUCCESS,2026-08-09 09:37:40.842579
PAY_000140,CUST_01914,1877.94,UPI,,SUCCESS,2026-08-22 08:32:40.843131
PAY_000141,CUST_02889,6823.47,NETBANKING,,SUCCESS,2026-08-07 03:15:40.843685
PAY_000142,CUST_01895,1840.72,NETBANKING,,SUCCESS,2026-08-11 13:00:40.844281
PAY_000143,CUST_01456,779.91,UPI,BANK_DECLINED,FAILED,2026-07-28 00:09:40.844804
PAY_000144,CUST_04632,1870.63,WALLET,,SUCCESS,2026-08-15 18:46:40.845675
PAY_000145,CUST_04043,1206.57,CARD,,SUCCESS,2026-08-03 02:57:40.846242
PAY_000146,CUST_03987,1549.58,CARD,,SUCCESS,2026-08-12 12:42:40.846776
PAY_000147,CUST_04736,1382.72,UPI,,SUCCESS,2026-08-23 16:39:40.847321
PAY_000148,CUST_02940,360.09,UPI,AUTHENTICATION_FAILED,FAILED,2026-08-22 01:23:40.847859
PAY_000149,CUST_04651,680.43,NETBANKING,,SUCCESS,2026-08-16 19:13:40.848437
PAY_000150,CUST_04828,1172.52,NETBANKING,,SUCCESS,2026-08-17 23:59:40.849022
PAY_000151,CUST_00844,814.86,UPI,BANK_TIMEOUT,FAILED,2026-07-30 17:55:40.849540
PAY_000152,CUST_00948,2064.44,CARD,,SUCCESS,2026-07-30 12:11:40.850169
PAY_000153,CUST_01147,4736.52,UPI,,SUCCESS,2026-08-22 20:31:40.850732
PAY_000154,CUST_03814,1511.85,CARD,,SUCCESS,2026-08-09 16:14:40.851306
PAY_000155,CUST_04859,8143.06,CARD,,SUCCESS,2026-08-21 17:48:40.851822
PAY_000156,CUST_02798,853.5,NETBANKING,,SUCCESS,2026-08-13 09:08:40.852346
PAY_000157,CUST_01693,1888.97,UPI,,SUCCESS,2026-07-28 17:09:40.852866
PAY_000158,CUST_00779,1383.56,NETBANKING,,SUCCESS,2026-08-07 08:30:40.853380
PAY_000159,CUST_04594,774.18,NETBANKING,,SUCCESS,2026-08-15 01:48:40.853899
PAY_000160,CUST_00121,6055.6,UPI,,SUCCESS,2026-08-14 04:00:40.854415
PAY_000161,CUST_03904,1921.49,WALLET,,SUCCESS,2026-08-09 02:26:40.854961
PAY_000162,CUST_01673,7982.49,UPI,,SUCCESS,2026-08-15 00:49:40.855690
PAY_000163,CUST_01081,830.07,NETBANKING,,SUCCESS,2026-08-18 16:32:40.856249
PAY_000164,CUST_00884,1141.18,WALLET,,SUCCESS,2026-08-17 15:41:40.856759
PAY_000165,CUST_04027,1975.92,CARD,,SUCCESS,2026-07-28 09:50:40.857300
PAY_000166,CUST_03281,913.64,CARD,,SUCCESS,2026-08-02 04:22:40.857866
PAY_000167,CUST_00152,1018.96,CARD,,SUCCESS,2026-07-29 20:16:40.858495
PAY_000168,CUST_01243,916.69,WALLET,,SUCCESS,2026-08-14 23:59:40.859027
PAY_000169,CUST_02748,1349.24,UPI,,SUCCESS,2026-08-23 13:58:40.859556
PAY_000170,CUST_01002,1695.32,NETBANKING,,SUCCESS,2026-08-06 11:51:40.860103
PAY_000171,CUST_03183,1383.04,WALLET,INSUFFICIENT_FUNDS,FAILED,2026-07-28 01:46:40.860618
PAY_000172,CUST_04721,2217.0,UPI,,SUCCESS,2026-08-09 00:22:40.861147
PAY_000173,CUST_02392,964.6,NETBANKING,,SUCCESS,2026-08-08 23:26:40.861661
PAY_000174,CUST_01772,10446.62,WALLET,,SUCCESS,2026-08-05 00:37:40.862214
PAY_000175,CUST_01844,1257.9,UPI,,SUCCESS,2026-08-02 04:55:40.862730
PAY_000176,CUST_01334,1401.6,WALLET,,SUCCESS,2026-08-04 20:20:40.863258
PAY_000177,CUST_04312,1869.29,NETBANKING,,SUCCESS,2026-08-11 14:40:40.863778
PAY_000178,CUST_03732,2893.75,WALLET,,SUCCESS,2026-08-24 06:35:40.864357
PAY_000179,CUST_01844,1832.03,UPI,,SUCCESS,2026-08-10 03:49:40.864929
PAY_000180,CUST_03684,1535.83,NETBANKING,,SUCCESS,2026-08-23 03:00:40.865483
PAY_000181,CUST_04315,2516.72,NETBANKING,,SUCCESS,2026-07-28 07:19:40.866262
PAY_000182,CUST_02735,865.23,UPI,,SUCCESS,2026-08-09 07:16:40.866824
PAY_000183,CUST_01107,7785.91,NETBANKING,,SUCCESS,2026-08-09 00:47:40.867355
PAY_000184,CUST_00053,2375.91,NETBANKING,,SUCCESS,2026-08-04 15:29:40.867877
PAY_000185,CUST_00013,2177.91,WALLET,,SUCCESS,2026-08-18 03:56:40.868391
PAY_000186,CUST_00691,8073.26,CARD,,SUCCESS,2026-08-25 15:10:40.868911
PAY_000187,CUST_03428,7047.19,CARD,,SUCCESS,2026-08-04 12:30:40.869422
PAY_000188,CUST_00746,693.39,NETBANKING,,SUCCESS,2026-08-04 01:05:40.869939
PAY_000189,CUST_04585,777.68,WALLET,,SUCCESS,2026-08-26 00:57:40.870452
PAY_000190,CUST_00951,5159.69,UPI,BANK_DECLINED,FAILED,2026-08-24 20:07:40.870973
PAY_000191,CUST_03463,1133.56,CARD,,SUCCESS,2026-07-28 00:42:40.871541
PAY_000192,CUST_01696,1502.74,WALLET,,SUCCESS,2026-08-02 08:48:40.872375
PAY_000193,CUST_02188,4710.43,CARD,,SUCCESS,2026-08-23 12:12:40.872987
PAY_000194,CUST_00675,1260.28,CARD,NETWORK_ERROR,FAILED,2026-07-28 00:43:40.873508
PAY_000195,CUST_01289,1106.79,UPI,INSUFFICIENT_FUNDS,FAILED,2026-07-28 06:14:40.874079
PAY_000196,CUST_04896,1978.16,CARD,,SUCCESS,2026-07-28 23:50:40.874590
PAY_000197,CUST_00433,1860.46,NETBANKING,,SUCCESS,2026-08-22 08:36:40.875153
PAY_000198,CUST_00507,1902.07,CARD,,SUCCESS,2026-07-30 21:18:40.875668
PAY_000199,CUST_04457,1514.38,UPI,BANK_TIMEOUT,FAILED,2026-08-04 03:52:40.876226
PAY_000200,CUST_03020,2221.78,CARD,,SUCCESS,2026-08-23 21:57:40.876742
PAY_000201,CUST_03169,689.69,WALLET,,SUCCESS,2026-08-11 10:24:40.877289
PAY_000202,CUST_03234,2167.74,WALLET,,SUCCESS,2026-08-12 00:43:40.877805
PAY_000203,CUST_01279,8393.09,CARD,,SUCCESS,2026-08-12 03:37:40.878432
PAY_000204,CUST_04775,1713.44,CARD,,SUCCESS,2026-08-24 17:05:40.879073
PAY_000205,CUST_00779,1227.96,NETBANKING,,SUCCESS,2026-08-23 21:49:40.879633
PAY_000206,CUST_01760,7240.22,CARD,,SUCCESS,2026-08-07 21:25:40.880202
PAY_000207,CUST_03967,2336.25,NETBANKING,,SUCCESS,2026-08-01 14:24:40.880717
PAY_000208,CUST_01842,1230.14,CARD,AUTHENTICATION_FAILED,FAILED,2026-08-24 22:25:40.881270
PAY_000209,CUST_03009,1877.24,WALLET,INSUFFICIENT_FUNDS,FAILED,2026-08-26 01:48:40.881778
PAY_000210,CUST_00962,940.91,UPI,,SUCCESS,2026-08-26 11:56:40.882804
PAY_000211,CUST_03392,1642.17,UPI,AUTHENTICATION_FAILED,FAILED,2026-08-13 20:58:40.883580
PAY_000212,CUST_01095,1485.15,WALLET,,SUCCESS,2026-08-21 00:16:40.884377
PAY_000213,CUST_04203,500.62,NETBANKING,,SUCCESS,2026-08-02 23:31:40.885418
PAY_000214,CUST_03067,799.95,CARD,,SUCCESS,2026-08-18 20:13:40.886403
PAY_000215,CUST_03334,1034.41,UPI,,SUCCESS,2026-07-30 15:35:40.887317
PAY_000216,CUST_01783,679.25,WALLET,AUTHENTICATION_FAILED,FAILED,2026-08-22 18:44:40.888215
PAY_000217,CUST_00554,4967.67,NETBANKING,,SUCCESS,2026-08-10 22:56:40.889288
PAY_000218,CUST_01857,8269.17,CARD,,SUCCESS,2026-08-18 01:16:40.890187
PAY_000219,CUST_04745,2138.47,UPI,AUTHENTICATION_FAILED,FAILED,2026-08-10 07:35:40.891081
PAY_000220,CUST_04456,887.23,CARD,,SUCCESS,2026-08-05 15:50:40.891984
PAY_000221,CUST_00255,677.23,CARD,,SUCCESS,2026-08-14 04:57:40.892897
PAY_000222,CUST_01259,1359.11,UPI,INSUFFICIENT_FUNDS,FAILED,2026-08-05 04:41:40.893797
PAY_000223,CUST_04644,9777.5,CARD,,SUCCESS,2026-08-24 19:47:40.894710
PAY_000224,CUST_03006,799.73,NETBANKING,BANK_DECLINED,FAILED,2026-08-17 05:57:40.895559
PAY_000225,CUST_04203,524.51,NETBANKING,,SUCCESS,2026-07-29 17:09:40.896253
PAY_000226,CUST_04860,900.29,WALLET,,SUCCESS,2026-08-24 19:34:40.896773
PAY_000227,CUST_03264,10002.69,UPI,,SUCCESS,2026-08-02 07:56:40.897300
PAY_000228,CUST_04576,717.99,UPI,,SUCCESS,2026-08-04 17:04:40.897812
PAY_000229,CUST_04177,1707.06,UPI,,SUCCESS,2026-08-16 01:52:40.898702
PAY_000230,CUST_01908,1099.55,NETBANKING,,SUCCESS,2026-08-07 17:09:40.899365
PAY_000231,CUST_01597,706.66,NETBANKING,,SUCCESS,2026-08-16 07:35:40.899906
PAY_000232,CUST_02895,1855.08,NETBANKING,,SUCCESS,2026-08-16 10:05:40.900497
PAY_000233,CUST_01596,582.01,WALLET,,SUCCESS,2026-08-17 16:28:40.901336
PAY_000234,CUST_02440,1820.07,CARD,,SUCCESS,2026-08-23 10:34:40.902162
PAY_000235,CUST_00589,2019.6,WALLET,,SUCCESS,2026-08-24 07:31:40.902714
PAY_000236,CUST_04687,764.99,CARD,,SUCCESS,2026-08-16 22:46:40.903241
PAY_000237,CUST_03066,2089.21,WALLET,,SUCCESS,2026-08-18 16:23:40.903751
PAY_000238,CUST_00953,202.53,CARD,,SUCCESS,2026-08-05 22:54:40.904319
PAY_000239,CUST_00983,1612.99,NETBANKING,,SUCCESS,2026-08-14 12:18:40.904851
PAY_000240,CUST_02014,1097.6,CARD,,SUCCESS,2026-08-25 07:49:40.905573
PAY_000241,CUST_00305,589.75,UPI,,SUCCESS,2026-08-14 00:23:40.906127
PAY_000242,CUST_01554,1734.87,WALLET,,SUCCESS,2026-08-05 21:59:40.906654
PAY_000243,CUST_03598,196.01,NETBANKING,,SUCCESS,2026-08-16 18:44:40.907225
PAY_000244,CUST_03085,1461.77,CARD,,SUCCESS,2026-07-28 18:01:40.907793
PAY_000245,CUST_01871,3790.58,CARD,,SUCCESS,2026-07-31 11:25:40.908637
PAY_000246,CUST_00096,821.47,CARD,,SUCCESS,2026-08-22 20:25:40.909211
PAY_000247,CUST_04301,7525.58,WALLET,,SUCCESS,2026-08-16 22:28:40.909739
PAY_000248,CUST_02056,1742.03,WALLET,,SUCCESS,2026-08-14 01:57:40.910282
PAY_000249,CUST_02861,1865.8,WALLET,INSUFFICIENT_FUNDS,FAILED,2026-08-15 12:11:40.910803
PAY_000250,CUST_02676,5645.02,CARD,,SUCCESS,2026-07-30 20:30:40.911354
PAY_000251,CUST_02215,1802.37,UPI,,SUCCESS,2026-08-07 18:33:40.911870
PAY_000252,CUST_03350,821.0,UPI,,SUCCESS,2026-08-05 08:48:40.912380
PAY_000253,CUST_01097,1084.51,UPI,,SUCCESS,2026-08-07 09:54:40.912989
PAY_000254,CUST_04949,935.29,WALLET,,SUCCESS,2026-08-22 07:50:40.914018
PAY_000255,CUST_00098,1952.57,CARD,,SUCCESS,2026-08-23 00:07:40.914959
PAY_000256,CUST_00632,336.55,UPI,,SUCCESS,2026-08-08 06:44:40.915723
PAY_000257,CUST_04970,576.33,CARD,,SUCCESS,2026-08-10 11:24:40.916330
PAY_000258,CUST_01283,1374.16,UPI,,SUCCESS,2026-08-26 01:29:40.916858
PAY_000259,CUST_00895,2041.22,NETBANKING,,SUCCESS,2026-08-19 10:09:40.917375
PAY_000260,CUST_04289,2024.92,UPI,,SUCCESS,2026-08-06 02:04:40.917893
PAY_000261,CUST_00722,1069.92,CARD,,SUCCESS,2026-08-08 08:07:40.918406
PAY_000262,CUST_03531,1301.4,NETBANKING,,SUCCESS,2026-07-29 06:14:40.918927
PAY_000263,CUST_02835,1441.8,UPI,,SUCCESS,2026-07-29 05:41:40.919444
PAY_000264,CUST_02690,894.28,NETBANKING,,SUCCESS,2026-08-02 14:58:40.919997
PAY_000265,CUST_02832,911.01,WALLET,BANK_DECLINED,FAILED,2026-07-29 21:52:40.920535
PAY_000266,CUST_02269,1577.26,CARD,,SUCCESS,2026-08-23 02:27:40.921079
PAY_000267,CUST_00498,2107.46,NETBANKING,,SUCCESS,2026-08-24 07:00:40.921903
PAY_000268,CUST_02293,4935.67,NETBANKING,,SUCCESS,2026-08-24 10:33:40.922694
PAY_000269,CUST_00318,1513.43,NETBANKING,NETWORK_ERROR,FAILED,2026-07-29 14:37:40.923282
PAY_000270,CUST_00843,272.48,NETBANKING,INSUFFICIENT_FUNDS,FAILED,2026-07-28 06:54:40.923866
PAY_000271,CUST_02261,762.42,UPI,,SUCCESS,2026-08-01 06:23:40.924435
PAY_000272,CUST_00216,415.67,CARD,,SUCCESS,2026-08-20 11:42:40.925000
PAY_000273,CUST_03602,1615.51,CARD,,SUCCESS,2026-08-02 05:27:40.925583
PAY_000274,CUST_02288,1337.78,WALLET,AUTHENTICATION_FAILED,FAILED,2026-08-17 05:43:40.926154
PAY_000275,CUST_00934,2627.93,CARD,,SUCCESS,2026-08-12 04:51:40.926719
PAY_000276,CUST_02210,959.93,NETBANKING,,SUCCESS,2026-08-03 20:51:40.927282
PAY_000277,CUST_04265,2974.02,NETBANKING,,SUCCESS,2026-08-24 07:23:40.927871
PAY_000278,CUST_03417,1184.63,NETBANKING,,SUCCESS,2026-08-06 04:43:40.928571
PAY_000279,CUST_01920,766.76,UPI,,SUCCESS,2026-08-05 09:20:40.929322
PAY_000280,CUST_04138,6772.44,NETBANKING,,SUCCESS,2026-08-06 05:12:40.929881
PAY_000281,CUST_02929,6494.67,UPI,,SUCCESS,2026-08-18 05:09:40.930416
PAY_000282,CUST_01854,6610.15,WALLET,,SUCCESS,2026-08-22 19:31:40.930937
PAY_000283,CUST_03925,982.37,CARD,BANK_DECLINED,FAILED,2026-08-23 06:50:40.931458
PAY_000284,CUST_02356,1168.65,NETBANKING,BANK_TIMEOUT,FAILED,2026-08-20 01:16:40.931979
PAY_000285,CUST_03404,1545.03,CARD,,SUCCESS,2026-08-03 02:09:40.932507
PAY_000286,CUST_02412,1037.03,UPI,,SUCCESS,2026-08-13 10:39:40.933035
PAY_000287,CUST_01024,1809.32,CARD,,SUCCESS,2026-08-05 05:15:40.933548
PAY_000288,CUST_01327,886.41,WALLET,,SUCCESS,2026-07-28 10:42:40.934072
PAY_000289,CUST_02427,1496.36,CARD,BANK_TIMEOUT,FAILED,2026-08-25 18:48:40.934601
PAY_000290,CUST_03669,1443.49,CARD,,SUCCESS,2026-08-03 03:19:40.935182
PAY_000291,CUST_01719,8642.14,WALLET,,SUCCESS,2026-07-31 10:47:40.935837
PAY_000292,CUST_03726,1821.62,NETBANKING,,SUCCESS,2026-08-04 15:52:40.936634
PAY_000293,CUST_02655,1740.09,WALLET,,SUCCESS,2026-08-05 22:37:40.937181
PAY_000294,CUST_03917,1126.33,CARD,,SUCCESS,2026-08-12 20:06:40.937698
PAY_000295,CUST_02366,1558.34,NETBANKING,,SUCCESS,2026-08-16 11:10:40.938222
PAY_000296,CUST_01949,1590.79,NETBANKING,,SUCCESS,2026-08-24 15:11:40.938946
PAY_000297,CUST_01225,4629.95,NETBANKING,,SUCCESS,2026-08-06 00:53:40.939542
PAY_000298,CUST_01325,5332.98,CARD,,SUCCESS,2026-08-02 10:10:40.940129
PAY_000299,CUST_04055,1094.88,CARD,,SUCCESS,2026-08-19 19:14:40.940704
PAY_000300,CUST_00397,1400.72,UPI,,SUCCESS,2026-08-24 21:56:40.941274
PAY_000301,CUST_00698,1059.44,CARD,,SUCCESS,2026-08-06 17:18:40.941845
PAY_000302,CUST_01479,1184.59,CARD,,SUCCESS,2026-08-17 10:47:40.942442
PAY_000303,CUST_01813,1078.73,UPI,,SUCCESS,2026-08-12 08:41:40.943088
PAY_000304,CUST_00621,2032.0,CARD,,SUCCESS,2026-08-09 19:33:40.943784
PAY_000305,CUST_00831,2278.29,CARD,,SUCCESS,2026-08-02 12:00:40.944712
PAY_000306,CUST_00705,1153.14,UPI,,SUCCESS,2026-08-08 08:59:40.945303
PAY_000307,CUST_03700,1059.47,CARD,,SUCCESS,2026-08-05 22:34:40.945874
PAY_000308,CUST_01271,1496.48,CARD,,SUCCESS,2026-08-26 14:11:40.946460
PAY_000309,CUST_04259,875.73,NETBANKING,,SUCCESS,2026-07-28 07:55:40.947031
PAY_000310,CUST_01114,1665.37,WALLET,,SUCCESS,2026-08-13 14:18:40.947605
PAY_000311,CUST_00324,1037.63,CARD,,SUCCESS,2026-08-01 01:29:40.948187
PAY_000312,CUST_01972,800.09,WALLET,,SUCCESS,2026-08-11 08:56:40.948758
PAY_000313,CUST_01632,5158.66,WALLET,,SUCCESS,2026-08-24 23:06:40.949348
PAY_000314,CUST_03771,933.2,UPI,BANK_DECLINED,FAILED,2026-08-25 15:47:40.950088
PAY_000315,CUST_03468,2732.0,CARD,,SUCCESS,2026-08-06 11:45:40.950769
PAY_000316,CUST_00313,1447.27,NETBANKING,,SUCCESS,2026-08-24 06:46:40.951362
PAY_000317,CUST_04545,9070.41,CARD,,SUCCESS,2026-07-31 05:37:40.951937
PAY_000318,CUST_01347,742.62,NETBANKING,,SUCCESS,2026-08-17 21:06:40.952464
PAY_000319,CUST_04431,1527.73,WALLET,BANK_TIMEOUT,FAILED,2026-08-03 11:52:40.953014
PAY_000320,CUST_01787,9830.52,WALLET,,SUCCESS,2026-08-12 07:48:40.953528
PAY_000321,CUST_02042,2028.67,UPI,,SUCCESS,2026-08-10 08:30:40.954084
PAY_000322,CUST_04334,821.32,WALLET,,SUCCESS,2026-08-09 23:08:40.954584
PAY_000323,CUST_02888,1519.18,UPI,,SUCCESS,2026-08-13 19:58:40.955335
PAY_000324,CUST_04986,585.77,NETBANKING,,SUCCESS,2026-08-06 12:11:40.955936
PAY_000325,CUST_01991,1930.75,UPI,,SUCCESS,2026-08-16 23:17:40.956491
PAY_000326,CUST_01563,2315.13,WALLET,,SUCCESS,2026-08-07 20:55:40.957329
PAY_000327,CUST_01927,1698.63,NETBANKING,,SUCCESS,2026-08-19 07:58:40.957918
PAY_000328,CUST_02301,873.87,WALLET,,SUCCESS,2026-08-07 22:28:40.958442
PAY_000329,CUST_02746,735.89,UPI,INSUFFICIENT_FUNDS,FAILED,2026-08-17 07:55:40.958983
PAY_000330,CUST_01260,399.1,NETBANKING,,SUCCESS,2026-08-23 18:40:40.959498
PAY_000331,CUST_00602,9156.99,WALLET,,SUCCESS,2026-08-22 18:16:40.960211
PAY_000332,CUST_04900,791.33,NETBANKING,NETWORK_ERROR,FAILED,2026-08-18 19:51:40.961330
PAY_000333,CUST_02845,2417.25,CARD,,SUCCESS,2026-08-17 17:14:40.962309
PAY_000334,CUST_03565,947.73,WALLET,,SUCCESS,2026-08-13 14:42:40.964220
PAY_000335,CUST_01148,1564.71,UPI,,SUCCESS,2026-08-13 01:01:40.965421
PAY_000336,CUST_00996,1711.65,NETBANKING,,SUCCESS,2026-08-04 07:11:40.966457
PAY_000337,CUST_01972,493.78,WALLET,,SUCCESS,2026-08-16 13:38:40.967573
PAY_000338,CUST_02604,2049.58,UPI,INSUFFICIENT_FUNDS,FAILED,2026-08-14 19:58:40.968962
PAY_000339,CUST_00498,1886.63,WALLET,,SUCCESS,2026-08-21 03:14:40.969894
PAY_000340,CUST_02933,1994.21,NETBANKING,,SUCCESS,2026-08-07 19:14:40.970685
PAY_000341,CUST_00084,1613.69,CARD,BANK_TIMEOUT,FAILED,2026-08-21 08:30:40.972085
PAY_000342,CUST_03638,1079.02,WALLET,,SUCCESS,2026-08-23 18:00:40.972775
PAY_000343,CUST_01362,884.75,NETBANKING,,SUCCESS,2026-07-31 08:12:40.973382
PAY_000344,CUST_00382,1111.69,WALLET,,SUCCESS,2026-08-15 01:10:40.973980
PAY_000345,CUST_04110,5870.57,WALLET,,SUCCESS,2026-08-21 08:15:40.974576
PAY_000346,CUST_00430,3297.41,UPI,,SUCCESS,2026-08-14 23:23:40.975181
PAY_000347,CUST_00301,676.63,UPI,INSUFFICIENT_FUNDS,FAILED,2026-08-12 05:42:40.975774
PAY_000348,CUST_03161,3606.6,CARD,,SUCCESS,2026-08-10 12:31:40.976667
PAY_000349,CUST_03959,1303.25,NETBANKING,,SUCCESS,2026-08-10 08:23:40.977312
PAY_000350,CUST_04495,1120.1,NETBANKING,,SUCCESS,2026-08-24 13:40:40.978044
PAY_000351,CUST_01374,2375.45,UPI,,SUCCESS,2026-08-03 09:36:40.978938
PAY_000352,CUST_02362,1120.99,CARD,,SUCCESS,2026-08-22 11:39:40.979671
PAY_000353,CUST_03127,1321.82,CARD,,SUCCESS,2026-08-02 01:00:40.980377
PAY_000354,CUST_01910,940.34,NETBANKING,,SUCCESS,2026-08-13 02:01:40.981072
PAY_000355,CUST_00366,1708.02,NETBANKING,,SUCCESS,2026-08-22 10:12:40.981751
PAY_000356,CUST_01783,567.1,NETBANKING,,SUCCESS,2026-08-20 05:54:40.982483
PAY_000357,CUST_01296,1053.16,NETBANKING,BANK_DECLINED,FAILED,2026-08-04 17:14:40.983159
PAY_000358,CUST_00955,1245.03,CARD,,SUCCESS,2026-08-22 03:00:40.983934
PAY_000359,CUST_04940,2206.68,CARD,,SUCCESS,2026-08-18 05:04:40.984691
PAY_000360,CUST_00505,2189.49,UPI,,SUCCESS,2026-08-07 19:01:40.985427
PAY_000361,CUST_04318,100.0,UPI,,SUCCESS,2026-08-21 11:33:40.986242
PAY_000362,CUST_01489,1777.91,UPI,,SUCCESS,2026-08-04 23:07:40.987024
PAY_000363,CUST_04029,1209.64,NETBANKING,,SUCCESS,2026-08-20 11:02:40.987735
PAY_000364,CUST_00590,1549.92,NETBANKING,,SUCCESS,2026-08-18 22:47:40.988519
PAY_000365,CUST_00412,8620.1,UPI,,SUCCESS,2026-08-21 09:20:40.989309
PAY_000366,CUST_00561,1632.57,CARD,,SUCCESS,2026-08-16 11:24:40.990278
PAY_000367,CUST_01106,1859.33,CARD,,SUCCESS,2026-08-20 20:39:40.991256
PAY_000368,CUST_02763,1987.21,WALLET,,SUCCESS,2026-08-21 16:51:40.992533
PAY_000369,CUST_02276,1242.64,WALLET,NETWORK_ERROR,FAILED,2026-08-24 20:26:40.993471
PAY_000370,CUST_00868,1542.28,UPI,,SUCCESS,2026-08-03 10:01:40.994251
PAY_000371,CUST_01269,1226.87,WALLET,,SUCCESS,2026-08-21 08:59:40.995117
PAY_000372,CUST_02754,130.96,UPI,,SUCCESS,2026-08-23 18:31:40.995897
PAY_000373,CUST_04511,1227.0,UPI,,SUCCESS,2026-08-22 09:28:40.996708
PAY_000374,CUST_01299,1507.45,CARD,,SUCCESS,2026-07-31 01:03:40.997788
PAY_000375,CUST_03863,1366.83,CARD,,SUCCESS,2026-08-10 18:54:40.998664
PAY_000376,CUST_04726,1318.19,CARD,BANK_DECLINED,FAILED,2026-07-31 09:38:40.999735
PAY_000377,CUST_00678,270.64,CARD,AUTHENTICATION_FAILED,FAILED,2026-07-29 21:22:41.000616
PAY_000378,CUST_03455,2159.77,UPI,,SUCCESS,2026-08-22 06:38:41.001657
PAY_000379,CUST_02662,2252.26,UPI,,SUCCESS,2026-08-02 17:15:41.002864
PAY_000380,CUST_01837,1560.9,CARD,,SUCCESS,2026-08-13 23:01:41.004003
PAY_000381,CUST_03979,1730.9,UPI,BANK_TIMEOUT,FAILED,2026-08-17 01:07:41.005357
PAY_000382,CUST_01538,758.31,WALLET,,SUCCESS,2026-08-10 02:36:41.006889
PAY_000383,CUST_03118,2977.74,CARD,,SUCCESS,2026-08-06 18:39:41.008083
PAY_000384,CUST_02424,796.32,UPI,,SUCCESS,2026-08-18 13:20:41.009392
PAY_000385,CUST_02312,209.88,WALLET,,SUCCESS,2026-08-07 11:39:41.010830
PAY_000386,CUST_03290,1039.04,CARD,,SUCCESS,2026-08-08 05:41:41.012229
PAY_000387,CUST_01750,2049.3,NETBANKING,,SUCCESS,2026-08-21 03:51:41.013408
PAY_000388,CUST_01249,1304.08,CARD,,SUCCESS,2026-08-04 05:19:41.014650
PAY_000389,CUST_03127,1847.03,NETBANKING,,SUCCESS,2026-08-01 10:20:41.015802
PAY_000390,CUST_04002,794.74,UPI,,SUCCESS,2026-08-11 20:29:41.016976
PAY_000391,CUST_00419,1523.46,WALLET,,SUCCESS,2026-08-13 21:06:41.018100
PAY_000392,CUST_02938,853.96,NETBANKING,,SUCCESS,2026-08-06 13:57:41.019254
PAY_000393,CUST_02479,2019.97,WALLET,,SUCCESS,2026-08-13 13:28:41.020384
PAY_000394,CUST_01761,343.52,WALLET,,SUCCESS,2026-08-18 04:40:41.021635
PAY_000395,CUST_02201,10360.56,WALLET,,SUCCESS,2026-08-10 01:32:41.023185
PAY_000396,CUST_03436,893.42,WALLET,,SUCCESS,2026-08-22 00:00:41.024450
PAY_000397,CUST_03544,8103.81,UPI,,SUCCESS,2026-08-21 08:39:41.025635
PAY_000398,CUST_00986,5993.52,WALLET,,SUCCESS,2026-07-30 21:50:41.028074
PAY_000399,CUST_00410,488.98,CARD,,SUCCESS,2026-08-23 20:12:41.029273
PAY_000400,CUST_00165,873.61,CARD,,SUCCESS,2026-08-11 09:00:41.030355
PAY_000401,CUST_02756,1911.47,WALLET,,SUCCESS,2026-08-21 04:47:41.031065
PAY_000402,CUST_03666,1100.41,WALLET,,SUCCESS,2026-08-04 01:43:41.031832
PAY_000403,CUST_04329,661.28,NETBANKING,,SUCCESS,2026-07-28 11:38:41.032586
PAY_000404,CUST_01074,2408.44,NETBANKING,,SUCCESS,2026-08-05 03:09:41.033347
PAY_000405,CUST_00084,1646.67,WALLET,,SUCCESS,2026-08-04 17:38:41.034341
PAY_000406,CUST_02049,1251.61,CARD,,SUCCESS,2026-08-06 02:18:41.035410
PAY_000407,CUST_01523,7595.48,NETBANKING,,SUCCESS,2026-08-04 12:23:41.036130
PAY_000408,CUST_01903,1342.53,CARD,,SUCCESS,2026-08-25 10:25:41.036778
PAY_000409,CUST_02503,1260.6,UPI,BANK_TIMEOUT,FAILED,2026-08-04 02:47:41.037406
PAY_000410,CUST_03252,1137.59,CARD,,SUCCESS,2026-08-09 08:56:41.038159
PAY_000411,CUST_00313,1854.07,NETBANKING,,SUCCESS,2026-08-19 20:03:41.039574
PAY_000412,CUST_00691,8440.13,UPI,,SUCCESS,2026-08-23 07:18:41.040477
PAY_000413,CUST_02311,1125.62,WALLET,,SUCCESS,2026-08-05 13:51:41.041568
PAY_000414,CUST_01795,996.69,WALLET,,SUCCESS,2026-08-04 11:23:41.042603
PAY_000415,CUST_01300,3882.65,NETBANKING,,SUCCESS,2026-08-02 04:28:41.043326
PAY_000416,CUST_02787,5594.55,UPI,,SUCCESS,2026-08-07 04:45:41.044082
PAY_000417,CUST_01806,1201.51,UPI,,SUCCESS,2026-08-09 07:51:41.044740
PAY_000418,CUST_03646,4900.27,WALLET,,SUCCESS,2026-08-06 15:29:41.045430
PAY_000419,CUST_03939,1893.07,UPI,,SUCCESS,2026-08-18 17:41:41.046165
PAY_000420,CUST_02774,3099.61,NETBANKING,,SUCCESS,2026-08-19 07:35:41.046821
PAY_000421,CUST_03903,1475.45,CARD,,SUCCESS,2026-08-12 13:35:41.047529
PAY_000422,CUST_01544,2481.71,WALLET,,SUCCESS,2026-08-21 19:24:41.048386
PAY_000423,CUST_02125,2025.14,WALLET,,SUCCESS,2026-08-01 14:00:41.049623
PAY_000424,CUST_02745,1324.08,WALLET,,SUCCESS,2026-08-05 03:03:41.050840
PAY_000425,CUST_00644,1374.56,CARD,,SUCCESS,2026-08-03 17:26:41.052044
PAY_000426,CUST_01362,660.87,NETBANKING,NETWORK_ERROR,FAILED,2026-07-30 21:18:41.053228
PAY_000427,CUST_02868,1097.82,NETBANKING,,SUCCESS,2026-08-13 20:12:41.054353
PAY_000428,CUST_00977,1588.21,UPI,,SUCCESS,2026-07-30 21:56:41.055619
PAY_000429,CUST_01930,2148.13,NETBANKING,BANK_DECLINED,FAILED,2026-07-31 05:02:41.056788
PAY_000430,CUST_01753,1381.0,NETBANKING,NETWORK_ERROR,FAILED,2026-08-22 08:33:41.057867
PAY_000431,CUST_01462,8338.91,NETBANKING,,SUCCESS,2026-08-08 00:56:41.058971
PAY_000432,CUST_01624,1743.1,CARD,,SUCCESS,2026-08-15 12:25:41.060088
PAY_000433,CUST_03179,1670.52,NETBANKING,,SUCCESS,2026-07-30 19:40:41.061207
PAY_000434,CUST_00605,202.97,UPI,BANK_DECLINED,FAILED,2026-08-21 13:51:41.062305
PAY_000435,CUST_01535,2013.46,UPI,,SUCCESS,2026-08-02 06:47:41.063513
PAY_000436,CUST_04487,1103.63,WALLET,,SUCCESS,2026-07-27 20:25:41.064678
PAY_000437,CUST_00660,2104.0,WALLET,,SUCCESS,2026-08-14 15:39:41.065757
PAY_000438,CUST_04416,2179.18,WALLET,AUTHENTICATION_FAILED,FAILED,2026-08-25 18:35:41.066831
PAY_000439,CUST_04119,1489.77,WALLET,,SUCCESS,2026-07-31 19:54:41.067916
PAY_000440,CUST_01209,2441.83,UPI,,SUCCESS,2026-08-04 13:27:41.068978
PAY_000441,CUST_04862,1591.3,CARD,BANK_DECLINED,FAILED,2026-08-04 04:19:41.070244
PAY_000442,CUST_00395,2260.24,NETBANKING,,SUCCESS,2026-08-19 04:52:41.071396
PAY_000443,CUST_02209,1309.59,NETBANKING,,SUCCESS,2026-08-06 22:39:41.072653
PAY_000444,CUST_03695,897.36,UPI,,SUCCESS,2026-08-02 09:36:41.073852
PAY_000445,CUST_01274,320.25,NETBANKING,,SUCCESS,2026-08-24 14:57:41.075051
PAY_000446,CUST_00896,901.25,WALLET,,SUCCESS,2026-08-16 12:09:41.076287
PAY_000447,CUST_01451,1003.65,UPI,,SUCCESS,2026-07-31 11:20:41.077569
PAY_000448,CUST_02823,1221.69,NETBANKING,BANK_DECLINED,FAILED,2026-08-23 17:24:41.078270
PAY_000449,CUST_00102,7841.84,WALLET,,SUCCESS,2026-08-07 08:22:41.079463
PAY_000450,CUST_01880,1677.44,UPI,,SUCCESS,2026-07-28 03:13:41.080162
PAY_000451,CUST_04125,1281.51,NETBANKING,,SUCCESS,2026-08-07 02:01:41.080803
PAY_000452,CUST_03357,1679.43,NETBANKING,,SUCCESS,2026-08-17 16:20:41.081552
PAY_000453,CUST_01552,696.6,NETBANKING,,SUCCESS,2026-07-29 08:15:41.082329
PAY_000454,CUST_04957,651.89,CARD,,SUCCESS,2026-08-25 22:33:41.083198
PAY_000455,CUST_03078,1466.94,CARD,,SUCCESS,2026-07-31 12:48:41.084286
PAY_000456,CUST_04205,892.3,WALLET,,SUCCESS,2026-08-14 14:13:41.085519
PAY_000457,CUST_02277,2561.37,WALLET,,SUCCESS,2026-08-01 00:31:41.086724
PAY_000458,CUST_00219,2184.82,UPI,,SUCCESS,2026-08-03 00:25:41.087872
PAY_000459,CUST_04810,801.29,WALLET,,SUCCESS,2026-08-20 01:30:41.088993
PAY_000460,CUST_04983,355.74,NETBANKING,,SUCCESS,2026-08-06 23:19:41.090322
PAY_000461,CUST_03770,340.47,UPI,,SUCCESS,2026-07-28 22:27:41.091730
PAY_000462,CUST_00403,1176.36,WALLET,,SUCCESS,2026-08-14 15:19:41.092828
PAY_000463,CUST_03382,271.36,CARD,,SUCCESS,2026-08-15 02:46:41.093896
PAY_000464,CUST_02661,1363.82,CARD,,SUCCESS,2026-08-08 07:34:41.095015
PAY_000465,CUST_04863,7219.67,CARD,,SUCCESS,2026-08-18 01:15:41.096179
PAY_000466,CUST_01621,1067.46,NETBANKING,NETWORK_ERROR,FAILED,2026-08-04 16:42:41.097320
PAY_000467,CUST_00046,3117.25,WALLET,,SUCCESS,2026-08-07 13:55:41.098766
PAY_000468,CUST_03343,1407.32,UPI,,SUCCESS,2026-08-17 14:15:41.100047
PAY_000469,CUST_02408,1256.34,CARD,,SUCCESS,2026-08-25 11:03:41.101241
PAY_000470,CUST_01440,1508.69,NETBANKING,,SUCCESS,2026-07-27 19:26:41.102459
PAY_000471,CUST_03706,1293.8,UPI,,SUCCESS,2026-08-04 16:12:41.103657
PAY_000472,CUST_00889,1673.64,UPI,,SUCCESS,2026-08-22 23:12:41.104932
PAY_000473,CUST_04082,468.62,NETBANKING,BANK_TIMEOUT,FAILED,2026-08-08 06:19:41.106628
PAY_000474,CUST_00784,1542.24,UPI,,SUCCESS,2026-08-08 17:22:41.107758
PAY_000475,CUST_03670,2224.66,CARD,,SUCCESS,2026-08-16 01:03:41.108878
PAY_000476,CUST_03319,1184.58,UPI,AUTHENTICATION_FAILED,FAILED,2026-07-31 08:54:41.109976
PAY_000477,CUST_04302,658.46,NETBANKING,,SUCCESS,2026-08-04 04:37:41.111132
PAY_000478,CUST_04450,1959.38,CARD,,SUCCESS,2026-07-30 11:43:41.112599
PAY_000479,CUST_03626,1791.45,NETBANKING,,SUCCESS,2026-08-11 19:12:41.113856
PAY_000480,CUST_03266,741.49,WALLET,,SUCCESS,2026-08-16 01:10:41.115094
PAY_000481,CUST_02970,366.49,CARD,,SUCCESS,2026-08-20 05:17:41.116476
PAY_000482,CUST_00980,1084.25,CARD,BANK_DECLINED,FAILED,2026-08-06 18:51:41.117661
PAY_000483,CUST_02279,229.5,UPI,,SUCCESS,2026-08-04 11:16:41.118904
PAY_000484,CUST_01906,6990.61,UPI,,SUCCESS,2026-08-12 09:11:41.120128
PAY_000485,CUST_04292,2974.46,WALLET,,SUCCESS,2026-08-15 13:48:41.121294
PAY_000486,CUST_00577,288.5,CARD,,SUCCESS,2026-08-10 06:23:41.122590
PAY_000487,CUST_03344,1542.71,NETBANKING,,SUCCESS,2026-08-12 18:16:41.123869
PAY_000488,CUST_02874,11940.92,UPI,BANK_TIMEOUT,FAILED,2026-08-15 21:05:41.125119
PAY_000489,CUST_00876,1057.37,WALLET,,SUCCESS,2026-08-12 17:04:41.126055
PAY_000490,CUST_02425,968.8,NETBANKING,,SUCCESS,2026-08-21 05:34:41.127244
PAY_000491,CUST_02530,1606.52,CARD,,SUCCESS,2026-08-06 15:39:41.128470
PAY_000492,CUST_02571,1131.64,WALLET,,SUCCESS,2026-08-15 03:46:41.129611
PAY_000493,CUST_01495,892.72,CARD,BANK_DECLINED,FAILED,2026-08-17 05:05:41.130706
PAY_000494,CUST_03027,2478.65,CARD,,SUCCESS,2026-08-06 19:32:41.131896
PAY_000495,CUST_02614,1049.96,WALLET,,SUCCESS,2026-08-25 05:52:41.133090
PAY_000496,CUST_04132,1282.9,UPI,,SUCCESS,2026-08-04 09:49:41.134065
PAY_000497,CUST_03262,2089.46,WALLET,,SUCCESS,2026-08-11 15:27:41.134870
PAY_000498,CUST_03451,2061.09,UPI,,SUCCESS,2026-08-19 11:44:41.136079
PAY_000499,CUST_04123,1748.23,UPI,,SUCCESS,2026-08-10 18:33:41.137255
PAY_000500,CUST_02188,4950.17,NETBANKING,,SUCCESS,2026-08-06 03:48:41.138566
PAY_000501,CUST_02885,7119.69,UPI,,SUCCESS,2026-07-28 14:19:41.139832
PAY_000502,CUST_01996,1317.41,WALLET,,SUCCESS,2026-07-28 14:37:41.141124
PAY_000503,CUST_01901,1696.66,WALLET,,SUCCESS,2026-08-17 16:20:41.142386
PAY_000504,CUST_03132,2150.18,NETBANKING,,SUCCESS,2026-07-31 13:56:41.143600
PAY_000505,CUST_04163,436.94,CARD,INSUFFICIENT_FUNDS,FAILED,2026-08-03 06:52:41.144774
PAY_000506,CUST_00882,1351.41,CARD,,SUCCESS,2026-07-30 18:03:41.145967
PAY_000507,CUST_00917,1212.64,NETBANKING,,SUCCESS,2026-08-06 05:44:41.147182
PAY_000508,CUST_02400,1483.73,CARD,,SUCCESS,2026-08-14 22:09:41.148421
PAY_000509,CUST_03461,1368.55,NETBANKING,,SUCCESS,2026-08-13 23:05:41.149624
PAY_000510,CUST_01504,1506.09,WALLET,,SUCCESS,2026-08-10 01:21:41.150773
PAY_000511,CUST_02612,1696.72,WALLET,,SUCCESS,2026-07-31 19:51:41.151982
PAY_000512,CUST_03381,585.23,UPI,,SUCCESS,2026-08-01 08:49:41.153143
PAY_000513,CUST_02143,1295.44,CARD,,SUCCESS,2026-08-22 17:41:41.154359
PAY_000514,CUST_04321,1793.41,CARD,,SUCCESS,2026-08-14 20:56:41.156053
PAY_000515,CUST_02747,6000.95,CARD,,SUCCESS,2026-08-24 12:30:41.157196
PAY_000516,CUST_04484,828.99,WALLET,,SUCCESS,2026-07-30 11:05:41.158333
PAY_000517,CUST_03031,866.49,UPI,,SUCCESS,2026-08-10 01:00:41.159402
PAY_000518,CUST_04619,907.05,UPI,BANK_TIMEOUT,FAILED,2026-08-02 20:31:41.160569
PAY_000519,CUST_01102,1822.54,WALLET,,SUCCESS,2026-08-04 07:08:41.161794
PAY_000520,CUST_04668,9323.38,CARD,,SUCCESS,2026-08-18 02:45:41.163040
PAY_000521,CUST_02255,2288.28,NETBANKING,,SUCCESS,2026-08-13 16:21:41.164177
PAY_000522,CUST_04204,1265.64,WALLET,,SUCCESS,2026-08-20 20:40:41.165083
PAY_000523,CUST_02542,1191.74,CARD,,SUCCESS,2026-07-30 11:25:41.166352
PAY_000524,CUST_04453,1623.28,NETBANKING,,SUCCESS,2026-08-18 04:02:41.167551
PAY_000525,CUST_02004,1121.32,WALLET,,SUCCESS,2026-08-20 03:28:41.168800
PAY_000526,CUST_00088,510.09,NETBANKING,INSUFFICIENT_FUNDS,FAILED,2026-07-29 16:12:41.169969
PAY_000527,CUST_03870,1749.85,CARD,,SUCCESS,2026-08-09 23:08:41.171126
PAY_000528,CUST_03714,744.54,WALLET,,SUCCESS,2026-08-22 21:14:41.172760
PAY_000529,CUST_04946,1859.81,CARD,BANK_DECLINED,FAILED,2026-08-08 16:38:41.173994
PAY_000530,CUST_03417,1347.5,WALLET,,SUCCESS,2026-08-07 12:32:41.174796
PAY_000531,CUST_04481,640.12,NETBANKING,,SUCCESS,2026-08-23 11:05:41.175959
PAY_000532,CUST_03889,1708.58,UPI,BANK_TIMEOUT,FAILED,2026-08-11 15:18:41.177200
PAY_000533,CUST_03058,2727.68,WALLET,,SUCCESS,2026-08-10 15:53:41.178371
PAY_000534,CUST_03736,1172.57,UPI,,SUCCESS,2026-08-26 13:01:41.179536
PAY_000535,CUST_03379,1551.03,WALLET,,SUCCESS,2026-08-13 00:27:41.180305
PAY_000536,CUST_01575,994.53,NETBANKING,,SUCCESS,2026-08-20 18:26:41.180975
PAY_000537,CUST_03085,1033.54,UPI,,SUCCESS,2026-07-31 08:50:41.181737
PAY_000538,CUST_03559,1538.48,CARD,,SUCCESS,2026-08-03 20:39:41.182510
PAY_000539,CUST_03246,1702.05,NETBANKING,,SUCCESS,2026-08-05 11:36:41.183693
PAY_000540,CUST_00158,720.19,NETBANKING,AUTHENTICATION_FAILED,FAILED,2026-08-07 02:00:41.184858
PAY_000541,CUST_03644,1369.37,UPI,BANK_DECLINED,FAILED,2026-08-24 18:38:41.185915
PAY_000542,CUST_04740,2086.06,WALLET,,SUCCESS,2026-08-13 23:57:41.186955
PAY_000543,CUST_00523,866.74,WALLET,,SUCCESS,2026-08-13 21:51:41.188084
PAY_000544,CUST_01022,1626.94,NETBANKING,,SUCCESS,2026-07-29 21:23:41.189608
PAY_000545,CUST_04967,7123.99,NETBANKING,,SUCCESS,2026-08-03 06:12:41.191143
PAY_000546,CUST_02723,956.7,CARD,,SUCCESS,2026-08-12 10:13:41.192300
PAY_000547,CUST_00448,2147.37,WALLET,,SUCCESS,2026-08-19 21:39:41.193428
PAY_000548,CUST_03947,2407.49,WALLET,,SUCCESS,2026-08-24 08:45:41.194707
PAY_000549,CUST_01545,892.4,UPI,,SUCCESS,2026-08-16 07:48:41.195929
PAY_000550,CUST_02801,1025.47,WALLET,,SUCCESS,2026-08-14 22:38:41.197013
PAY_000551,CUST_00651,1594.07,WALLET,,SUCCESS,2026-08-06 22:11:41.197751
PAY_000552,CUST_00294,1794.38,WALLET,,SUCCESS,2026-08-24 22:19:41.198527
PAY_000553,CUST_04369,1365.31,WALLET,,SUCCESS,2026-08-05 22:53:41.199281
PAY_000554,CUST_04948,1007.74,CARD,,SUCCESS,2026-08-21 03:49:41.199984
PAY_000555,CUST_04435,787.32,CARD,,SUCCESS,2026-08-13 20:33:41.200628
PAY_000556,CUST_00674,876.66,CARD,,SUCCESS,2026-08-03 15:12:41.201359
PAY_000557,CUST_01792,1486.53,CARD,,SUCCESS,2026-07-31 05:29:41.202126
PAY_000558,CUST_02181,2030.03,UPI,,SUCCESS,2026-08-02 20:20:41.202922
PAY_000559,CUST_04925,1999.62,CARD,,SUCCESS,2026-08-07 20:02:41.203975
PAY_000560,CUST_04995,1861.44,CARD,,SUCCESS,2026-08-04 02:48:41.205396
PAY_000561,CUST_03381,837.96,NETBANKING,,SUCCESS,2026-08-25 14:31:41.206681
PAY_000562,CUST_02257,527.56,UPI,,SUCCESS,2026-08-08 20:20:41.207962
PAY_000563,CUST_00465,528.31,UPI,,SUCCESS,2026-08-12 01:29:41.209199
PAY_000564,CUST_00590,2420.27,UPI,,SUCCESS,2026-08-05 20:11:41.210519
PAY_000565,CUST_01517,1643.9,WALLET,,SUCCESS,2026-08-06 02:56:41.211750
PAY_000566,CUST_01912,100.0,NETBANKING,,SUCCESS,2026-07-30 17:51:41.212879
PAY_000567,CUST_02488,360.98,NETBANKING,,SUCCESS,2026-08-24 18:59:41.213685
PAY_000568,CUST_01446,100.0,WALLET,,SUCCESS,2026-08-11 23:59:41.214480
PAY_000569,CUST_04229,1675.93,CARD,,SUCCESS,2026-08-17 04:00:41.215179
PAY_000570,CUST_02704,1779.02,NETBANKING,,SUCCESS,2026-08-12 01:53:41.215816
PAY_000571,CUST_00421,518.02,UPI,,SUCCESS,2026-08-01 21:14:41.216452
PAY_000572,CUST_02691,2237.27,WALLET,,SUCCESS,2026-08-22 13:47:41.217160
PAY_000573,CUST_02060,546.4,CARD,,SUCCESS,2026-08-15 20:39:41.217986
PAY_000574,CUST_03639,1692.18,WALLET,,SUCCESS,2026-08-22 17:27:41.218754
PAY_000575,CUST_01436,7857.92,CARD,INSUFFICIENT_FUNDS,FAILED,2026-08-09 02:32:41.219416
PAY_000576,CUST_02561,923.58,NETBANKING,,SUCCESS,2026-07-28 08:00:41.220069
PAY_000577,CUST_03684,1304.83,CARD,,SUCCESS,2026-08-21 07:09:41.220683
PAY_000578,CUST_03423,1740.41,WALLET,,SUCCESS,2026-08-12 16:10:41.221308
PAY_000579,CUST_03118,2777.16,CARD,,SUCCESS,2026-08-10 10:42:41.222504
PAY_000580,CUST_00631,545.23,NETBANKING,,SUCCESS,2026-08-03 10:55:41.223825
PAY_000581,CUST_04740,1509.67,WALLET,,SUCCESS,2026-08-09 02:59:41.225088
PAY_000582,CUST_04347,917.55,WALLET,,SUCCESS,2026-08-22 16:20:41.226324
PAY_000583,CUST_02678,1551.6,NETBANKING,,SUCCESS,2026-07-29 20:22:41.227583
PAY_000584,CUST_02648,7903.72,WALLET,,SUCCESS,2026-08-22 13:21:41.228791
PAY_000585,CUST_04002,1436.46,NETBANKING,NETWORK_ERROR,FAILED,2026-08-16 13:57:41.229963
PAY_000586,CUST_01092,2172.25,CARD,,SUCCESS,2026-08-04 05:51:41.231171
PAY_000587,CUST_00086,2525.57,UPI,,SUCCESS,2026-08-13 13:21:41.232364
PAY_000588,CUST_04327,1936.59,UPI,,SUCCESS,2026-08-05 01:12:41.233558
PAY_000589,CUST_04770,1903.47,CARD,,SUCCESS,2026-08-13 02:45:41.234706
PAY_000590,CUST_00076,1216.1,WALLET,,SUCCESS,2026-08-13 08:08:41.235925
PAY_000591,CUST_00437,1299.89,UPI,,SUCCESS,2026-08-24 17:37:41.237154
PAY_000592,CUST_01487,812.73,WALLET,,SUCCESS,2026-08-07 23:45:41.238293
PAY_000593,CUST_02172,100.0,NETBANKING,BANK_DECLINED,FAILED,2026-08-15 04:30:41.239552
PAY_000594,CUST_00774,979.6,UPI,,SUCCESS,2026-08-21 14:26:41.241037
PAY_000595,CUST_00947,1935.43,WALLET,,SUCCESS,2026-08-18 14:45:41.242207
PAY_000596,CUST_00734,954.69,WALLET,,SUCCESS,2026-08-24 17:26:41.243283
PAY_000597,CUST_02686,1823.12,NETBANKING,BANK_DECLINED,FAILED,2026-07-31 01:29:41.244389
PAY_000598,CUST_00516,1036.96,WALLET,,SUCCESS,2026-07-29 09:30:41.245548
PAY_000599,CUST_04896,2212.64,NETBANKING,,SUCCESS,2026-08-18 06:25:41.246726
PAY_000600,CUST_03567,1557.76,UPI,,SUCCESS,2026-07-30 07:05:41.247948
PAY_000601,CUST_02057,2054.34,UPI,,SUCCESS,2026-08-07 01:03:41.249172
PAY_000602,CUST_03482,4918.91,UPI,,SUCCESS,2026-08-08 19:30:41.250486
PAY_000603,CUST_02170,971.8,CARD,NETWORK_ERROR,FAILED,2026-08-05 20:15:41.251750
PAY_000604,CUST_01468,4701.16,WALLET,,SUCCESS,2026-08-13 00:08:41.253019
PAY_000605,CUST_03375,246.68,NETBANKING,,SUCCESS,2026-08-08 19:26:41.254175
PAY_000606,CUST_01690,1802.34,UPI,,SUCCESS,2026-08-21 02:15:41.255385
PAY_000607,CUST_04137,7439.66,CARD,,SUCCESS,2026-08-21 16:38:41.256581
PAY_000608,CUST_03584,1519.7,CARD,,SUCCESS,2026-08-25 13:35:41.257400
PAY_000609,CUST_02807,1183.18,CARD,,SUCCESS,2026-07-28 05:11:41.258109
PAY_000610,CUST_00768,1271.44,CARD,,SUCCESS,2026-08-22 20:50:41.258706
PAY_000611,CUST_00030,161.5,WALLET,,SUCCESS,2026-08-20 01:02:41.259296
PAY_000612,CUST_04538,2993.86,UPI,,SUCCESS,2026-08-21 11:40:41.259876
PAY_000613,CUST_03869,1192.15,CARD,,SUCCESS,2026-08-06 12:32:41.260451
PAY_000614,CUST_04537,771.07,WALLET,,SUCCESS,2026-08-25 21:26:41.261036
PAY_000615,CUST_01870,2474.29,CARD,,SUCCESS,2026-08-17 14:58:41.261610
PAY_000616,CUST_01319,1071.39,WALLET,,SUCCESS,2026-08-24 11:15:41.262192
PAY_000617,CUST_04474,1731.09,UPI,,SUCCESS,2026-07-29 02:18:41.262759
PAY_000618,CUST_02778,2272.96,WALLET,,SUCCESS,2026-08-07 20:50:41.263336
PAY_000619,CUST_04282,1248.0,NETBANKING,,SUCCESS,2026-08-25 02:27:41.263918
PAY_000620,CUST_03925,1323.28,WALLET,,SUCCESS,2026-08-03 10:09:41.264495
PAY_000621,CUST_02282,964.63,WALLET,,SUCCESS,2026-08-16 05:34:41.265193
PAY_000622,CUST_01621,1609.72,UPI,,SUCCESS,2026-08-07 13:56:41.265924
PAY_000623,CUST_03766,1490.9,UPI,,SUCCESS,2026-08-14 14:19:41.266585
PAY_000624,CUST_03975,2505.82,WALLET,,SUCCESS,2026-08-05 05:52:41.267321
PAY_000625,CUST_04562,712.75,NETBANKING,NETWORK_ERROR,FAILED,2026-08-06 22:24:41.267991
PAY_000626,CUST_04894,1547.53,NETBANKING,INSUFFICIENT_FUNDS,FAILED,2026-08-05 10:20:41.268762
PAY_000627,CUST_01794,743.98,CARD,AUTHENTICATION_FAILED,FAILED,2026-08-16 18:54:41.269517
PAY_000628,CUST_04070,2323.12,NETBANKING,,SUCCESS,2026-07-30 09:13:41.270262
PAY_000629,CUST_02179,6983.08,WALLET,,SUCCESS,2026-08-20 19:37:41.271024
PAY_000630,CUST_02314,7558.28,WALLET,,SUCCESS,2026-08-07 19:33:41.271862
PAY_000631,CUST_01415,1797.59,NETBANKING,,SUCCESS,2026-08-05 06:58:41.273006
PAY_000632,CUST_04744,1175.18,CARD,,SUCCESS,2026-07-29 11:39:41.274254
PAY_000633,CUST_02217,8647.14,UPI,,SUCCESS,2026-08-04 19:26:41.275430
PAY_000634,CUST_02815,912.79,CARD,INSUFFICIENT_FUNDS,FAILED,2026-07-30 05:14:41.276564
PAY_000635,CUST_04267,589.36,WALLET,,SUCCESS,2026-08-04 07:36:41.277674
PAY_000636,CUST_00782,1091.13,CARD,,SUCCESS,2026-08-01 10:40:41.278721
PAY_000637,CUST_02416,554.11,UPI,BANK_DECLINED,FAILED,2026-08-14 22:00:41.279791
PAY_000638,CUST_02565,1219.66,CARD,,SUCCESS,2026-08-18 20:02:41.280899
PAY_000639,CUST_03469,421.97,UPI,,SUCCESS,2026-08-23 21:20:41.281961
PAY_000640,CUST_01746,698.87,UPI,,SUCCESS,2026-07-29 16:20:41.282998
PAY_000641,CUST_03911,902.04,CARD,,SUCCESS,2026-08-04 15:38:41.284034
PAY_000642,CUST_02645,1135.53,NETBANKING,,SUCCESS,2026-08-10 14:51:41.285100
PAY_000643,CUST_02550,1185.31,NETBANKING,,SUCCESS,2026-08-19 21:45:41.286183
PAY_000644,CUST_03433,778.79,UPI,,SUCCESS,2026-08-24 11:48:41.287417
PAY_000645,CUST_01520,1417.45,WALLET,,SUCCESS,2026-08-05 23:34:41.288998
PAY_000646,CUST_03206,7013.08,UPI,,SUCCESS,2026-08-21 23:13:41.290129
PAY_000647,CUST_00414,1980.39,UPI,,SUCCESS,2026-08-01 04:30:41.290987
PAY_000648,CUST_03288,1678.06,UPI,INSUFFICIENT_FUNDS,FAILED,2026-07-29 02:50:41.291807
PAY_000649,CUST_04542,919.84,CARD,BANK_DECLINED,FAILED,2026-08-19 15:21:41.292564
PAY_000650,CUST_00473,1489.48,WALLET,,SUCCESS,2026-08-03 18:18:41.293298
PAY_000651,CUST_02313,749.24,UPI,,SUCCESS,2026-08-19 18:21:41.294074
PAY_000652,CUST_00836,1548.06,NETBANKING,,SUCCESS,2026-08-20 12:23:41.294707
PAY_000653,CUST_01638,1173.14,CARD,NETWORK_ERROR,FAILED,2026-08-07 20:46:41.295319
PAY_000654,CUST_00319,1606.02,UPI,,SUCCESS,2026-08-15 14:55:41.296148
PAY_000655,CUST_01212,1074.33,WALLET,,SUCCESS,2026-08-11 06:04:41.296910
PAY_000656,CUST_00984,794.75,CARD,,SUCCESS,2026-08-22 21:47:41.297720
PAY_000657,CUST_01355,1937.21,WALLET,,SUCCESS,2026-08-10 08:57:41.298509
PAY_000658,CUST_01853,2396.42,CARD,,SUCCESS,2026-08-19 21:17:41.299161
PAY_000659,CUST_03661,682.46,WALLET,,SUCCESS,2026-08-16 09:38:41.299752
PAY_000660,CUST_03362,869.28,WALLET,NETWORK_ERROR,FAILED,2026-08-08 03:48:41.300503
PAY_000661,CUST_02247,1438.21,NETBANKING,,SUCCESS,2026-08-25 10:22:41.301306
PAY_000662,CUST_04409,1577.69,UPI,,SUCCESS,2026-08-03 05:48:41.302009
PAY_000663,CUST_03299,2054.72,UPI,,SUCCESS,2026-08-11 09:21:41.302666
PAY_000664,CUST_01223,478.92,CARD,,SUCCESS,2026-08-07 00:45:41.303446
PAY_000665,CUST_03597,10989.55,UPI,INSUFFICIENT_FUNDS,FAILED,2026-07-31 15:18:41.304148
PAY_000666,CUST_01779,488.77,NETBANKING,NETWORK_ERROR,FAILED,2026-08-08 11:47:41.304800
PAY_000667,CUST_04739,914.03,NETBANKING,,SUCCESS,2026-08-12 12:14:41.305687
PAY_000668,CUST_03064,9275.93,UPI,,SUCCESS,2026-08-14 01:17:41.306355
PAY_000669,CUST_03475,6615.16,CARD,,SUCCESS,2026-08-08 09:40:41.307076
PAY_000670,CUST_03641,6820.19,CARD,,SUCCESS,2026-08-02 00:13:41.307811
PAY_000671,CUST_02356,872.83,WALLET,,SUCCESS,2026-08-11 01:46:41.308542
PAY_000672,CUST_02568,571.9,WALLET,,SUCCESS,2026-08-17 19:23:41.309184
PAY_000673,CUST_00324,620.36,UPI,,SUCCESS,2026-08-25 02:30:41.309785
PAY_000674,CUST_01772,10221.62,WALLET,,SUCCESS,2026-08-21 01:15:41.310549
PAY_000675,CUST_00068,1624.55,NETBANKING,,SUCCESS,2026-08-17 01:25:41.311303
PAY_000676,CUST_02040,934.57,NETBANKING,AUTHENTICATION_FAILED,FAILED,2026-08-11 06:44:41.312081
PAY_000677,CUST_02191,7487.89,CARD,,SUCCESS,2026-08-25 17:18:41.312823
PAY_000678,CUST_03955,1367.18,NETBANKING,INSUFFICIENT_FUNDS,FAILED,2026-08-12 22:53:41.313570
PAY_000679,CUST_00233,1282.95,UPI,,SUCCESS,2026-08-24 01:24:41.314301
PAY_000680,CUST_04305,1208.44,NETBANKING,,SUCCESS,2026-07-29 06:02:41.315089
PAY_000681,CUST_03977,978.03,UPI,,SUCCESS,2026-08-24 14:44:41.315839
PAY_000682,CUST_01440,1437.75,UPI,,SUCCESS,2026-08-06 08:44:41.316555
PAY_000683,CUST_00326,7879.16,UPI,,SUCCESS,2026-08-06 03:55:41.317314
PAY_000684,CUST_02813,1211.61,CARD,,SUCCESS,2026-07-31 07:37:41.318021
PAY_000685,CUST_00386,1909.12,CARD,,SUCCESS,2026-08-10 20:13:41.318715
PAY_000686,CUST_02588,1457.68,CARD,,SUCCESS,2026-08-09 14:22:41.319780
PAY_000687,CUST_04100,2078.14,CARD,,SUCCESS,2026-08-21 23:56:41.320779
PAY_000688,CUST_04890,8871.82,CARD,,SUCCESS,2026-08-10 08:16:41.321816
PAY_000689,CUST_01723,628.33,CARD,,SUCCESS,2026-08-07 09:54:41.322649
PAY_000690,CUST_01315,1952.95,UPI,,SUCCESS,2026-08-22 14:07:41.323752
PAY_000691,CUST_04799,830.96,CARD,NETWORK_ERROR,FAILED,2026-08-17 00:16:41.324816
PAY_000692,CUST_01977,4147.55,NETBANKING,,SUCCESS,2026-08-02 20:04:41.325895
PAY_000693,CUST_02659,441.63,WALLET,,SUCCESS,2026-08-14 18:51:41.326948
PAY_000694,CUST_00560,1641.05,WALLET,,SUCCESS,2026-08-06 18:11:41.327969
PAY_000695,CUST_00682,2119.83,WALLET,,SUCCESS,2026-08-07 19:29:41.329019
PAY_000696,CUST_02010,2070.86,CARD,,SUCCESS,2026-08-03 18:25:41.330043
PAY_000697,CUST_00642,1196.19,WALLET,INSUFFICIENT_FUNDS,FAILED,2026-08-03 10:20:41.331110
PAY_000698,CUST_04978,1316.77,UPI,,SUCCESS,2026-08-17 02:37:41.332169
PAY_000699,CUST_01059,1168.11,UPI,,SUCCESS,2026-08-19 15:34:41.333243
PAY_000700,CUST_00013,2393.63,NETBANKING,,SUCCESS,2026-08-21 09:09:41.334281
PAY_000701,CUST_00886,1251.26,WALLET,,SUCCESS,2026-08-21 18:22:41.334997
PAY_000702,CUST_01126,1943.92,NETBANKING,,SUCCESS,2026-08-24 22:53:41.335746
PAY_000703,CUST_01848,1344.16,UPI,,SUCCESS,2026-08-09 21:08:41.336452
PAY_000704,CUST_00908,7180.11,NETBANKING,,SUCCESS,2026-08-12 23:38:41.337224
PAY_000705,CUST_04627,627.25,UPI,INSUFFICIENT_FUNDS,FAILED,2026-08-20 07:37:41.337951
PAY_000706,CUST_04543,1776.79,WALLET,,SUCCESS,2026-08-24 13:44:41.338971
PAY_000707,CUST_01379,806.67,NETBANKING,,SUCCESS,2026-08-13 21:14:41.340152
PAY_000708,CUST_03380,1556.47,WALLET,,SUCCESS,2026-08-26 16:36:41.341245
PAY_000709,CUST_00453,436.78,NETBANKING,,SUCCESS,2026-08-23 17:05:41.342355
PAY_000710,CUST_01626,2206.58,WALLET,,SUCCESS,2026-08-04 21:18:41.343465
PAY_000711,CUST_01923,1199.3,WALLET,,SUCCESS,2026-08-11 09:53:41.344557
PAY_000712,CUST_03928,365.68,WALLET,,SUCCESS,2026-07-30 05:17:41.345648
PAY_000713,CUST_03274,1398.47,CARD,,SUCCESS,2026-08-03 19:32:41.346735
PAY_000714,CUST_00094,1364.41,WALLET,,SUCCESS,2026-08-06 08:22:41.347844
PAY_000715,CUST_01330,6158.49,NETBANKING,,SUCCESS,2026-08-22 17:19:41.348986
PAY_000716,CUST_03951,1805.25,WALLET,,SUCCESS,2026-08-09 03:55:41.349763
PAY_000717,CUST_01099,1126.18,WALLET,,SUCCESS,2026-08-11 08:36:41.350763
PAY_000718,CUST_02568,772.83,WALLET,,SUCCESS,2026-08-14 03:54:41.351877
PAY_000719,CUST_04656,1297.17,CARD,,SUCCESS,2026-08-25 15:47:41.352694
PAY_000720,CUST_04114,628.79,NETBANKING,,SUCCESS,2026-08-01 06:04:41.353440
PAY_000721,CUST_00973,1011.8,UPI,,SUCCESS,2026-08-18 00:42:41.354174
PAY_000722,CUST_03076,1621.24,UPI,,SUCCESS,2026-07-31 20:01:41.354816
PAY_000723,CUST_02906,1786.35,WALLET,,SUCCESS,2026-08-03 21:52:41.356011
PAY_000724,CUST_00959,603.24,UPI,,SUCCESS,2026-07-27 19:53:41.357082
PAY_000725,CUST_02274,1904.26,CARD,,SUCCESS,2026-08-25 22:09:41.357927
PAY_000726,CUST_00308,1852.13,CARD,,SUCCESS,2026-08-15 14:57:41.358832
PAY_000727,CUST_00764,2056.56,WALLET,,SUCCESS,2026-08-22 22:25:41.359630
PAY_000728,CUST_00683,1639.34,NETBANKING,,SUCCESS,2026-08-08 12:00:41.360446
PAY_000729,CUST_01018,1531.56,WALLET,,SUCCESS,2026-08-25 17:28:41.361213
PAY_000730,CUST_00648,637.01,CARD,,SUCCESS,2026-08-07 21:39:41.361982
PAY_000731,CUST_00507,1589.82,NETBANKING,NETWORK_ERROR,FAILED,2026-08-15 01:58:41.362641
PAY_000732,CUST_03120,217.48,UPI,AUTHENTICATION_FAILED,FAILED,2026-08-19 03:12:41.363371
PAY_000733,CUST_00911,1031.67,CARD,,SUCCESS,2026-08-15 03:44:41.364125
PAY_000734,CUST_03819,2133.91,CARD,,SUCCESS,2026-08-12 19:46:41.365041
PAY_000735,CUST_00549,6731.21,CARD,,SUCCESS,2026-08-24 02:32:41.365937
PAY_000736,CUST_00167,1151.44,NETBANKING,,SUCCESS,2026-08-18 12:40:41.366773
PAY_000737,CUST_03329,928.04,UPI,BANK_DECLINED,FAILED,2026-08-09 00:57:41.367573
PAY_000738,CUST_04389,1416.45,CARD,,SUCCESS,2026-08-07 23:58:41.368384
PAY_000739,CUST_04962,2145.07,NETBANKING,,SUCCESS,2026-08-09 16:43:41.369165
PAY_000740,CUST_04391,1488.34,UPI,,SUCCESS,2026-08-24 10:13:41.370008
PAY_000741,CUST_00048,1127.53,CARD,,SUCCESS,2026-08-04 08:25:41.370782
PAY_000742,CUST_04729,1646.92,WALLET,,SUCCESS,2026-08-21 13:11:41.371604
PAY_000743,CUST_01384,7389.96,NETBANKING,,SUCCESS,2026-08-05 15:10:41.372772
PAY_000744,CUST_01691,851.04,UPI,,SUCCESS,2026-08-04 18:02:41.373588
PAY_000745,CUST_03269,100.0,CARD,BANK_TIMEOUT,FAILED,2026-08-14 12:53:41.374394
PAY_000746,CUST_02975,2143.85,UPI,,SUCCESS,2026-08-15 13:50:41.375187
PAY_000747,CUST_00757,2234.22,CARD,,SUCCESS,2026-08-12 22:09:41.376015
PAY_000748,CUST_00259,1072.28,WALLET,,SUCCESS,2026-08-22 23:13:41.376815
PAY_000749,CUST_03714,549.7,CARD,,SUCCESS,2026-08-20 07:22:41.377595
PAY_000750,CUST_00461,2239.89,CARD,,SUCCESS,2026-08-15 15:06:41.378387
PAY_000751,CUST_00973,986.22,WALLET,,SUCCESS,2026-08-01 12:30:41.379206
PAY_000752,CUST_03153,420.27,UPI,,SUCCESS,2026-08-05 15:21:41.380018
PAY_000753,CUST_00757,1311.3,NETBANKING,,SUCCESS,2026-07-28 01:34:41.380782
PAY_000754,CUST_00749,715.64,UPI,,SUCCESS,2026-08-24 01:09:41.381620
PAY_000755,CUST_01102,1306.76,WALLET,,SUCCESS,2026-08-14 08:21:41.382396
PAY_000756,CUST_03824,1160.5,WALLET,,SUCCESS,2026-08-10 19:02:41.383182
PAY_000757,CUST_01575,1176.17,CARD,,SUCCESS,2026-07-31 03:44:41.383963
PAY_000758,CUST_02567,1577.92,NETBANKING,,SUCCESS,2026-08-24 17:12:41.384700
PAY_000759,CUST_00967,1971.41,UPI,,SUCCESS,2026-08-13 02:30:41.385501
PAY_000760,CUST_04898,8496.41,UPI,,SUCCESS,2026-08-20 10:20:41.386365
PAY_000761,CUST_04898,8608.35,NETBANKING,,SUCCESS,2026-08-07 03:03:41.387221
PAY_000762,CUST_00995,1480.52,NETBANKING,BANK_DECLINED,FAILED,2026-07-28 21:06:41.388037
PAY_000763,CUST_03026,1086.77,WALLET,,SUCCESS,2026-08-14 08:40:41.389058
PAY_000764,CUST_04446,298.76,NETBANKING,,SUCCESS,2026-08-11 05:43:41.389890
PAY_000765,CUST_01095,1777.59,NETBANKING,,SUCCESS,2026-08-26 01:32:41.390718
PAY_000766,CUST_02272,334.48,CARD,,SUCCESS,2026-07-28 08:47:41.391480
PAY_000767,CUST_03946,1836.42,WALLET,,SUCCESS,2026-08-26 14:12:41.392239
PAY_000768,CUST_02493,948.92,CARD,,SUCCESS,2026-08-07 23:35:41.393024
PAY_000769,CUST_03580,1381.68,WALLET,,SUCCESS,2026-08-08 21:51:41.393761
PAY_000770,CUST_04486,1865.91,UPI,,SUCCESS,2026-08-02 06:32:41.394491
PAY_000771,CUST_01438,2129.23,WALLET,BANK_TIMEOUT,FAILED,2026-08-10 17:19:41.395141
PAY_000772,CUST_02876,1293.62,WALLET,,SUCCESS,2026-07-30 10:05:41.395721
PAY_000773,CUST_00978,1147.45,CARD,,SUCCESS,2026-08-26 09:40:41.396308
PAY_000774,CUST_03248,1096.11,NETBANKING,INSUFFICIENT_FUNDS,FAILED,2026-08-06 13:17:41.396955
PAY_000775,CUST_02502,1037.45,UPI,BANK_DECLINED,FAILED,2026-08-10 12:02:41.397570
PAY_000776,CUST_00412,8632.32,NETBANKING,,SUCCESS,2026-08-16 17:19:41.398303
PAY_000777,CUST_03438,1884.93,WALLET,,SUCCESS,2026-08-10 06:23:41.399122
PAY_000778,CUST_00637,1673.89,WALLET,AUTHENTICATION_FAILED,FAILED,2026-08-17 06:30:41.399898
PAY_000779,CUST_00898,604.21,WALLET,BANK_TIMEOUT,FAILED,2026-08-14 03:56:41.400671
PAY_000780,CUST_03074,1063.02,WALLET,,SUCCESS,2026-08-19 00:40:41.401396
PAY_000781,CUST_00606,1045.17,CARD,,SUCCESS,2026-08-23 19:29:41.402145
PAY_000782,CUST_03005,2641.19,UPI,,SUCCESS,2026-08-20 23:41:41.402922
PAY_000783,CUST_01170,1588.8,CARD,,SUCCESS,2026-08-02 23:32:41.403960
PAY_000784,CUST_04588,1031.11,NETBANKING,,SUCCESS,2026-08-18 01:19:41.405100
PAY_000785,CUST_00146,1704.32,UPI,,SUCCESS,2026-08-02 12:46:41.406313
PAY_000786,CUST_00963,546.04,WALLET,,SUCCESS,2026-08-26 16:44:41.407383
PAY_000787,CUST_01639,1749.97,UPI,,SUCCESS,2026-08-12 02:04:41.408584
PAY_000788,CUST_01882,411.7,WALLET,,SUCCESS,2026-08-14 07:33:41.409713
PAY_000789,CUST_04568,871.54,WALLET,NETWORK_ERROR,FAILED,2026-08-10 08:03:41.410819
PAY_000790,CUST_02530,1098.87,UPI,,SUCCESS,2026-08-16 13:37:41.411892
PAY_000791,CUST_04664,2098.65,WALLET,,SUCCESS,2026-08-02 13:20:41.412989
PAY_000792,CUST_00540,3302.37,UPI,,SUCCESS,2026-08-08 22:52:41.414123
PAY_000793,CUST_02429,958.2,UPI,,SUCCESS,2026-07-31 18:18:41.415416
PAY_000794,CUST_00180,749.39,CARD,,SUCCESS,2026-08-07 11:57:41.416574
PAY_000795,CUST_03184,1325.57,CARD,,SUCCESS,2026-08-17 19:50:41.417353
PAY_000796,CUST_03636,7196.92,NETBANKING,,SUCCESS,2026-08-23 22:14:41.418102
PAY_000797,CUST_04153,1161.27,UPI,,SUCCESS,2026-08-25 12:26:41.418855
PAY_000798,CUST_01396,918.48,UPI,,SUCCESS,2026-07-30 19:40:41.419634
PAY_000799,CUST_04510,1970.71,NETBANKING,,SUCCESS,2026-08-15 09:22:41.420378
PAY_000800,CUST_04259,1212.98,WALLET,INSUFFICIENT_FUNDS,FAILED,2026-08-11 06:38:41.421166
PAY_000801,CUST_00912,2060.73,NETBANKING,,SUCCESS,2026-08-03 03:15:41.422290
PAY_000802,CUST_00518,2295.77,UPI,,SUCCESS,2026-07-30 11:33:41.423426
PAY_000803,CUST_04563,1660.35,UPI,,SUCCESS,2026-07-29 07:50:41.424533
PAY_000804,CUST_02403,920.55,UPI,,SUCCESS,2026-08-22 21:27:41.425622
PAY_000805,CUST_03760,374.91,UPI,,SUCCESS,2026-08-09 14:40:41.426725
PAY_000806,CUST_01639,1925.92,UPI,,SUCCESS,2026-08-20 23:34:41.427804
PAY_000807,CUST_01466,1282.22,WALLET,BANK_TIMEOUT,FAILED,2026-08-13 01:35:41.428731
PAY_000808,CUST_00481,1259.43,WALLET,,SUCCESS,2026-08-23 19:01:41.429563
PAY_000809,CUST_00454,616.32,UPI,,SUCCESS,2026-08-01 08:01:41.430383
PAY_000810,CUST_02394,1353.83,WALLET,NETWORK_ERROR,FAILED,2026-08-22 10:12:41.431197
PAY_000811,CUST_01741,1532.71,WALLET,,SUCCESS,2026-08-16 04:15:41.431967
PAY_000812,CUST_03570,776.23,UPI,,SUCCESS,2026-08-06 03:38:41.432733
PAY_000813,CUST_00093,6589.83,WALLET,,SUCCESS,2026-07-29 13:26:41.433513
PAY_000814,CUST_02862,1517.07,NETBANKING,,SUCCESS,2026-07-28 03:54:41.434312
PAY_000815,CUST_04238,1762.72,UPI,,SUCCESS,2026-08-06 02:54:41.435085
PAY_000816,CUST_01162,2070.89,CARD,,SUCCESS,2026-08-21 20:54:41.435883
PAY_000817,CUST_00402,1671.74,UPI,,SUCCESS,2026-07-30 19:17:41.436730
PAY_000818,CUST_01994,1149.84,CARD,,SUCCESS,2026-07-31 16:46:41.437551
PAY_000819,CUST_02999,672.08,NETBANKING,,SUCCESS,2026-08-10 14:42:41.438506
PAY_000820,CUST_04920,530.7,WALLET,,SUCCESS,2026-08-18 07:48:41.439334
PAY_000821,CUST_01735,1179.25,UPI,,SUCCESS,2026-08-24 00:48:41.440089
PAY_000822,CUST_00904,844.4,WALLET,AUTHENTICATION_FAILED,FAILED,2026-07-28 03:02:41.440791
PAY_000823,CUST_02459,1058.73,NETBANKING,,SUCCESS,2026-07-31 05:21:41.441546
PAY_000824,CUST_03201,579.2,CARD,,SUCCESS,2026-08-20 01:52:41.442219
PAY_000825,CUST_01538,1567.04,NETBANKING,,SUCCESS,2026-08-13 12:57:41.443040
PAY_000826,CUST_02526,2250.42,UPI,,SUCCESS,2026-08-03 05:26:41.444213
PAY_000827,CUST_02350,1051.08,CARD,,SUCCESS,2026-08-24 04:16:41.445083
PAY_000828,CUST_03314,2454.47,UPI,,SUCCESS,2026-08-07 13:52:41.445822
PAY_000829,CUST_00188,1988.74,CARD,,SUCCESS,2026-07-28 15:13:41.446862
PAY_000830,CUST_00889,1344.49,UPI,,SUCCESS,2026-08-11 05:49:41.447941
PAY_000831,CUST_03733,585.72,WALLET,,SUCCESS,2026-08-05 12:21:41.448930
PAY_000832,CUST_02441,1762.06,NETBANKING,,SUCCESS,2026-07-31 11:06:41.449779
PAY_000833,CUST_02778,1979.49,NETBANKING,,SUCCESS,2026-07-29 17:56:41.450807
PAY_000834,CUST_01474,1074.02,NETBANKING,INSUFFICIENT_FUNDS,FAILED,2026-08-22 00:21:41.451829
PAY_000835,CUST_00978,1265.34,UPI,,SUCCESS,2026-08-04 05:11:41.452860
PAY_000836,CUST_03621,1911.16,UPI,,SUCCESS,2026-07-28 17:10:41.453562
PAY_000837,CUST_04158,1010.84,CARD,,SUCCESS,2026-08-05 13:18:41.454488
PAY_000838,CUST_03482,4856.34,CARD,,SUCCESS,2026-08-04 21:46:41.455614
PAY_000839,CUST_01120,1676.49,NETBANKING,,SUCCESS,2026-08-09 16:17:41.456476
PAY_000840,CUST_01465,808.27,CARD,,SUCCESS,2026-08-26 11:32:41.457403
PAY_000841,CUST_03961,2355.73,UPI,,SUCCESS,2026-08-10 11:58:41.458558
PAY_000842,CUST_01492,1556.36,UPI,INSUFFICIENT_FUNDS,FAILED,2026-08-13 13:29:41.459789
PAY_000843,CUST_00190,1433.74,NETBANKING,,SUCCESS,2026-08-24 18:55:41.461075
PAY_000844,CUST_01429,1526.49,CARD,,SUCCESS,2026-08-17 18:48:41.462282
PAY_000845,CUST_04723,561.36,CARD,,SUCCESS,2026-08-14 20:42:41.463088
PAY_000846,CUST_02173,1214.65,NETBANKING,,SUCCESS,2026-08-01 13:12:41.464236
PAY_000847,CUST_04864,1313.98,CARD,,SUCCESS,2026-08-25 19:24:41.465828
PAY_000848,CUST_03062,1918.85,NETBANKING,,SUCCESS,2026-08-22 04:21:41.467191
PAY_000849,CUST_03569,1714.93,CARD,NETWORK_ERROR,FAILED,2026-07-27 23:35:41.468626
PAY_000850,CUST_02206,1409.36,UPI,,SUCCESS,2026-08-11 09:16:41.470081
PAY_000851,CUST_00482,1868.87,NETBANKING,,SUCCESS,2026-08-06 00:35:41.471478
PAY_000852,CUST_00453,673.9,NETBANKING,,SUCCESS,2026-08-18 23:42:41.472855
PAY_000853,CUST_00593,1869.23,WALLET,,SUCCESS,2026-08-23 19:28:41.474180
PAY_000854,CUST_01217,947.64,CARD,INSUFFICIENT_FUNDS,FAILED,2026-08-18 01:30:41.475427
PAY_000855,CUST_00909,2126.72,NETBANKING,,SUCCESS,2026-08-12 07:35:41.476663
PAY_000856,CUST_01400,1559.65,CARD,,SUCCESS,2026-08-24 16:25:41.478023
PAY_000857,CUST_03712,1117.87,CARD,,SUCCESS,2026-08-02 10:00:41.479358
PAY_000858,CUST_01398,1484.48,CARD,,SUCCESS,2026-08-11 20:58:41.480673
PAY_000859,CUST_01447,1630.87,NETBANKING,,SUCCESS,2026-08-21 00:45:41.481867
PAY_000860,CUST_01825,324.5,WALLET,,SUCCESS,2026-08-17 06:20:41.483115
PAY_000861,CUST_02663,578.96,WALLET,,SUCCESS,2026-07-29 19:15:41.484465
PAY_000862,CUST_00029,2075.67,WALLET,AUTHENTICATION_FAILED,FAILED,2026-08-09 18:05:41.485907
PAY_000863,CUST_03372,100.0,WALLET,,SUCCESS,2026-08-18 15:22:41.487441
PAY_000864,CUST_03819,2199.16,NETBANKING,,SUCCESS,2026-08-02 20:55:41.488955
PAY_000865,CUST_00055,236.12,WALLET,,SUCCESS,2026-08-05 05:24:41.490300
PAY_000866,CUST_02201,10166.63,WALLET,,SUCCESS,2026-07-28 17:54:41.492065
PAY_000867,CUST_00240,1056.38,UPI,,SUCCESS,2026-08-17 08:33:41.494267
PAY_000868,CUST_01927,1995.58,CARD,,SUCCESS,2026-08-06 05:05:41.495562
PAY_000869,CUST_01019,1655.42,WALLET,,SUCCESS,2026-08-16 20:07:41.496759
PAY_000870,CUST_01652,1138.74,WALLET,,SUCCESS,2026-07-31 18:47:41.498144
PAY_000871,CUST_00040,1506.07,NETBANKING,BANK_DECLINED,FAILED,2026-08-01 17:32:41.499348
PAY_000872,CUST_03044,2152.97,UPI,,SUCCESS,2026-08-13 08:36:41.500711
PAY_000873,CUST_04446,100.0,NETBANKING,,SUCCESS,2026-08-16 07:28:41.502065
PAY_000874,CUST_04666,2471.3,WALLET,,SUCCESS,2026-08-03 11:21:41.503496
PAY_000875,CUST_00858,494.21,WALLET,,SUCCESS,2026-08-06 06:06:41.504815
PAY_000876,CUST_02581,1542.08,WALLET,,SUCCESS,2026-08-10 01:27:41.508146
PAY_000877,CUST_02916,980.41,NETBANKING,,SUCCESS,2026-08-14 08:40:41.509596
PAY_000878,CUST_01139,100.0,CARD,,SUCCESS,2026-08-06 16:26:41.510976
PAY_000879,CUST_03027,2606.92,UPI,,SUCCESS,2026-08-10 10:39:41.512512
PAY_000880,CUST_01285,3342.54,NETBANKING,,SUCCESS,2026-08-03 22:49:41.513963
PAY_000881,CUST_03644,1711.14,UPI,,SUCCESS,2026-08-14 04:57:41.515540
PAY_000882,CUST_02970,203.52,UPI,,SUCCESS,2026-08-21 09:21:41.516694
PAY_000883,CUST_02104,3514.98,UPI,,SUCCESS,2026-08-01 22:28:41.517576
PAY_000884,CUST_04705,1805.48,CARD,,SUCCESS,2026-08-11 19:15:41.518814
PAY_000885,CUST_02039,2497.84,NETBANKING,,SUCCESS,2026-08-18 02:39:41.520174
PAY_000886,CUST_00847,1218.56,CARD,,SUCCESS,2026-08-02 01:38:41.521798
PAY_000887,CUST_00942,1577.54,UPI,,SUCCESS,2026-08-13 03:46:41.523093
PAY_000888,CUST_01150,1285.31,NETBANKING,,SUCCESS,2026-08-08 09:48:41.524020
PAY_000889,CUST_01415,1314.18,UPI,,SUCCESS,2026-08-05 07:19:41.525310
PAY_000890,CUST_00468,1224.24,CARD,,SUCCESS,2026-08-08 16:42:41.526555
PAY_000891,CUST_02694,2579.24,CARD,,SUCCESS,2026-08-05 04:40:41.527961
PAY_000892,CUST_02653,1386.85,WALLET,,SUCCESS,2026-08-05 18:54:41.529284
PAY_000893,CUST_04242,1112.08,UPI,,SUCCESS,2026-08-12 12:55:41.530540
PAY_000894,CUST_02090,1093.78,WALLET,,SUCCESS,2026-08-07 18:39:41.531738
PAY_000895,CUST_00814,1136.52,WALLET,,SUCCESS,2026-08-01 08:54:41.532953
PAY_000896,CUST_04787,2466.93,CARD,AUTHENTICATION_FAILED,FAILED,2026-08-20 22:41:41.534144
PAY_000897,CUST_04281,1294.62,UPI,,SUCCESS,2026-08-04 00:58:41.535573
PAY_000898,CUST_04469,2132.2,NETBANKING,,SUCCESS,2026-08-11 07:42:41.536432
PAY_000899,CUST_04818,1822.68,WALLET,,SUCCESS,2026-08-08 10:17:41.537480
PAY_000900,CUST_03801,1810.02,NETBANKING,,SUCCESS,2026-08-11 22:43:41.539032
PAY_000901,CUST_04813,1180.71,UPI,,SUCCESS,2026-08-20 10:54:41.540337
PAY_000902,CUST_04957,761.85,NETBANKING,AUTHENTICATION_FAILED,FAILED,2026-07-29 02:55:41.541691
PAY_000903,CUST_00352,1368.9,WALLET,,SUCCESS,2026-08-09 10:22:41.543095
PAY_000904,CUST_03457,838.19,WALLET,,SUCCESS,2026-08-23 21:17:41.543881
PAY_000905,CUST_03987,1666.38,CARD,,SUCCESS,2026-08-05 04:17:41.544646
PAY_000906,CUST_02246,1318.28,WALLET,,SUCCESS,2026-07-28 16:55:41.545289
PAY_000907,CUST_01958,1047.53,UPI,,SUCCESS,2026-08-18 23:38:41.545888
PAY_000908,CUST_04173,2327.36,CARD,,SUCCESS,2026-08-25 07:51:41.546675
PAY_000909,CUST_01194,880.58,WALLET,,SUCCESS,2026-08-25 13:34:41.547550
PAY_000910,CUST_04519,1014.58,UPI,,SUCCESS,2026-08-09 05:23:41.548328
PAY_000911,CUST_04247,1269.01,CARD,,SUCCESS,2026-08-13 12:55:41.549172
PAY_000912,CUST_04657,1472.01,UPI,,SUCCESS,2026-08-06 02:16:41.550289
PAY_000913,CUST_00818,1631.52,UPI,,SUCCESS,2026-08-18 23:12:41.551113
PAY_000914,CUST_02570,758.35,WALLET,,SUCCESS,2026-08-08 23:41:41.551925
PAY_000915,CUST_03846,1162.36,UPI,,SUCCESS,2026-08-20 21:49:41.552670
PAY_000916,CUST_04612,2254.56,WALLET,,SUCCESS,2026-08-23 15:46:41.553702
PAY_000917,CUST_01493,1556.38,CARD,,SUCCESS,2026-08-20 20:57:41.554578
PAY_000918,CUST_00088,486.47,NETBANKING,,SUCCESS,2026-08-07 02:48:41.555901
PAY_000919,CUST_03854,858.93,WALLET,,SUCCESS,2026-08-19 13:27:41.557091
PAY_000920,CUST_01324,1341.7,NETBANKING,,SUCCESS,2026-07-31 01:11:41.558176
PAY_000921,CUST_04740,2128.87,WALLET,,SUCCESS,2026-08-14 06:01:41.559222
PAY_000922,CUST_04079,2630.79,CARD,,SUCCESS,2026-08-06 12:01:41.560231
PAY_000923,CUST_01035,1317.55,WALLET,,SUCCESS,2026-07-30 06:13:41.561262
PAY_000924,CUST_02067,1418.36,NETBANKING,,SUCCESS,2026-07-31 21:08:41.562227
PAY_000925,CUST_02631,460.09,WALLET,,SUCCESS,2026-08-05 17:29:41.563312
PAY_000926,CUST_00385,463.75,UPI,,SUCCESS,2026-08-13 16:24:41.564443
PAY_000927,CUST_02921,1430.08,WALLET,,SUCCESS,2026-08-11 00:06:41.565559
PAY_000928,CUST_04292,2088.61,NETBANKING,,SUCCESS,2026-08-08 23:42:41.566609
PAY_000929,CUST_00587,1575.07,CARD,,SUCCESS,2026-08-07 21:32:41.567620
PAY_000930,CUST_01401,921.67,WALLET,,SUCCESS,2026-08-05 22:48:41.568646
PAY_000931,CUST_04653,5692.94,CARD,,SUCCESS,2026-07-31 21:48:41.569771
PAY_000932,CUST_01117,1601.04,UPI,INSUFFICIENT_FUNDS,FAILED,2026-08-19 14:22:41.571036
PAY_000933,CUST_01135,494.07,NETBANKING,,SUCCESS,2026-08-23 17:58:41.572282
PAY_000934,CUST_03192,1178.79,CARD,,SUCCESS,2026-08-04 07:51:41.572968
PAY_000935,CUST_01581,1053.51,UPI,,SUCCESS,2026-08-10 00:07:41.573591
PAY_000936,CUST_02868,769.4,UPI,AUTHENTICATION_FAILED,FAILED,2026-08-11 22:47:41.574212
PAY_000937,CUST_04620,3515.94,CARD,,SUCCESS,2026-08-15 06:47:41.574803
PAY_000938,CUST_04813,1678.3,UPI,,SUCCESS,2026-08-05 18:04:41.575413
PAY_000939,CUST_04645,821.08,WALLET,NETWORK_ERROR,FAILED,2026-08-11 03:31:41.576019
PAY_000940,CUST_02754,886.91,CARD,,SUCCESS,2026-08-08 17:36:41.576667
PAY_000941,CUST_01830,107.53,NETBANKING,BANK_TIMEOUT,FAILED,2026-08-20 13:48:41.577541
PAY_000942,CUST_02718,1409.25,WALLET,,SUCCESS,2026-08-04 17:23:41.578612
PAY_000943,CUST_03973,1284.13,UPI,,SUCCESS,2026-08-01 19:51:41.579631
PAY_000944,CUST_01283,1760.4,WALLET,,SUCCESS,2026-08-20 09:41:41.580648
PAY_000945,CUST_04257,978.08,NETBANKING,,SUCCESS,2026-08-19 10:37:41.581632
PAY_000946,CUST_03301,736.84,UPI,,SUCCESS,2026-07-30 03:53:41.582657
PAY_000947,CUST_00007,985.91,NETBANKING,BANK_TIMEOUT,FAILED,2026-08-02 10:53:41.583652
PAY_000948,CUST_04105,8807.68,CARD,,SUCCESS,2026-08-23 06:08:41.584703
PAY_000949,CUST_04879,982.7,UPI,,SUCCESS,2026-08-14 08:25:41.586346
PAY_000950,CUST_01385,1476.85,NETBANKING,,SUCCESS,2026-08-18 16:31:41.587642
PAY_000951,CUST_02723,868.88,UPI,,SUCCESS,2026-08-02 13:28:41.589131
PAY_000952,CUST_01476,1022.69,UPI,,SUCCESS,2026-07-28 21:31:41.590248
PAY_000953,CUST_04627,550.81,UPI,,SUCCESS,2026-08-09 00:13:41.591386
PAY_000954,CUST_00619,6314.14,WALLET,,SUCCESS,2026-08-24 09:37:41.592853
PAY_000955,CUST_04050,711.92,UPI,,SUCCESS,2026-08-09 14:40:41.593956
PAY_000956,CUST_02295,2012.58,CARD,,SUCCESS,2026-08-09 17:40:41.595032
PAY_000957,CUST_00864,1109.55,CARD,,SUCCESS,2026-08-22 15:03:41.596062
PAY_000958,CUST_01925,2167.42,UPI,BANK_TIMEOUT,FAILED,2026-08-11 10:39:41.597101
PAY_000959,CUST_04485,1687.79,UPI,,SUCCESS,2026-08-16 17:57:41.598154
PAY_000960,CUST_03261,6360.63,UPI,,SUCCESS,2026-08-19 03:30:41.599334
PAY_000961,CUST_03348,1106.82,UPI,,SUCCESS,2026-08-07 20:50:41.600525
PAY_000962,CUST_00913,2432.84,NETBANKING,,SUCCESS,2026-08-12 02:25:41.601627
PAY_000963,CUST_04481,694.21,CARD,,SUCCESS,2026-07-29 08:34:41.602642
PAY_000964,CUST_02504,1147.0,WALLET,,SUCCESS,2026-08-07 07:31:41.603652
PAY_000965,CUST_04576,587.83,CARD,,SUCCESS,2026-08-21 23:13:41.604663
PAY_000966,CUST_00562,1119.45,CARD,,SUCCESS,2026-08-26 02:30:41.606156
PAY_000967,CUST_03520,1468.69,NETBANKING,,SUCCESS,2026-08-26 05:47:41.607259
PAY_000968,CUST_01259,974.21,WALLET,,SUCCESS,2026-08-16 18:28:41.608280
PAY_000969,CUST_00256,1207.01,NETBANKING,AUTHENTICATION_FAILED,FAILED,2026-08-09 23:51:41.609309
PAY_000970,CUST_04004,1086.82,CARD,NETWORK_ERROR,FAILED,2026-08-13 01:31:41.610559
PAY_000971,CUST_00343,1219.05,WALLET,,SUCCESS,2026-08-22 03:40:41.611737
PAY_000972,CUST_04656,1322.19,CARD,,SUCCESS,2026-08-15 07:41:41.612998
PAY_000973,CUST_02324,1855.97,NETBANKING,,SUCCESS,2026-07-29 01:48:41.614271
PAY_000974,CUST_02257,251.88,CARD,,SUCCESS,2026-08-11 16:11:41.615083
PAY_000975,CUST_02582,6245.72,NETBANKING,,SUCCESS,2026-08-04 20:16:41.615852
PAY_000976,CUST_01610,1638.32,UPI,,SUCCESS,2026-07-30 02:12:41.617112
PAY_000977,CUST_02999,1242.54,WALLET,,SUCCESS,2026-08-09 09:13:41.618272
PAY_000978,CUST_01168,823.48,CARD,,SUCCESS,2026-08-03 21:00:41.619427
PAY_000979,CUST_04917,6219.72,UPI,,SUCCESS,2026-08-16 04:48:41.620646
PAY_000980,CUST_03424,2413.07,UPI,BANK_DECLINED,FAILED,2026-08-16 00:40:41.621818
PAY_000981,CUST_02062,6936.16,CARD,,SUCCESS,2026-07-29 13:56:41.622804
PAY_000982,CUST_00786,1009.9,CARD,BANK_DECLINED,FAILED,2026-08-04 02:08:41.623603
PAY_000983,CUST_00507,1650.22,CARD,,SUCCESS,2026-08-09 16:27:41.624409
PAY_000984,CUST_01444,106.7,UPI,,SUCCESS,2026-08-15 22:51:41.625174
PAY_000985,CUST_01742,945.57,WALLET,,SUCCESS,2026-08-11 19:51:41.626094
PAY_000986,CUST_01963,2571.71,NETBANKING,,SUCCESS,2026-07-28 11:53:41.627303
PAY_000987,CUST_03189,291.02,UPI,,SUCCESS,2026-08-03 01:57:41.628130
PAY_000988,CUST_00535,1648.4,WALLET,,SUCCESS,2026-07-28 07:02:41.628866
PAY_000989,CUST_00336,1723.86,UPI,,SUCCESS,2026-08-16 08:44:41.629652
PAY_000990,CUST_03350,886.01,NETBANKING,,SUCCESS,2026-08-11 04:31:41.630403
PAY_000991,CUST_01846,1600.16,UPI,,SUCCESS,2026-08-15 11:37:41.631148
PAY_000992,CUST_01029,1218.1,CARD,,SUCCESS,2026-07-30 02:42:41.632061
PAY_000993,CUST_03962,1949.16,NETBANKING,,SUCCESS,2026-08-18 10:24:41.633180
PAY_000994,CUST_03482,4771.36,UPI,,SUCCESS,2026-08-23 20:18:41.634291
PAY_000995,CUST_01268,1541.83,UPI,,SUCCESS,2026-08-18 00:39:41.635509
PAY_000996,CUST_02592,892.98,CARD,INSUFFICIENT_FUNDS,FAILED,2026-08-21 01:44:41.636653
PAY_000997,CUST_01302,1186.78,CARD,INSUFFICIENT_FUNDS,FAILED,2026-08-03 16:38:41.637674
PAY_000998,CUST_04936,1443.52,WALLET,BANK_DECLINED,FAILED,2026-08-19 07:34:41.638818
PAY_000999,CUST_03582,1332.16,CARD,,SUCCESS,2026-08-07 11:44:41.639900
PAY_001000,CUST_03266,605.69,CARD,,SUCCESS,2026-08-12 23:48:41.641003
PAY_001001,CUST_02296,1071.05,WALLET,,SUCCESS,2026-07-28 20:38:41.641911
PAY_001002,CUST_02023,1878.49,WALLET,,SUCCESS,2026-08-23 03:29:41.642524
PAY_001003,CUST_04725,2448.41,NETBANKING,,SUCCESS,2026-08-08 15:53:41.643121
PAY_001004,CUST_00179,708.48,WALLET,,SUCCESS,2026-08-06 16:46:41.643699
PAY_001005,CUST_03748,5598.2,WALLET,,SUCCESS,2026-08-19 16:37:41.644298
PAY_001006,CUST_02428,1567.75,WALLET,,SUCCESS,2026-08-25 21:14:41.644896
PAY_001007,CUST_00549,6776.94,WALLET,,SUCCESS,2026-08-22 23:58:41.645486
PAY_001008,CUST_03515,1112.77,NETBANKING,,SUCCESS,2026-07-30 16:47:41.646080
PAY_001009,CUST_04538,2807.41,CARD,,SUCCESS,2026-08-15 01:51:41.646665
PAY_001010,CUST_03143,1459.46,NETBANKING,,SUCCESS,2026-08-06 03:25:41.647447
PAY_001011,CUST_01975,1772.29,WALLET,,SUCCESS,2026-08-23 12:18:41.648570
PAY_001012,CUST_00198,2740.47,WALLET,,SUCCESS,2026-08-17 21:06:41.649628
PAY_001013,CUST_01926,153.03,CARD,,SUCCESS,2026-08-26 14:19:41.650656
PAY_001014,CUST_02060,170.31,NETBANKING,NETWORK_ERROR,FAILED,2026-08-08 09:00:41.651725
PAY_001015,CUST_04608,100.0,WALLET,,SUCCESS,2026-08-09 19:18:41.652905
PAY_001016,CUST_00487,1833.19,NETBANKING,,SUCCESS,2026-07-28 14:41:41.653950
PAY_001017,CUST_01702,1498.46,UPI,,SUCCESS,2026-08-08 04:22:41.655106
PAY_001018,CUST_03172,1220.18,UPI,,SUCCESS,2026-08-09 06:33:41.656387
PAY_001019,CUST_03278,1532.11,CARD,,SUCCESS,2026-08-17 22:44:41.657530
PAY_001020,CUST_04752,1858.14,NETBANKING,,SUCCESS,2026-08-10 22:08:41.658644
PAY_001021,CUST_01718,1122.29,WALLET,,SUCCESS,2026-07-28 21:18:41.659665
PAY_001022,CUST_04944,1851.81,UPI,,SUCCESS,2026-07-28 03:55:41.660669
PAY_001023,CUST_03676,1271.08,WALLET,,SUCCESS,2026-08-15 13:19:41.661724
PAY_001024,CUST_00341,9414.57,UPI,,SUCCESS,2026-08-10 08:07:41.662903
PAY_001025,CUST_01685,1177.67,UPI,,SUCCESS,2026-07-28 10:00:41.663943
PAY_001026,CUST_02033,428.26,WALLET,INSUFFICIENT_FUNDS,FAILED,2026-08-15 05:07:41.664981
PAY_001027,CUST_01971,1131.65,CARD,,SUCCESS,2026-08-26 05:24:41.666074
PAY_001028,CUST_00360,1363.02,UPI,NETWORK_ERROR,FAILED,2026-08-08 16:31:41.667137
PAY_001029,CUST_01593,1292.24,UPI,,SUCCESS,2026-08-03 04:30:41.668181
PAY_001030,CUST_04755,1964.45,WALLET,,SUCCESS,2026-08-19 05:45:41.669248
PAY_001031,CUST_02553,620.29,NETBANKING,,SUCCESS,2026-08-13 00:46:41.670457
PAY_001032,CUST_03110,1883.92,WALLET,,SUCCESS,2026-07-31 02:43:41.671528
PAY_001033,CUST_00169,1459.91,WALLET,,SUCCESS,2026-08-22 17:48:41.672701
PAY_001034,CUST_00130,2291.21,NETBANKING,INSUFFICIENT_FUNDS,FAILED,2026-08-14 13:02:41.673740
PAY_001035,CUST_04279,2130.71,WALLET,,SUCCESS,2026-08-12 18:21:41.674741
PAY_001036,CUST_04317,576.2,CARD,NETWORK_ERROR,FAILED,2026-08-26 17:09:41.675747
PAY_001037,CUST_02048,972.87,WALLET,AUTHENTICATION_FAILED,FAILED,2026-08-07 19:34:41.676899
PAY_001038,CUST_00870,1754.66,WALLET,,SUCCESS,2026-08-19 00:30:41.678044
PAY_001039,CUST_03104,1182.27,CARD,,SUCCESS,2026-08-20 16:09:41.679040
PAY_001040,CUST_01757,1390.92,CARD,,SUCCESS,2026-08-03 21:53:41.679739
PAY_001041,CUST_04951,1424.11,WALLET,,SUCCESS,2026-07-31 23:28:41.680379
PAY_001042,CUST_03594,5226.93,CARD,,SUCCESS,2026-08-17 15:24:41.680975
PAY_001043,CUST_04888,6443.28,CARD,INSUFFICIENT_FUNDS,FAILED,2026-08-14 23:36:41.681556
PAY_001044,CUST_00436,1219.13,WALLET,,SUCCESS,2026-08-06 17:29:41.682365
PAY_001045,CUST_03599,5268.02,UPI,,SUCCESS,2026-07-28 19:43:41.683527
PAY_001046,CUST_04610,1803.59,NETBANKING,,SUCCESS,2026-08-22 21:16:41.684664
PAY_001047,CUST_01623,611.46,NETBANKING,,SUCCESS,2026-08-23 20:41:41.685860
PAY_001048,CUST_01227,8834.23,CARD,,SUCCESS,2026-08-05 00:53:41.686902
PAY_001049,CUST_00421,390.34,UPI,,SUCCESS,2026-08-26 08:29:41.687911
PAY_001050,CUST_01075,5815.07,UPI,AUTHENTICATION_FAILED,FAILED,2026-08-24 21:09:41.689056
PAY_001051,CUST_01448,8630.54,UPI,,SUCCESS,2026-08-09 16:33:41.690234
PAY_001052,CUST_02828,942.68,NETBANKING,,SUCCESS,2026-08-04 16:07:41.691359
PAY_001053,CUST_02451,1912.06,NETBANKING,,SUCCESS,2026-07-30 06:44:41.692387
PAY_001054,CUST_00826,1451.44,NETBANKING,,SUCCESS,2026-08-11 04:09:41.693325
PAY_001055,CUST_01651,1133.12,CARD,,SUCCESS,2026-08-10 08:20:41.693941
PAY_001056,CUST_03430,5888.08,WALLET,,SUCCESS,2026-07-29 23:43:41.694533
PAY_001057,CUST_01450,1490.31,NETBANKING,,SUCCESS,2026-08-11 18:09:41.695139
PAY_001058,CUST_01638,1153.82,UPI,,SUCCESS,2026-08-05 23:48:41.695725
PAY_001059,CUST_00934,2349.67,WALLET,,SUCCESS,2026-08-20 11:12:41.696345
PAY_001060,CUST_02730,1521.94,UPI,AUTHENTICATION_FAILED,FAILED,2026-08-14 01:37:41.697001
PAY_001061,CUST_03176,1041.98,CARD,,SUCCESS,2026-08-10 00:27:41.697599
PAY_001062,CUST_00747,1275.23,WALLET,,SUCCESS,2026-08-03 08:27:41.698180
PAY_001063,CUST_02100,307.59,CARD,,SUCCESS,2026-08-26 15:27:41.698761
PAY_001064,CUST_00562,927.08,NETBANKING,,SUCCESS,2026-08-26 00:43:41.699348
PAY_001065,CUST_02392,1231.69,UPI,,SUCCESS,2026-08-11 23:19:41.699961
PAY_001066,CUST_04323,2023.43,CARD,,SUCCESS,2026-07-30 04:08:41.700572
PAY_001067,CUST_02130,1710.83,UPI,,SUCCESS,2026-08-10 22:24:41.701169
PAY_001068,CUST_01009,1478.5,WALLET,,SUCCESS,2026-07-27 19:48:41.701745
PAY_001069,CUST_02862,1799.69,UPI,,SUCCESS,2026-08-09 06:30:41.702330
PAY_001070,CUST_03959,1692.72,CARD,,SUCCESS,2026-08-20 06:30:41.702928
PAY_001071,CUST_03521,1105.83,UPI,,SUCCESS,2026-08-20 23:13:41.703551
PAY_001072,CUST_01467,1872.94,UPI,,SUCCESS,2026-08-13 01:43:41.704328
PAY_001073,CUST_01790,1262.14,WALLET,,SUCCESS,2026-08-19 03:19:41.705147
PAY_001074,CUST_00966,1697.92,UPI,,SUCCESS,2026-08-04 20:13:41.706102
PAY_001075,CUST_02554,2063.97,CARD,,SUCCESS,2026-08-15 17:04:41.706731
PAY_001076,CUST_00515,5905.78,UPI,,SUCCESS,2026-08-21 23:40:41.707311
PAY_001077,CUST_02758,1344.68,UPI,,SUCCESS,2026-08-19 11:51:41.707888
PAY_001078,CUST_04184,2062.11,NETBANKING,,SUCCESS,2026-08-09 08:00:41.708476
PAY_001079,CUST_02082,1948.23,CARD,,SUCCESS,2026-08-15 01:29:41.709314
PAY_001080,CUST_02959,1405.39,UPI,,SUCCESS,2026-08-20 14:36:41.710340
PAY_001081,CUST_00421,526.64,WALLET,,SUCCESS,2026-08-22 16:05:41.711363
PAY_001082,CUST_04599,1403.16,NETBANKING,,SUCCESS,2026-08-16 14:25:41.712511
PAY_001083,CUST_00514,870.28,UPI,,SUCCESS,2026-07-28 11:28:41.713569
PAY_001084,CUST_03784,1121.65,WALLET,,SUCCESS,2026-07-28 00:37:41.714550
PAY_001085,CUST_03279,1658.13,WALLET,,SUCCESS,2026-08-16 03:59:41.715249
PAY_001086,CUST_04058,611.7,UPI,,SUCCESS,2026-08-13 13:03:41.715845
PAY_001087,CUST_03626,1787.63,UPI,,SUCCESS,2026-08-11 07:15:41.716440
PAY_001088,CUST_03895,1542.13,CARD,,SUCCESS,2026-08-21 12:03:41.717026
PAY_001089,CUST_03037,2214.57,CARD,,SUCCESS,2026-08-12 12:35:41.717633
PAY_001090,CUST_02652,2491.05,UPI,,SUCCESS,2026-08-12 15:24:41.718285
PAY_001091,CUST_02383,5928.17,CARD,NETWORK_ERROR,FAILED,2026-08-07 12:05:41.718970
PAY_001092,CUST_03169,787.95,NETBANKING,,SUCCESS,2026-08-21 00:55:41.719569
PAY_001093,CUST_03038,1940.35,CARD,,SUCCESS,2026-08-21 22:27:41.720155
PAY_001094,CUST_02137,1157.63,WALLET,,SUCCESS,2026-08-12 09:48:41.720756
PAY_001095,CUST_03440,1422.15,NETBANKING,INSUFFICIENT_FUNDS,FAILED,2026-08-04 00:55:41.721337
PAY_001096,CUST_01558,1225.34,CARD,,SUCCESS,2026-07-30 09:55:41.722406
PAY_001097,CUST_00382,1283.93,UPI,,SUCCESS,2026-07-30 12:44:41.723177
PAY_001098,CUST_00582,930.61,UPI,,SUCCESS,2026-08-14 08:12:41.723863
PAY_001099,CUST_01264,923.17,WALLET,,SUCCESS,2026-07-29 01:34:41.724598
PAY_001100,CUST_00324,793.83,WALLET,,SUCCESS,2026-08-13 12:29:41.725563
PAY_001101,CUST_01723,610.4,WALLET,,SUCCESS,2026-08-24 02:38:41.726728
PAY_001102,CUST_01494,922.78,NETBANKING,,SUCCESS,2026-08-19 20:05:41.727839
PAY_001103,CUST_01133,1356.74,CARD,,SUCCESS,2026-08-16 13:02:41.728943
PAY_001104,CUST_02700,1562.18,UPI,,SUCCESS,2026-08-18 15:20:41.730092
PAY_001105,CUST_03420,100.0,WALLET,,SUCCESS,2026-08-13 04:11:41.731173
PAY_001106,CUST_01471,1097.22,CARD,,SUCCESS,2026-08-25 19:19:41.732327
PAY_001107,CUST_01066,2357.29,NETBANKING,,SUCCESS,2026-08-07 13:28:41.733499
PAY_001108,CUST_04502,2588.04,NETBANKING,,SUCCESS,2026-08-08 23:24:41.734577
PAY_001109,CUST_03032,1479.04,NETBANKING,,SUCCESS,2026-08-13 22:27:41.735620
PAY_001110,CUST_02957,2045.91,CARD,,SUCCESS,2026-08-01 20:18:41.736669
PAY_001111,CUST_03653,776.3,CARD,,SUCCESS,2026-08-12 01:37:41.737655
PAY_001112,CUST_00570,522.74,UPI,,SUCCESS,2026-08-12 22:45:41.739129
PAY_001113,CUST_00849,11787.98,CARD,,SUCCESS,2026-07-31 12:28:41.740362
PAY_001114,CUST_02393,1175.35,WALLET,,SUCCESS,2026-08-13 12:56:41.741453
PAY_001115,CUST_04622,6794.7,CARD,,SUCCESS,2026-08-16 20:37:41.742540
PAY_001116,CUST_04372,1372.01,CARD,,SUCCESS,2026-07-28 03:33:41.743584
PAY_001117,CUST_03138,1537.03,UPI,INSUFFICIENT_FUNDS,FAILED,2026-08-09 15:35:41.744648
PAY_001118,CUST_03447,6315.81,WALLET,,SUCCESS,2026-08-19 03:08:41.745725
PAY_001119,CUST_00301,269.67,UPI,,SUCCESS,2026-08-10 14:29:41.746864
PAY_001120,CUST_04894,1981.83,CARD,,SUCCESS,2026-08-24 09:34:41.747971
PAY_001121,CUST_00474,1828.98,NETBANKING,,SUCCESS,2026-07-30 18:44:41.749062
PAY_001122,CUST_00839,980.09,CARD,,SUCCESS,2026-07-29 06:03:41.750164
PAY_001123,CUST_01397,6901.14,CARD,,SUCCESS,2026-08-25 05:45:41.751244
PAY_001124,CUST_01512,1743.62,WALLET,NETWORK_ERROR,FAILED,2026-08-13 00:15:41.752344
PAY_001125,CUST_04797,1177.64,CARD,,SUCCESS,2026-07-28 01:51:41.753465
PAY_001126,CUST_01185,2227.75,UPI,,SUCCESS,2026-08-05 16:25:41.754673
PAY_001127,CUST_03410,1638.57,WALLET,,SUCCESS,2026-08-14 06:16:41.755905
PAY_001128,CUST_02385,1381.91,WALLET,,SUCCESS,2026-08-10 01:40:41.757018
PAY_001129,CUST_00988,1045.28,UPI,BANK_TIMEOUT,FAILED,2026-08-21 05:34:41.758114
PAY_001130,CUST_01304,9000.15,CARD,,SUCCESS,2026-08-25 17:43:41.759186
PAY_001131,CUST_00316,1531.14,WALLET,,SUCCESS,2026-08-14 07:54:41.760340
PAY_001132,CUST_01709,1462.43,UPI,,SUCCESS,2026-07-30 19:18:41.761522
PAY_001133,CUST_03500,722.06,WALLET,,SUCCESS,2026-07-28 10:48:41.762617
PAY_001134,CUST_04025,1595.3,NETBANKING,,SUCCESS,2026-07-31 18:44:41.763707
PAY_001135,CUST_03439,1311.12,NETBANKING,,SUCCESS,2026-08-23 21:31:41.764765
PAY_001136,CUST_02689,109.18,CARD,,SUCCESS,2026-08-08 08:09:41.765827
PAY_001137,CUST_00103,646.25,UPI,,SUCCESS,2026-08-08 20:45:41.766926
PAY_001138,CUST_04790,1277.44,WALLET,,SUCCESS,2026-08-23 21:03:41.768046
PAY_001139,CUST_02512,1723.1,UPI,,SUCCESS,2026-08-17 08:16:41.769131
PAY_001140,CUST_03470,509.25,UPI,,SUCCESS,2026-08-18 13:32:41.770229
PAY_001141,CUST_01802,466.48,CARD,,SUCCESS,2026-08-26 13:04:41.771322
PAY_001142,CUST_00210,631.78,NETBANKING,,SUCCESS,2026-08-21 04:29:41.772541
PAY_001143,CUST_02949,423.89,CARD,INSUFFICIENT_FUNDS,FAILED,2026-08-22 18:57:41.773312
PAY_001144,CUST_00343,1275.94,UPI,,SUCCESS,2026-08-22 22:27:41.774118
PAY_001145,CUST_04901,1405.34,NETBANKING,,SUCCESS,2026-08-10 05:46:41.775046
PAY_001146,CUST_03317,795.16,CARD,,SUCCESS,2026-08-07 12:47:41.775815
PAY_001147,CUST_02882,893.43,UPI,,SUCCESS,2026-08-15 11:37:41.776559
PAY_001148,CUST_03706,1309.18,NETBANKING,,SUCCESS,2026-07-27 18:54:41.777303
PAY_001149,CUST_01329,735.21,CARD,,SUCCESS,2026-07-31 12:34:41.778095
PAY_001150,CUST_04917,5962.9,NETBANKING,,SUCCESS,2026-08-02 23:59:41.778826
PAY_001151,CUST_01536,989.36,NETBANKING,,SUCCESS,2026-07-30 04:46:41.779509
PAY_001152,CUST_01783,829.33,CARD,,SUCCESS,2026-08-22 06:44:41.780276
PAY_001153,CUST_00732,716.91,UPI,,SUCCESS,2026-08-15 23:54:41.781041
PAY_001154,CUST_03962,2142.0,CARD,BANK_DECLINED,FAILED,2026-08-16 23:48:41.781938
PAY_001155,CUST_03406,100.0,CARD,,SUCCESS,2026-07-30 20:29:41.782662
PAY_001156,CUST_03058,1901.45,CARD,,SUCCESS,2026-07-29 11:09:41.783300
PAY_001157,CUST_03183,1155.53,NETBANKING,,SUCCESS,2026-08-14 22:09:41.783913
PAY_001158,CUST_04065,1012.73,CARD,,SUCCESS,2026-08-08 13:54:41.784501
PAY_001159,CUST_01266,5018.14,NETBANKING,,SUCCESS,2026-08-07 10:17:41.785126
PAY_001160,CUST_00359,1651.62,CARD,,SUCCESS,2026-08-02 09:31:41.785912
PAY_001161,CUST_04795,619.77,NETBANKING,INSUFFICIENT_FUNDS,FAILED,2026-08-09 20:24:41.786584
PAY_001162,CUST_03032,1727.05,CARD,,SUCCESS,2026-08-07 16:28:41.787207
PAY_001163,CUST_01608,1258.98,NETBANKING,,SUCCESS,2026-08-07 01:14:41.787828
PAY_001164,CUST_02194,2689.11,CARD,,SUCCESS,2026-08-23 06:12:41.788974
PAY_001165,CUST_04123,2075.52,UPI,,SUCCESS,2026-08-01 19:55:41.790109
PAY_001166,CUST_03586,458.49,NETBANKING,,SUCCESS,2026-07-28 15:38:41.791141
PAY_001167,CUST_00431,1533.45,NETBANKING,,SUCCESS,2026-08-14 08:25:41.792153
PAY_001168,CUST_00445,288.35,CARD,BANK_DECLINED,FAILED,2026-08-26 08:06:41.793177
PAY_001169,CUST_04763,1436.52,CARD,NETWORK_ERROR,FAILED,2026-08-22 00:11:41.794306
PAY_001170,CUST_03415,6890.72,UPI,,SUCCESS,2026-08-18 18:56:41.795427
PAY_001171,CUST_04539,1512.86,NETBANKING,,SUCCESS,2026-07-30 23:43:41.796588
PAY_001172,CUST_00866,5082.27,WALLET,,SUCCESS,2026-08-22 10:31:41.797761
PAY_001173,CUST_04534,1838.74,NETBANKING,,SUCCESS,2026-08-01 16:27:41.798882
PAY_001174,CUST_02697,605.79,UPI,,SUCCESS,2026-08-24 14:29:41.799943
PAY_001175,CUST_01622,1390.88,WALLET,INSUFFICIENT_FUNDS,FAILED,2026-08-11 01:51:41.800988
PAY_001176,CUST_03841,1806.39,WALLET,,SUCCESS,2026-08-05 02:01:41.802076
PAY_001177,CUST_01693,1870.72,NETBANKING,,SUCCESS,2026-08-26 08:30:41.803215
PAY_001178,CUST_03699,335.53,CARD,,SUCCESS,2026-07-27 20:38:41.804250
PAY_001179,CUST_00691,7959.96,WALLET,,SUCCESS,2026-07-31 22:57:41.805042
PAY_001180,CUST_04472,5173.84,UPI,,SUCCESS,2026-07-28 16:42:41.806022
PAY_001181,CUST_03570,1044.76,CARD,,SUCCESS,2026-07-30 02:01:41.806874
PAY_001182,CUST_00029,1688.46,WALLET,,SUCCESS,2026-08-18 10:53:41.807629
PAY_001183,CUST_00943,823.74,NETBANKING,,SUCCESS,2026-08-05 10:58:41.808289
PAY_001184,CUST_01505,7649.02,NETBANKING,,SUCCESS,2026-08-07 07:38:41.809121
PAY_001185,CUST_04160,582.53,CARD,,SUCCESS,2026-08-12 21:32:41.810087
PAY_001186,CUST_04469,1590.52,UPI,,SUCCESS,2026-08-12 21:01:41.810980
PAY_001187,CUST_04758,907.13,NETBANKING,,SUCCESS,2026-08-22 16:25:41.811742
PAY_001188,CUST_00675,661.79,UPI,,SUCCESS,2026-08-15 20:41:41.812381
PAY_001189,CUST_03992,623.99,CARD,,SUCCESS,2026-07-31 14:29:41.813057
PAY_001190,CUST_00523,813.36,NETBANKING,AUTHENTICATION_FAILED,FAILED,2026-08-04 08:33:41.813701
PAY_001191,CUST_04217,1128.2,UPI,,SUCCESS,2026-08-07 11:46:41.814339
PAY_001192,CUST_02356,901.54,CARD,,SUCCESS,2026-08-04 22:58:41.814995
PAY_001193,CUST_02871,1160.16,UPI,,SUCCESS,2026-08-08 08:00:41.815816
PAY_001194,CUST_00758,1159.76,CARD,BANK_TIMEOUT,FAILED,2026-08-07 10:41:41.816700
PAY_001195,CUST_00958,1532.67,NETBANKING,,SUCCESS,2026-08-15 16:07:41.817521
PAY_001196,CUST_04914,1341.47,UPI,,SUCCESS,2026-07-30 03:28:41.818139
PAY_001197,CUST_04574,1359.82,CARD,,SUCCESS,2026-08-02 23:03:41.818721
PAY_001198,CUST_01881,1953.99,CARD,,SUCCESS,2026-08-23 08:49:41.819409
PAY_001199,CUST_03388,1927.85,CARD,,SUCCESS,2026-08-03 09:48:41.820198
PAY_001200,CUST_00228,1565.87,UPI,,SUCCESS,2026-08-07 13:09:41.820977
PAY_001201,CUST_00305,338.74,CARD,,SUCCESS,2026-08-09 19:09:41.821632
PAY_001202,CUST_03309,8225.53,NETBANKING,,SUCCESS,2026-08-15 10:04:41.822481
PAY_001203,CUST_01905,805.45,UPI,,SUCCESS,2026-08-13 14:03:41.823224
PAY_001204,CUST_04661,591.35,NETBANKING,,SUCCESS,2026-08-14 17:42:41.823993
PAY_001205,CUST_04655,539.87,WALLET,,SUCCESS,2026-08-16 21:21:41.824621
PAY_001206,CUST_01794,977.27,UPI,,SUCCESS,2026-08-05 17:06:41.825243
PAY_001207,CUST_04408,4254.63,WALLET,,SUCCESS,2026-08-24 04:04:41.825971
PAY_001208,CUST_03903,1545.75,WALLET,,SUCCESS,2026-08-11 20:01:41.826706
PAY_001209,CUST_00740,778.88,UPI,,SUCCESS,2026-08-26 13:15:41.827344
PAY_001210,CUST_03792,1909.78,CARD,,SUCCESS,2026-08-08 11:43:41.828055
PAY_001211,CUST_01662,1998.99,UPI,,SUCCESS,2026-08-07 04:19:41.828813
PAY_001212,CUST_01623,1046.3,UPI,,SUCCESS,2026-08-02 16:58:41.829500
PAY_001213,CUST_02875,988.66,CARD,,SUCCESS,2026-08-08 02:16:41.830111
PAY_001214,CUST_03742,308.07,WALLET,BANK_TIMEOUT,FAILED,2026-08-19 16:53:41.830773
PAY_001215,CUST_03650,811.0,NETBANKING,,SUCCESS,2026-08-16 11:55:41.831540
PAY_001216,CUST_01562,542.86,NETBANKING,,SUCCESS,2026-08-13 03:59:41.832506
PAY_001217,CUST_04288,1769.65,CARD,,SUCCESS,2026-08-02 08:57:41.833171
PAY_001218,CUST_02902,626.07,UPI,,SUCCESS,2026-08-06 19:50:41.833779
PAY_001219,CUST_03919,939.36,WALLET,,SUCCESS,2026-08-19 10:07:41.834393
PAY_001220,CUST_02312,829.55,WALLET,BANK_TIMEOUT,FAILED,2026-08-10 10:30:41.835261
PAY_001221,CUST_02272,652.73,CARD,,SUCCESS,2026-08-21 18:00:41.836113
PAY_001222,CUST_04918,100.0,UPI,INSUFFICIENT_FUNDS,FAILED,2026-08-08 19:56:41.836926
PAY_001223,CUST_01172,2045.93,NETBANKING,,SUCCESS,2026-08-25 08:21:41.837597
PAY_001224,CUST_00704,1337.35,CARD,,SUCCESS,2026-08-04 23:21:41.838310
PAY_001225,CUST_00939,314.52,NETBANKING,,SUCCESS,2026-08-21 09:07:41.839731
PAY_001226,CUST_01426,885.8,WALLET,,SUCCESS,2026-08-20 23:41:41.840850
PAY_001227,CUST_02529,2199.91,WALLET,,SUCCESS,2026-08-03 22:43:41.841904
PAY_001228,CUST_01041,4396.43,WALLET,,SUCCESS,2026-08-20 19:20:41.842948
PAY_001229,CUST_00318,656.08,UPI,BANK_TIMEOUT,FAILED,2026-08-21 01:07:41.843931
PAY_001230,CUST_02593,1830.64,UPI,,SUCCESS,2026-08-16 00:33:41.845137
PAY_001231,CUST_03196,2168.82,NETBANKING,NETWORK_ERROR,FAILED,2026-07-30 14:42:41.846268
PAY_001232,CUST_00149,1952.51,WALLET,,SUCCESS,2026-08-04 22:23:41.846975
PAY_001233,CUST_03577,1411.02,WALLET,,SUCCESS,2026-08-23 00:38:41.847643
PAY_001234,CUST_02707,1425.63,CARD,,SUCCESS,2026-07-29 16:17:41.848351
PAY_001235,CUST_03134,867.01,CARD,INSUFFICIENT_FUNDS,FAILED,2026-08-13 23:48:41.849008
PAY_001236,CUST_04339,1068.67,NETBANKING,,SUCCESS,2026-08-15 12:42:41.849625
PAY_001237,CUST_00458,1142.41,WALLET,,SUCCESS,2026-08-17 18:09:41.850292
PAY_001238,CUST_02283,375.68,UPI,,SUCCESS,2026-08-03 22:12:41.851085
PAY_001239,CUST_01159,7907.52,CARD,,SUCCESS,2026-07-30 21:08:41.851882
PAY_001240,CUST_02480,1859.97,CARD,,SUCCESS,2026-08-16 08:20:41.852799
PAY_001241,CUST_04356,968.48,WALLET,,SUCCESS,2026-08-25 00:58:41.853911
PAY_001242,CUST_03497,793.07,CARD,,SUCCESS,2026-08-20 03:11:41.855012
PAY_001243,CUST_01685,1447.33,CARD,,SUCCESS,2026-08-22 15:33:41.856126
PAY_001244,CUST_00673,332.37,WALLET,,SUCCESS,2026-08-08 06:00:41.856982
PAY_001245,CUST_02854,2383.13,CARD,,SUCCESS,2026-08-16 16:38:41.857750
PAY_001246,CUST_01137,1382.97,WALLET,,SUCCESS,2026-08-23 23:52:41.858542
PAY_001247,CUST_02651,1324.73,UPI,,SUCCESS,2026-08-12 22:31:41.859365
PAY_001248,CUST_03790,1496.89,NETBANKING,BANK_DECLINED,FAILED,2026-08-10 19:28:41.860012
PAY_001249,CUST_04590,1372.05,CARD,,SUCCESS,2026-08-12 05:31:41.860597
PAY_001250,CUST_02663,801.11,CARD,,SUCCESS,2026-08-24 22:13:41.861213
PAY_001251,CUST_03212,1153.81,NETBANKING,INSUFFICIENT_FUNDS,FAILED,2026-08-13 19:14:41.862086
PAY_001252,CUST_04794,1537.74,UPI,,SUCCESS,2026-08-07 04:13:41.862814
PAY_001253,CUST_03358,1863.46,WALLET,,SUCCESS,2026-08-10 05:45:41.863434
PAY_001254,CUST_04098,1897.84,UPI,,SUCCESS,2026-08-22 09:03:41.864024
PAY_001255,CUST_04775,1693.5,CARD,,SUCCESS,2026-08-11 17:06:41.864605
PAY_001256,CUST_03637,1321.12,NETBANKING,,SUCCESS,2026-07-30 23:38:41.865228
PAY_001257,CUST_04533,749.98,NETBANKING,,SUCCESS,2026-08-15 22:38:41.865927
PAY_001258,CUST_03367,1100.26,CARD,,SUCCESS,2026-07-31 04:38:41.867005
PAY_001259,CUST_03047,1868.26,UPI,,SUCCESS,2026-08-20 20:21:41.867658
PAY_001260,CUST_02173,1167.3,UPI,,SUCCESS,2026-08-24 22:03:41.868246
PAY_001261,CUST_04334,808.91,CARD,,SUCCESS,2026-08-18 00:09:41.868835
PAY_001262,CUST_02845,1446.11,UPI,,SUCCESS,2026-08-23 09:05:41.869412
PAY_001263,CUST_01745,544.35,NETBANKING,,SUCCESS,2026-08-13 01:35:41.869994
PAY_001264,CUST_01387,1922.28,CARD,,SUCCESS,2026-08-02 12:05:41.870585
PAY_001265,CUST_02310,914.79,UPI,,SUCCESS,2026-08-20 23:15:41.871161
PAY_001266,CUST_01939,1145.33,NETBANKING,AUTHENTICATION_FAILED,FAILED,2026-08-10 23:29:41.871934
PAY_001267,CUST_03382,740.65,WALLET,,SUCCESS,2026-07-29 02:54:41.872653
PAY_001268,CUST_01528,1278.03,WALLET,,SUCCESS,2026-08-23 16:55:41.873335
PAY_001269,CUST_04931,2494.03,UPI,,SUCCESS,2026-08-19 04:32:41.874024
PAY_001270,CUST_02495,1257.98,CARD,,SUCCESS,2026-08-13 14:30:41.874623
PAY_001271,CUST_02517,1342.46,UPI,,SUCCESS,2026-08-18 03:08:41.875217
PAY_001272,CUST_00980,1621.36,WALLET,,SUCCESS,2026-08-04 06:10:41.875805
PAY_001273,CUST_03543,1128.77,UPI,,SUCCESS,2026-08-19 06:05:41.876405
PAY_001274,CUST_00626,7380.75,WALLET,,SUCCESS,2026-08-01 04:29:41.876987
PAY_001275,CUST_00214,1017.74,WALLET,,SUCCESS,2026-07-30 03:38:41.877569
PAY_001276,CUST_02803,2302.02,CARD,,SUCCESS,2026-08-26 14:57:41.878152
PAY_001277,CUST_01429,1317.25,CARD,,SUCCESS,2026-07-30 20:08:41.878719
PAY_001278,CUST_03914,601.19,WALLET,,SUCCESS,2026-08-03 20:34:41.879304
PAY_001279,CUST_04083,1070.97,NETBANKING,,SUCCESS,2026-08-12 23:28:41.879977
PAY_001280,CUST_00482,1089.85,NETBANKING,,SUCCESS,2026-08-14 13:35:41.880738
PAY_001281,CUST_01445,1100.19,CARD,,SUCCESS,2026-08-16 14:17:41.881570
PAY_001282,CUST_00073,1138.68,CARD,BANK_DECLINED,FAILED,2026-08-25 00:11:41.882337
PAY_001283,CUST_01807,7773.51,NETBANKING,,SUCCESS,2026-08-20 17:38:41.883321
PAY_001284,CUST_00978,1628.36,UPI,INSUFFICIENT_FUNDS,FAILED,2026-08-17 05:32:41.884280
PAY_001285,CUST_03784,946.37,UPI,,SUCCESS,2026-07-28 06:23:41.885228
PAY_001286,CUST_01777,1575.8,NETBANKING,,SUCCESS,2026-08-12 00:22:41.886173
PAY_001287,CUST_01113,1194.88,NETBANKING,INSUFFICIENT_FUNDS,FAILED,2026-08-08 04:51:41.887130
PAY_001288,CUST_03241,1467.27,NETBANKING,,SUCCESS,2026-08-12 00:17:41.888155
PAY_001289,CUST_02928,1629.58,UPI,,SUCCESS,2026-08-10 14:36:41.889115
PAY_001290,CUST_03885,1945.31,NETBANKING,,SUCCESS,2026-08-18 17:50:41.889745
PAY_001291,CUST_04304,6510.96,UPI,,SUCCESS,2026-08-02 07:54:41.890381
PAY_001292,CUST_00156,1647.45,UPI,,SUCCESS,2026-08-09 09:39:41.890988
PAY_001293,CUST_02377,651.99,NETBANKING,,SUCCESS,2026-07-29 06:52:41.891559
PAY_001294,CUST_01862,1658.69,CARD,,SUCCESS,2026-08-06 15:53:41.892146
PAY_001295,CUST_01261,1610.1,NETBANKING,,SUCCESS,2026-08-17 12:08:41.892720
PAY_001296,CUST_04261,1606.74,WALLET,,SUCCESS,2026-08-19 16:52:41.893296
PAY_001297,CUST_00209,920.75,WALLET,,SUCCESS,2026-08-10 00:13:41.893898
PAY_001298,CUST_02348,320.6,WALLET,BANK_TIMEOUT,FAILED,2026-08-04 05:09:41.894643
PAY_001299,CUST_02021,1573.49,CARD,,SUCCESS,2026-08-18 18:31:41.895470
PAY_001300,CUST_01013,719.96,WALLET,,SUCCESS,2026-08-18 13:49:41.896116
PAY_001301,CUST_02324,1711.87,UPI,,SUCCESS,2026-08-12 16:06:41.896714
PAY_001302,CUST_01693,2013.59,CARD,,SUCCESS,2026-08-08 20:18:41.897284
PAY_001303,CUST_01020,1957.91,CARD,,SUCCESS,2026-08-23 15:01:41.897877
PAY_001304,CUST_04432,709.77,WALLET,INSUFFICIENT_FUNDS,FAILED,2026-08-06 01:52:41.899000
PAY_001305,CUST_04874,982.45,WALLET,,SUCCESS,2026-08-22 05:24:41.900010
PAY_001306,CUST_01559,1447.68,CARD,,SUCCESS,2026-08-26 06:00:41.900943
PAY_001307,CUST_01365,10768.94,WALLET,,SUCCESS,2026-08-09 07:27:41.901886
PAY_001308,CUST_03657,1611.85,UPI,BANK_TIMEOUT,FAILED,2026-08-20 18:30:41.902865
PAY_001309,CUST_01115,1824.35,UPI,,SUCCESS,2026-08-14 14:31:41.903832
PAY_001310,CUST_03064,8662.02,UPI,,SUCCESS,2026-08-26 08:37:41.904797
PAY_001311,CUST_04343,1616.92,UPI,,SUCCESS,2026-08-02 02:28:41.905729
PAY_001312,CUST_03032,1519.89,NETBANKING,,SUCCESS,2026-08-22 22:04:41.906336
PAY_001313,CUST_02514,1090.3,WALLET,,SUCCESS,2026-08-01 04:05:41.906938
PAY_001314,CUST_04812,734.34,CARD,,SUCCESS,2026-08-12 19:08:41.907504
PAY_001315,CUST_03638,854.89,CARD,,SUCCESS,2026-08-15 16:34:41.908094
PAY_001316,CUST_01768,778.09,NETBANKING,AUTHENTICATION_FAILED,FAILED,2026-08-21 04:27:41.908871
PAY_001317,CUST_01044,685.22,UPI,BANK_TIMEOUT,FAILED,2026-08-01 23:59:41.909726
PAY_001318,CUST_01060,1214.02,WALLET,,SUCCESS,2026-08-20 07:57:41.910369
PAY_001319,CUST_04003,1976.46,CARD,BANK_TIMEOUT,FAILED,2026-08-16 11:17:41.910974
PAY_001320,CUST_01336,1840.3,CARD,,SUCCESS,2026-08-10 16:58:41.911545
PAY_001321,CUST_04547,2176.49,CARD,,SUCCESS,2026-08-09 06:38:41.912116
PAY_001322,CUST_00627,1115.7,UPI,,SUCCESS,2026-08-04 09:41:41.912686
PAY_001323,CUST_01323,2853.88,UPI,,SUCCESS,2026-08-16 13:38:41.913465
PAY_001324,CUST_02983,958.31,NETBANKING,BANK_DECLINED,FAILED,2026-08-23 07:33:41.914104
PAY_001325,CUST_04525,967.34,UPI,,SUCCESS,2026-08-10 09:07:41.914722
PAY_001326,CUST_01678,1834.61,UPI,,SUCCESS,2026-08-24 19:32:41.915374
PAY_001327,CUST_03677,272.43,CARD,,SUCCESS,2026-08-07 06:42:41.916001
PAY_001328,CUST_01885,179.05,CARD,,SUCCESS,2026-08-07 10:24:41.916904
PAY_001329,CUST_03403,1600.98,NETBANKING,,SUCCESS,2026-07-29 08:28:41.917568
PAY_001330,CUST_00154,415.85,NETBANKING,,SUCCESS,2026-08-22 01:22:41.918164
PAY_001331,CUST_04590,876.17,WALLET,BANK_DECLINED,FAILED,2026-08-14 16:59:41.918739
PAY_001332,CUST_01984,4689.33,UPI,,SUCCESS,2026-08-26 16:30:41.919328
PAY_001333,CUST_00732,603.88,CARD,,SUCCESS,2026-07-27 22:30:41.919902
PAY_001334,CUST_02102,1250.42,CARD,NETWORK_ERROR,FAILED,2026-08-06 10:58:41.920478
PAY_001335,CUST_01783,808.21,WALLET,,SUCCESS,2026-08-23 17:21:41.921058
PAY_001336,CUST_04115,468.94,WALLET,BANK_DECLINED,FAILED,2026-08-20 04:52:41.921656
PAY_001337,CUST_03227,1025.54,CARD,INSUFFICIENT_FUNDS,FAILED,2026-08-09 06:20:41.922530
PAY_001338,CUST_04618,863.63,WALLET,,SUCCESS,2026-08-07 11:56:41.923360
PAY_001339,CUST_02811,1646.86,WALLET,,SUCCESS,2026-07-30 09:37:41.924025
PAY_001340,CUST_01556,5883.89,NETBANKING,,SUCCESS,2026-08-20 11:54:41.924616
PAY_001341,CUST_03735,2595.49,CARD,,SUCCESS,2026-08-09 08:20:41.925198
PAY_001342,CUST_04229,1748.73,WALLET,,SUCCESS,2026-08-02 06:25:41.925772
PAY_001343,CUST_03679,1181.62,CARD,,SUCCESS,2026-08-09 06:46:41.926361
PAY_001344,CUST_03677,461.33,WALLET,AUTHENTICATION_FAILED,FAILED,2026-07-31 11:41:41.926945
PAY_001345,CUST_04197,2954.08,CARD,,SUCCESS,2026-08-22 19:34:41.927519
PAY_001346,CUST_04537,789.74,UPI,,SUCCESS,2026-08-17 12:50:41.928097
PAY_001347,CUST_00881,1703.51,UPI,,SUCCESS,2026-08-10 07:02:41.928674
PAY_001348,CUST_00919,100.0,CARD,,SUCCESS,2026-08-21 18:33:41.929659
PAY_001349,CUST_04771,1342.26,NETBANKING,,SUCCESS,2026-08-10 08:43:41.930911
PAY_001350,CUST_02240,543.27,CARD,,SUCCESS,2026-08-13 08:59:41.932010
PAY_001351,CUST_01537,2161.6,WALLET,,SUCCESS,2026-08-15 18:00:41.933046
PAY_001352,CUST_01583,1750.9,CARD,,SUCCESS,2026-08-24 05:51:41.934085
PAY_001353,CUST_01181,1689.5,UPI,,SUCCESS,2026-08-20 06:36:41.935085
PAY_001354,CUST_03034,1661.53,UPI,,SUCCESS,2026-08-07 10:59:41.936106
PAY_001355,CUST_00757,2171.03,UPI,,SUCCESS,2026-07-31 07:36:41.937151
PAY_001356,CUST_00296,1078.02,CARD,BANK_TIMEOUT,FAILED,2026-08-20 02:26:41.938189
PAY_001357,CUST_00552,1352.8,UPI,,SUCCESS,2026-08-15 15:13:41.939323
PAY_001358,CUST_04799,642.7,WALLET,INSUFFICIENT_FUNDS,FAILED,2026-08-18 11:37:41.940401
PAY_001359,CUST_00687,945.89,CARD,,SUCCESS,2026-08-02 18:46:41.941407
PAY_001360,CUST_01412,675.26,NETBANKING,,SUCCESS,2026-08-05 09:18:41.942451
PAY_001361,CUST_04245,10359.96,NETBANKING,,SUCCESS,2026-08-06 13:56:41.943525
PAY_001362,CUST_03189,249.01,UPI,,SUCCESS,2026-08-13 17:39:41.944635
PAY_001363,CUST_00235,2424.46,UPI,,SUCCESS,2026-07-28 13:09:41.945355
PAY_001364,CUST_02222,853.44,CARD,AUTHENTICATION_FAILED,FAILED,2026-08-19 11:44:41.946216
PAY_001365,CUST_00169,1043.16,WALLET,NETWORK_ERROR,FAILED,2026-08-01 13:35:41.946851
PAY_001366,CUST_03174,1625.8,NETBANKING,,SUCCESS,2026-07-31 18:02:41.947444
PAY_001367,CUST_02384,1880.72,CARD,,SUCCESS,2026-08-07 12:07:41.948037
PAY_001368,CUST_01535,1558.37,NETBANKING,,SUCCESS,2026-08-22 14:27:41.948635
PAY_001369,CUST_02825,2552.7,CARD,,SUCCESS,2026-08-17 03:28:41.949220
PAY_001370,CUST_03887,1065.12,UPI,,SUCCESS,2026-08-16 19:46:41.949801
PAY_001371,CUST_04038,766.05,UPI,,SUCCESS,2026-08-05 11:13:41.950467
PAY_001372,CUST_02850,1162.75,WALLET,,SUCCESS,2026-08-09 11:18:41.951267
PAY_001373,CUST_03981,395.12,NETBANKING,,SUCCESS,2026-07-28 08:34:41.952337
PAY_001374,CUST_02069,1344.97,NETBANKING,,SUCCESS,2026-08-21 20:28:41.952972
PAY_001375,CUST_03778,7705.98,NETBANKING,,SUCCESS,2026-07-30 08:02:41.953553
PAY_001376,CUST_02162,477.62,NETBANKING,,SUCCESS,2026-08-25 12:14:41.954131
PAY_001377,CUST_02770,1092.6,CARD,,SUCCESS,2026-08-02 03:20:41.954716
PAY_001378,CUST_02515,431.67,CARD,AUTHENTICATION_FAILED,FAILED,2026-08-26 06:53:41.955685
PAY_001379,CUST_01429,1201.66,NETBANKING,,SUCCESS,2026-08-18 05:49:41.956778
PAY_001380,CUST_03732,2858.97,UPI,,SUCCESS,2026-08-15 20:22:41.957817
PAY_001381,CUST_02948,6404.36,UPI,,SUCCESS,2026-08-01 03:07:41.959024
PAY_001382,CUST_02991,1981.21,WALLET,,SUCCESS,2026-08-24 16:59:41.960108
PAY_001383,CUST_00196,1814.46,UPI,BANK_DECLINED,FAILED,2026-08-26 09:37:41.965719
PAY_001384,CUST_04638,1668.3,NETBANKING,,SUCCESS,2026-08-08 16:00:41.966936
PAY_001385,CUST_01420,1321.03,NETBANKING,,SUCCESS,2026-08-09 00:11:41.967958
PAY_001386,CUST_01522,2240.61,CARD,,SUCCESS,2026-08-22 08:31:41.968967
PAY_001387,CUST_00135,1205.28,UPI,,SUCCESS,2026-08-03 22:22:41.969963
PAY_001388,CUST_03813,2210.5,CARD,,SUCCESS,2026-08-25 17:00:41.970967
PAY_001389,CUST_04396,1170.16,WALLET,,SUCCESS,2026-08-05 01:55:41.972196
PAY_001390,CUST_03367,802.47,UPI,,SUCCESS,2026-08-13 13:59:41.973329
PAY_001391,CUST_00547,209.86,WALLET,BANK_TIMEOUT,FAILED,2026-07-29 07:10:41.974393
PAY_001392,CUST_01079,4213.52,CARD,,SUCCESS,2026-08-16 23:20:41.975422
PAY_001393,CUST_01162,2109.16,CARD,,SUCCESS,2026-08-19 10:58:41.976419
PAY_001394,CUST_00424,1302.61,NETBANKING,,SUCCESS,2026-08-06 10:06:41.977500
PAY_001395,CUST_01166,1960.37,NETBANKING,,SUCCESS,2026-08-13 13:12:41.978220
PAY_001396,CUST_01189,334.68,WALLET,,SUCCESS,2026-08-24 23:10:41.979150
PAY_001397,CUST_01254,8446.66,WALLET,,SUCCESS,2026-08-15 21:42:41.980020
PAY_001398,CUST_03173,1324.04,UPI,,SUCCESS,2026-08-19 20:25:41.980634
PAY_001399,CUST_02414,1386.66,WALLET,,SUCCESS,2026-08-22 08:29:41.981252
PAY_001400,CUST_03387,399.56,CARD,,SUCCESS,2026-08-12 16:46:41.981847
PAY_001401,CUST_00003,2079.65,UPI,,SUCCESS,2026-08-04 01:56:41.982437
PAY_001402,CUST_02343,1720.71,NETBANKING,,SUCCESS,2026-08-19 01:30:41.983019
PAY_001403,CUST_04498,2051.2,CARD,,SUCCESS,2026-08-23 16:25:41.983604
PAY_001404,CUST_04750,779.7,NETBANKING,BANK_DECLINED,FAILED,2026-08-22 17:25:41.984190
PAY_001405,CUST_04227,1927.09,WALLET,,SUCCESS,2026-08-15 01:08:41.984778
PAY_001406,CUST_04568,1132.06,NETBANKING,,SUCCESS,2026-08-06 16:03:41.985452
PAY_001407,CUST_00711,1163.3,CARD,,SUCCESS,2026-08-21 03:28:41.986259
PAY_001408,CUST_02939,644.97,WALLET,,SUCCESS,2026-08-24 23:38:41.986876
PAY_001409,CUST_03199,758.17,NETBANKING,,SUCCESS,2026-08-08 12:57:41.987478
PAY_001410,CUST_00549,6156.49,CARD,,SUCCESS,2026-08-06 17:22:41.988078
PAY_001411,CUST_01306,2110.71,NETBANKING,,SUCCESS,2026-08-09 18:43:41.989062
PAY_001412,CUST_01925,2021.34,WALLET,,SUCCESS,2026-08-03 18:15:41.990268
PAY_001413,CUST_02121,245.32,UPI,,SUCCESS,2026-07-29 13:00:41.991386
PAY_001414,CUST_02829,1825.16,UPI,,SUCCESS,2026-08-15 15:28:41.992428
PAY_001415,CUST_03477,267.4,UPI,,SUCCESS,2026-08-19 18:03:41.993485
PAY_001416,CUST_02016,1369.51,NETBANKING,,SUCCESS,2026-08-09 16:23:41.994661
PAY_001417,CUST_03688,131.31,WALLET,BANK_TIMEOUT,FAILED,2026-08-16 15:15:41.995706
PAY_001418,CUST_02063,1959.49,WALLET,,SUCCESS,2026-08-22 12:45:41.996802
PAY_001419,CUST_02484,6671.69,WALLET,,SUCCESS,2026-07-28 13:07:41.997536
PAY_001420,CUST_02395,115.07,WALLET,,SUCCESS,2026-08-21 19:41:41.998354
PAY_001421,CUST_04726,1100.23,UPI,,SUCCESS,2026-08-08 17:18:41.998973
PAY_001422,CUST_04549,1404.13,CARD,,SUCCESS,2026-08-08 12:18:41.999598
PAY_001423,CUST_03829,877.66,NETBANKING,,SUCCESS,2026-08-11 04:51:42.000331
PAY_001424,CUST_01574,709.08,WALLET,,SUCCESS,2026-08-17 02:37:42.001496
PAY_001425,CUST_00850,4189.99,WALLET,,SUCCESS,2026-08-21 14:00:42.002578
PAY_001426,CUST_01481,1266.09,UPI,,SUCCESS,2026-08-01 23:30:42.003594
PAY_001427,CUST_01173,1760.97,WALLET,,SUCCESS,2026-08-20 03:56:42.004642
PAY_001428,CUST_00590,2054.74,NETBANKING,,SUCCESS,2026-07-31 22:15:42.005873
PAY_001429,CUST_04590,692.29,WALLET,BANK_TIMEOUT,FAILED,2026-08-10 08:02:42.007017
PAY_001430,CUST_00288,2106.7,WALLET,,SUCCESS,2026-08-17 01:46:42.008133
PAY_001431,CUST_00975,808.81,UPI,NETWORK_ERROR,FAILED,2026-08-14 12:08:42.009282
PAY_001432,CUST_02881,759.37,CARD,,SUCCESS,2026-08-22 23:34:42.010431
PAY_001433,CUST_01093,315.46,NETBANKING,NETWORK_ERROR,FAILED,2026-08-23 01:38:42.011536
PAY_001434,CUST_02634,250.1,WALLET,,SUCCESS,2026-08-07 16:26:42.012636
PAY_001435,CUST_04134,1261.38,NETBANKING,,SUCCESS,2026-08-18 09:49:42.014842
PAY_001436,CUST_00248,2093.98,UPI,,SUCCESS,2026-08-07 06:48:42.016221
PAY_001437,CUST_02782,1427.85,NETBANKING,,SUCCESS,2026-08-19 07:10:42.017385
PAY_001438,CUST_02189,1274.99,WALLET,,SUCCESS,2026-08-04 20:49:42.018518
PAY_001439,CUST_01936,1036.59,CARD,,SUCCESS,2026-08-06 21:47:42.019645
PAY_001440,CUST_00010,2243.22,WALLET,,SUCCESS,2026-08-26 08:02:42.020718
PAY_001441,CUST_04455,1405.2,CARD,,SUCCESS,2026-08-23 05:53:42.022067
PAY_001442,CUST_00532,187.49,CARD,,SUCCESS,2026-08-12 01:16:42.023477
PAY_001443,CUST_01706,1716.36,NETBANKING,,SUCCESS,2026-08-26 03:23:42.024686
PAY_001444,CUST_01407,518.42,WALLET,INSUFFICIENT_FUNDS,FAILED,2026-08-04 01:21:42.025873
PAY_001445,CUST_02972,1283.94,UPI,,SUCCESS,2026-08-08 07:00:42.026942
PAY_001446,CUST_00914,8256.46,UPI,,SUCCESS,2026-08-06 06:45:42.028115
PAY_001447,CUST_04676,2880.63,CARD,,SUCCESS,2026-07-28 22:03:42.029269
PAY_001448,CUST_03010,1457.07,UPI,,SUCCESS,2026-08-25 03:01:42.030404
PAY_001449,CUST_03906,843.56,CARD,,SUCCESS,2026-08-07 15:56:42.031553
PAY_001450,CUST_04016,587.6,CARD,,SUCCESS,2026-07-30 10:29:42.033044
PAY_001451,CUST_00056,1120.82,NETBANKING,,SUCCESS,2026-08-17 05:45:42.034174
PAY_001452,CUST_04372,804.91,UPI,,SUCCESS,2026-08-09 22:27:42.035468
PAY_001453,CUST_02551,267.51,UPI,,SUCCESS,2026-08-13 01:04:42.036939
PAY_001454,CUST_01847,1987.68,UPI,,SUCCESS,2026-08-04 01:41:42.038037
PAY_001455,CUST_01913,2421.42,WALLET,,SUCCESS,2026-08-07 22:37:42.039379
PAY_001456,CUST_04470,2479.22,NETBANKING,,SUCCESS,2026-08-02 02:21:42.040254
PAY_001457,CUST_00606,1411.7,NETBANKING,,SUCCESS,2026-08-21 15:02:42.040950
PAY_001458,CUST_04741,1327.98,WALLET,,SUCCESS,2026-08-07 06:58:42.042057
PAY_001459,CUST_04563,1951.58,CARD,,SUCCESS,2026-08-02 02:02:42.043230
PAY_001460,CUST_04636,635.85,NETBANKING,,SUCCESS,2026-08-06 21:01:42.044294
PAY_001461,CUST_02074,707.11,UPI,,SUCCESS,2026-08-22 19:10:42.045295
PAY_001462,CUST_00629,1599.07,UPI,,SUCCESS,2026-08-22 16:58:42.046308
PAY_001463,CUST_04297,1839.1,WALLET,,SUCCESS,2026-08-22 01:38:42.047395
PAY_001464,CUST_02785,1640.53,UPI,,SUCCESS,2026-07-28 22:54:42.048400
PAY_001465,CUST_04266,1566.42,UPI,,SUCCESS,2026-08-13 14:13:42.049426
PAY_001466,CUST_01605,1468.25,CARD,,SUCCESS,2026-08-16 15:26:42.050471
PAY_001467,CUST_02064,1024.73,WALLET,,SUCCESS,2026-08-21 13:49:42.051473
PAY_001468,CUST_01044,534.1,WALLET,,SUCCESS,2026-08-21 02:57:42.052481
PAY_001469,CUST_00014,1411.16,WALLET,,SUCCESS,2026-08-07 23:50:42.053475
PAY_001470,CUST_00691,8654.56,WALLET,,SUCCESS,2026-08-26 10:34:42.054434
PAY_001471,CUST_03934,1836.56,CARD,,SUCCESS,2026-08-03 16:29:42.055521
PAY_001472,CUST_01408,437.2,NETBANKING,,SUCCESS,2026-08-12 19:07:42.056698
PAY_001473,CUST_00408,699.2,WALLET,,SUCCESS,2026-08-15 19:02:42.057762
PAY_001474,CUST_02489,111.91,WALLET,BANK_TIMEOUT,FAILED,2026-08-26 01:55:42.058772
PAY_001475,CUST_04589,1967.07,NETBANKING,AUTHENTICATION_FAILED,FAILED,2026-07-30 11:34:42.059764
PAY_001476,CUST_00414,1814.04,CARD,,SUCCESS,2026-07-31 17:54:42.060765
PAY_001477,CUST_02547,1231.29,CARD,,SUCCESS,2026-08-01 11:52:42.061743
PAY_001478,CUST_02010,1224.74,CARD,,SUCCESS,2026-07-29 17:45:42.062786
PAY_001479,CUST_00951,4246.32,UPI,,SUCCESS,2026-07-31 11:42:42.063926
PAY_001480,CUST_00644,1580.99,WALLET,,SUCCESS,2026-08-18 21:08:42.064988
PAY_001481,CUST_00181,8415.3,NETBANKING,,SUCCESS,2026-08-03 05:52:42.065974
PAY_001482,CUST_02663,557.53,CARD,BANK_TIMEOUT,FAILED,2026-08-21 00:53:42.066970
PAY_001483,CUST_02368,1410.47,WALLET,,SUCCESS,2026-07-29 05:41:42.068029
PAY_001484,CUST_04782,1102.53,CARD,,SUCCESS,2026-08-12 02:43:42.069086
PAY_001485,CUST_03638,1407.22,UPI,,SUCCESS,2026-08-25 14:52:42.070095
PAY_001486,CUST_02004,916.78,CARD,,SUCCESS,2026-08-25 12:29:42.071123
PAY_001487,CUST_01606,2095.2,UPI,,SUCCESS,2026-07-31 18:19:42.072425
PAY_001488,CUST_03935,461.61,CARD,,SUCCESS,2026-08-06 03:18:42.073437
PAY_001489,CUST_00954,1254.02,NETBANKING,,SUCCESS,2026-08-18 07:06:42.074060
PAY_001490,CUST_02547,447.15,CARD,,SUCCESS,2026-08-13 06:33:42.074678
PAY_001491,CUST_02720,5232.53,CARD,,SUCCESS,2026-08-09 13:53:42.075282
PAY_001492,CUST_02090,1617.82,UPI,,SUCCESS,2026-08-14 06:32:42.075882
PAY_001493,CUST_02241,815.74,CARD,BANK_TIMEOUT,FAILED,2026-07-28 17:35:42.076484
PAY_001494,CUST_04756,1418.14,UPI,,SUCCESS,2026-08-21 17:42:42.077082
PAY_001495,CUST_00569,937.92,UPI,,SUCCESS,2026-08-21 21:55:42.077822
PAY_001496,CUST_03916,10605.95,NETBANKING,,SUCCESS,2026-08-18 13:35:42.078550
PAY_001497,CUST_04417,1117.11,WALLET,BANK_DECLINED,FAILED,2026-08-17 07:43:42.079146
PAY_001498,CUST_02394,812.8,WALLET,,SUCCESS,2026-08-25 18:54:42.079747
PAY_001499,CUST_02111,698.77,WALLET,,SUCCESS,2026-07-29 07:28:42.080474
PAY_001500,CUST_01347,835.59,WALLET,NETWORK_ERROR,FAILED,2026-08-12 12:21:42.081360
PAY_001501,CUST_00716,2154.69,WALLET,,SUCCESS,2026-08-19 10:54:42.081985
PAY_001502,CUST_04843,378.06,UPI,INSUFFICIENT_FUNDS,FAILED,2026-07-31 23:14:42.082604
PAY_001503,CUST_04794,2115.04,UPI,,SUCCESS,2026-08-21 10:51:42.083187
PAY_001504,CUST_04188,100.0,NETBANKING,,SUCCESS,2026-08-04 18:19:42.083836
PAY_001505,CUST_03590,604.67,UPI,,SUCCESS,2026-08-19 13:52:42.084576
PAY_001506,CUST_03635,1022.71,NETBANKING,,SUCCESS,2026-08-21 06:04:42.085273
PAY_001507,CUST_02052,1187.88,UPI,AUTHENTICATION_FAILED,FAILED,2026-08-25 17:43:42.085882
PAY_001508,CUST_01452,1056.86,CARD,,SUCCESS,2026-08-16 22:37:42.086487
PAY_001509,CUST_01217,1424.8,UPI,,SUCCESS,2026-08-16 21:54:42.087076
PAY_001510,CUST_04005,924.22,CARD,INSUFFICIENT_FUNDS,FAILED,2026-08-22 23:44:42.087650
PAY_001511,CUST_01995,8496.65,CARD,,SUCCESS,2026-08-14 14:36:42.088630
PAY_001512,CUST_01940,1925.9,CARD,,SUCCESS,2026-08-22 14:25:42.089927
PAY_001513,CUST_00787,629.41,NETBANKING,NETWORK_ERROR,FAILED,2026-08-04 05:20:42.091032
PAY_001514,CUST_00861,1389.69,WALLET,,SUCCESS,2026-08-18 00:00:42.092098
PAY_001515,CUST_01428,744.1,CARD,BANK_DECLINED,FAILED,2026-08-08 21:48:42.093196
PAY_001516,CUST_01599,1372.63,NETBANKING,INSUFFICIENT_FUNDS,FAILED,2026-08-17 10:03:42.094195
PAY_001517,CUST_03532,770.99,WALLET,,SUCCESS,2026-08-07 01:25:42.095167
PAY_001518,CUST_00667,7769.61,WALLET,,SUCCESS,2026-07-30 15:31:42.096145
PAY_001519,CUST_00998,671.73,NETBANKING,,SUCCESS,2026-07-29 10:29:42.097164
PAY_001520,CUST_03897,476.79,WALLET,NETWORK_ERROR,FAILED,2026-08-17 16:44:42.098178
PAY_001521,CUST_00401,864.67,NETBANKING,,SUCCESS,2026-07-28 23:48:42.099252
PAY_001522,CUST_01673,8110.76,WALLET,,SUCCESS,2026-08-19 04:12:42.100325
PAY_001523,CUST_00188,1417.24,NETBANKING,,SUCCESS,2026-07-31 01:51:42.101293
PAY_001524,CUST_01817,1038.35,NETBANKING,,SUCCESS,2026-08-08 15:49:42.102128
PAY_001525,CUST_02768,537.39,CARD,BANK_DECLINED,FAILED,2026-08-07 05:52:42.102724
PAY_001526,CUST_04041,1750.58,NETBANKING,,SUCCESS,2026-08-15 14:55:42.103303
PAY_001527,CUST_00485,1514.23,NETBANKING,BANK_DECLINED,FAILED,2026-08-20 04:27:42.103890
PAY_001528,CUST_00550,2229.56,UPI,,SUCCESS,2026-08-26 08:21:42.104543
PAY_001529,CUST_02694,2002.0,UPI,,SUCCESS,2026-08-11 19:40:42.105306
PAY_001530,CUST_00316,1444.99,NETBANKING,,SUCCESS,2026-08-16 04:46:42.106553
PAY_001531,CUST_01765,2660.41,WALLET,,SUCCESS,2026-08-13 21:06:42.107343
PAY_001532,CUST_04369,2072.17,CARD,,SUCCESS,2026-08-22 02:28:42.107969
PAY_001533,CUST_02061,1050.01,UPI,,SUCCESS,2026-07-31 15:58:42.108554
PAY_001534,CUST_04186,999.09,WALLET,,SUCCESS,2026-08-06 23:31:42.109126
PAY_001535,CUST_00179,1262.01,NETBANKING,,SUCCESS,2026-08-17 18:27:42.109713
PAY_001536,CUST_02633,2078.0,WALLET,,SUCCESS,2026-08-04 02:13:42.110286
PAY_001537,CUST_04643,1414.96,NETBANKING,,SUCCESS,2026-08-07 14:46:42.110852
PAY_001538,CUST_02823,1618.25,WALLET,INSUFFICIENT_FUNDS,FAILED,2026-07-30 09:57:42.111423
PAY_001539,CUST_04011,2095.06,WALLET,,SUCCESS,2026-08-16 00:38:42.112009
PAY_001540,CUST_00796,7873.83,NETBANKING,,SUCCESS,2026-08-25 23:24:42.112582
PAY_001541,CUST_02033,1132.27,UPI,,SUCCESS,2026-08-05 18:30:42.113180
PAY_001542,CUST_01256,1130.35,WALLET,,SUCCESS,2026-08-25 02:27:42.113849
PAY_001543,CUST_03678,692.81,UPI,,SUCCESS,2026-08-11 10:21:42.114451
PAY_001544,CUST_00940,2412.11,UPI,,SUCCESS,2026-08-05 09:38:42.115026
PAY_001545,CUST_03076,1208.95,WALLET,BANK_DECLINED,FAILED,2026-08-14 06:51:42.115624
PAY_001546,CUST_01632,5338.73,NETBANKING,,SUCCESS,2026-08-08 13:36:42.116203
PAY_001547,CUST_01523,7467.03,NETBANKING,,SUCCESS,2026-08-04 07:30:42.116776
PAY_001548,CUST_01626,2464.35,WALLET,,SUCCESS,2026-08-13 04:54:42.117346
PAY_001549,CUST_04026,1491.41,WALLET,,SUCCESS,2026-08-04 08:01:42.117924
PAY_001550,CUST_02561,1291.83,UPI,,SUCCESS,2026-08-09 18:28:42.118495
PAY_001551,CUST_03380,975.45,UPI,,SUCCESS,2026-08-25 10:53:42.119069
PAY_001552,CUST_04110,5547.62,UPI,,SUCCESS,2026-08-20 11:20:42.119654
PAY_001553,CUST_00629,1492.38,NETBANKING,NETWORK_ERROR,FAILED,2026-08-16 11:39:42.120389
PAY_001554,CUST_02239,1735.77,CARD,,SUCCESS,2026-08-09 23:58:42.120984
PAY_001555,CUST_03821,900.92,UPI,,SUCCESS,2026-08-24 09:32:42.121571
PAY_001556,CUST_03669,1494.63,UPI,BANK_TIMEOUT,FAILED,2026-08-24 14:27:42.122563
PAY_001557,CUST_03701,1246.77,UPI,,SUCCESS,2026-08-14 18:49:42.123600
PAY_001558,CUST_00941,1625.71,WALLET,,SUCCESS,2026-08-14 12:04:42.124580
PAY_001559,CUST_03751,1351.67,CARD,,SUCCESS,2026-07-31 05:35:42.125245
PAY_001560,CUST_04173,2216.19,CARD,,SUCCESS,2026-08-12 06:05:42.125868
PAY_001561,CUST_00225,2390.58,WALLET,,SUCCESS,2026-07-28 19:12:42.126453
PAY_001562,CUST_02599,5480.22,UPI,,SUCCESS,2026-08-03 00:58:42.127028
PAY_001563,CUST_00412,9038.21,WALLET,,SUCCESS,2026-08-04 11:33:42.127616
PAY_001564,CUST_03352,535.93,NETBANKING,,SUCCESS,2026-08-04 19:38:42.128202
PAY_001565,CUST_03954,1346.85,NETBANKING,,SUCCESS,2026-08-13 07:18:42.128770
PAY_001566,CUST_03785,1636.84,NETBANKING,,SUCCESS,2026-08-01 08:50:42.129352
PAY_001567,CUST_01291,1887.06,CARD,,SUCCESS,2026-07-28 08:02:42.129939
PAY_001568,CUST_03312,1664.29,CARD,,SUCCESS,2026-08-23 05:40:42.130511
PAY_001569,CUST_02074,573.37,WALLET,BANK_TIMEOUT,FAILED,2026-08-17 02:48:42.131096
PAY_001570,CUST_02040,691.67,CARD,NETWORK_ERROR,FAILED,2026-08-09 06:17:42.131674
PAY_001571,CUST_02836,1758.74,UPI,,SUCCESS,2026-08-11 07:01:42.132250
PAY_001572,CUST_01034,1833.72,NETBANKING,,SUCCESS,2026-08-12 14:17:42.132821
PAY_001573,CUST_04230,2599.68,CARD,,SUCCESS,2026-08-03 19:49:42.133424
PAY_001574,CUST_03670,1794.77,CARD,,SUCCESS,2026-08-16 19:54:42.134019
PAY_001575,CUST_04620,3871.81,WALLET,,SUCCESS,2026-08-06 04:42:42.134584
PAY_001576,CUST_02265,1726.21,CARD,,SUCCESS,2026-08-08 13:45:42.135270
PAY_001577,CUST_01263,1784.83,NETBANKING,,SUCCESS,2026-08-07 12:45:42.135886
PAY_001578,CUST_03674,1571.84,NETBANKING,,SUCCESS,2026-07-31 12:22:42.136470
PAY_001579,CUST_02231,746.42,CARD,,SUCCESS,2026-08-05 19:23:42.137043
PAY_001580,CUST_02416,388.15,UPI,,SUCCESS,2026-08-15 20:07:42.137631
PAY_001581,CUST_01126,1801.23,WALLET,INSUFFICIENT_FUNDS,FAILED,2026-08-14 15:30:42.138209
PAY_001582,CUST_00784,2570.53,WALLET,BANK_DECLINED,FAILED,2026-08-14 16:48:42.138985
PAY_001583,CUST_01411,1523.17,UPI,,SUCCESS,2026-08-10 15:45:42.139709
PAY_001584,CUST_02616,833.62,CARD,,SUCCESS,2026-08-08 17:19:42.140552
PAY_001585,CUST_03141,1833.03,NETBANKING,,SUCCESS,2026-08-24 08:49:42.141170
PAY_001586,CUST_03538,2109.69,NETBANKING,,SUCCESS,2026-08-22 08:02:42.141750
PAY_001587,CUST_00978,1273.26,WALLET,NETWORK_ERROR,FAILED,2026-08-17 23:03:42.142344
PAY_001588,CUST_01616,266.74,WALLET,,SUCCESS,2026-08-18 17:56:42.142907
PAY_001589,CUST_04540,3244.1,WALLET,,SUCCESS,2026-08-03 04:24:42.143484
PAY_001590,CUST_04261,1879.21,UPI,,SUCCESS,2026-07-28 08:54:42.144061
PAY_001591,CUST_04001,1797.44,UPI,,SUCCESS,2026-08-16 19:02:42.144656
PAY_001592,CUST_04365,803.93,UPI,AUTHENTICATION_FAILED,FAILED,2026-08-14 16:08:42.145232
PAY_001593,CUST_00535,1939.15,UPI,,SUCCESS,2026-08-14 06:00:42.145803
PAY_001594,CUST_04167,1302.85,WALLET,NETWORK_ERROR,FAILED,2026-08-08 21:44:42.146377
PAY_001595,CUST_04972,2030.93,NETBANKING,,SUCCESS,2026-08-04 06:01:42.146949
PAY_001596,CUST_03228,408.02,CARD,,SUCCESS,2026-08-10 23:10:42.147521
PAY_001597,CUST_04903,487.68,NETBANKING,,SUCCESS,2026-08-26 15:29:42.148092
PAY_001598,CUST_03969,1255.04,WALLET,BANK_DECLINED,FAILED,2026-08-15 22:14:42.148681
PAY_001599,CUST_04910,1130.04,UPI,,SUCCESS,2026-08-19 04:51:42.149255
PAY_001600,CUST_02303,1603.27,WALLET,,SUCCESS,2026-08-20 07:57:42.149826
PAY_001601,CUST_00921,818.15,WALLET,,SUCCESS,2026-08-07 07:28:42.150447
PAY_001602,CUST_03738,613.87,CARD,BANK_DECLINED,FAILED,2026-08-23 06:48:42.151056
PAY_001603,CUST_04991,478.23,UPI,,SUCCESS,2026-07-30 18:04:42.151632
PAY_001604,CUST_03320,8542.96,WALLET,,SUCCESS,2026-07-31 05:55:42.152206
PAY_001605,CUST_00072,268.39,CARD,NETWORK_ERROR,FAILED,2026-08-21 19:24:42.152778
PAY_001606,CUST_02653,1227.34,UPI,AUTHENTICATION_FAILED,FAILED,2026-08-13 13:24:42.153352
PAY_001607,CUST_03858,1474.92,CARD,,SUCCESS,2026-08-20 02:46:42.153924
PAY_001608,CUST_04839,1563.01,UPI,,SUCCESS,2026-08-12 22:10:42.154498
PAY_001609,CUST_01019,1203.98,NETBANKING,,SUCCESS,2026-08-06 04:30:42.155200
PAY_001610,CUST_04291,1287.56,NETBANKING,,SUCCESS,2026-08-01 22:49:42.156292
PAY_001611,CUST_03648,3268.78,WALLET,,SUCCESS,2026-08-15 05:57:42.157272
PAY_001612,CUST_01715,787.87,UPI,,SUCCESS,2026-08-10 17:43:42.158259
PAY_001613,CUST_00079,2026.37,NETBANKING,,SUCCESS,2026-08-03 05:16:42.159218
PAY_001614,CUST_01017,1478.25,WALLET,,SUCCESS,2026-08-21 15:43:42.160218
PAY_001615,CUST_00600,554.04,UPI,INSUFFICIENT_FUNDS,FAILED,2026-08-08 02:42:42.161164
PAY_001616,CUST_00781,198.63,CARD,,SUCCESS,2026-08-10 12:43:42.162135
PAY_001617,CUST_02986,1137.51,CARD,,SUCCESS,2026-07-31 12:00:42.163114
PAY_001618,CUST_01757,1063.88,WALLET,,SUCCESS,2026-08-10 10:18:42.164075
PAY_001619,CUST_04836,2360.19,UPI,,SUCCESS,2026-08-17 23:09:42.165038
PAY_001620,CUST_01346,1735.91,WALLET,,SUCCESS,2026-07-28 17:12:42.166005
PAY_001621,CUST_03086,669.19,NETBANKING,AUTHENTICATION_FAILED,FAILED,2026-08-06 08:09:42.166998
PAY_001622,CUST_04027,1727.75,CARD,,SUCCESS,2026-08-14 17:05:42.167999
PAY_001623,CUST_00874,1809.9,NETBANKING,,SUCCESS,2026-08-11 17:07:42.168966
PAY_001624,CUST_03734,1966.33,WALLET,,SUCCESS,2026-08-14 05:08:42.169944
PAY_001625,CUST_03135,1962.0,UPI,,SUCCESS,2026-07-31 09:53:42.170905
PAY_001626,CUST_01124,378.58,NETBANKING,,SUCCESS,2026-07-29 22:00:42.171903
PAY_001627,CUST_04927,6920.42,WALLET,,SUCCESS,2026-07-31 23:56:42.172598
PAY_001628,CUST_04503,418.58,NETBANKING,,SUCCESS,2026-08-13 15:51:42.173205
PAY_001629,CUST_02972,1491.57,UPI,,SUCCESS,2026-08-04 01:55:42.173808
PAY_001630,CUST_04555,1482.04,CARD,,SUCCESS,2026-08-05 13:32:42.174378
PAY_001631,CUST_01098,892.6,NETBANKING,,SUCCESS,2026-07-29 09:31:42.174971
PAY_001632,CUST_03433,1051.16,CARD,,SUCCESS,2026-08-12 23:13:42.175570
PAY_001633,CUST_02118,850.76,UPI,,SUCCESS,2026-08-13 08:57:42.176144
PAY_001634,CUST_03493,524.11,UPI,INSUFFICIENT_FUNDS,FAILED,2026-08-13 21:45:42.176714
PAY_001635,CUST_03736,1035.33,UPI,,SUCCESS,2026-08-24 08:46:42.177294
PAY_001636,CUST_01566,7990.38,UPI,,SUCCESS,2026-08-07 04:51:42.177883
PAY_001637,CUST_02494,363.15,UPI,,SUCCESS,2026-08-24 12:22:42.178454
PAY_001638,CUST_03191,1641.72,NETBANKING,,SUCCESS,2026-08-13 21:28:42.179023
PAY_001639,CUST_00251,1193.89,CARD,,SUCCESS,2026-08-22 20:56:42.179607
PAY_001640,CUST_03475,6495.74,CARD,,SUCCESS,2026-08-17 20:00:42.180300
PAY_001641,CUST_01056,1982.11,UPI,,SUCCESS,2026-08-13 13:14:42.180902
PAY_001642,CUST_04092,389.64,WALLET,,SUCCESS,2026-08-10 15:31:42.181498
PAY_001643,CUST_04418,330.89,WALLET,,SUCCESS,2026-08-07 13:19:42.182229
PAY_001644,CUST_04319,1083.89,UPI,,SUCCESS,2026-08-14 21:31:42.182850
PAY_001645,CUST_01416,1460.67,NETBANKING,,SUCCESS,2026-08-18 21:35:42.183428
PAY_001646,CUST_00514,968.43,NETBANKING,,SUCCESS,2026-07-31 11:22:42.184013
PAY_001647,CUST_01603,2090.23,CARD,BANK_DECLINED,FAILED,2026-08-20 14:40:42.184586
PAY_001648,CUST_03519,1684.32,CARD,,SUCCESS,2026-08-13 02:02:42.185162
PAY_001649,CUST_03970,1526.77,NETBANKING,,SUCCESS,2026-07-31 23:56:42.185746
PAY_001650,CUST_01578,582.0,WALLET,,SUCCESS,2026-08-01 22:41:42.186309
PAY_001651,CUST_01801,273.87,WALLET,,SUCCESS,2026-08-22 09:58:42.186880
PAY_001652,CUST_00532,815.69,WALLET,BANK_DECLINED,FAILED,2026-08-03 20:34:42.187455
PAY_001653,CUST_04574,754.78,NETBANKING,,SUCCESS,2026-08-05 11:17:42.188041
PAY_001654,CUST_01705,1999.04,WALLET,,SUCCESS,2026-08-07 15:34:42.188829
PAY_001655,CUST_02927,1360.27,WALLET,,SUCCESS,2026-08-25 12:39:42.189894
PAY_001656,CUST_01516,4203.11,UPI,,SUCCESS,2026-08-07 15:07:42.190712
PAY_001657,CUST_04919,907.19,CARD,AUTHENTICATION_FAILED,FAILED,2026-08-13 00:35:42.191357
PAY_001658,CUST_04970,1032.65,NETBANKING,,SUCCESS,2026-08-20 23:51:42.191957
PAY_001659,CUST_04698,1462.49,NETBANKING,,SUCCESS,2026-08-24 08:24:42.192535
PAY_001660,CUST_01883,1978.14,WALLET,,SUCCESS,2026-08-21 01:19:42.193118
PAY_001661,CUST_03972,1122.84,UPI,,SUCCESS,2026-08-05 17:22:42.193710
PAY_001662,CUST_04756,1585.63,WALLET,,SUCCESS,2026-08-24 07:31:42.194298
PAY_001663,CUST_03936,1355.84,NETBANKING,BANK_TIMEOUT,FAILED,2026-08-11 14:37:42.194880
PAY_001664,CUST_00735,1512.17,NETBANKING,,SUCCESS,2026-08-01 01:16:42.195453
PAY_001665,CUST_03534,1122.82,NETBANKING,,SUCCESS,2026-08-24 00:24:42.196039
PAY_001666,CUST_01430,1562.59,UPI,,SUCCESS,2026-08-17 10:53:42.196614
PAY_001667,CUST_02207,1276.53,WALLET,,SUCCESS,2026-08-20 13:53:42.197209
PAY_001668,CUST_03579,1708.89,CARD,,SUCCESS,2026-08-13 02:13:42.197793
PAY_001669,CUST_03427,905.9,UPI,,SUCCESS,2026-08-04 17:10:42.198667
PAY_001670,CUST_03819,2859.38,CARD,,SUCCESS,2026-08-21 13:35:42.199553
PAY_001671,CUST_01273,1582.95,CARD,,SUCCESS,2026-07-30 07:22:42.200399
PAY_001672,CUST_02475,1244.66,UPI,,SUCCESS,2026-08-15 12:52:42.201296
PAY_001673,CUST_03815,2004.17,WALLET,,SUCCESS,2026-08-25 15:57:42.202160
PAY_001674,CUST_00509,2302.73,WALLET,,SUCCESS,2026-08-09 00:07:42.203020
PAY_001675,CUST_02212,1069.86,UPI,BANK_DECLINED,FAILED,2026-08-08 08:59:42.203897
PAY_001676,CUST_03300,2361.41,CARD,,SUCCESS,2026-08-16 02:16:42.204753
PAY_001677,CUST_01956,1195.18,NETBANKING,,SUCCESS,2026-07-29 21:35:42.205932
PAY_001678,CUST_03831,2360.79,UPI,,SUCCESS,2026-08-07 02:38:42.206997
PAY_001679,CUST_03449,5605.07,UPI,,SUCCESS,2026-08-18 09:01:42.207615
PAY_001680,CUST_00820,5178.65,CARD,,SUCCESS,2026-08-19 00:21:42.208207
PAY_001681,CUST_02563,7895.23,CARD,,SUCCESS,2026-08-05 02:47:42.208783
PAY_001682,CUST_03340,296.55,NETBANKING,,SUCCESS,2026-08-22 05:38:42.209372
PAY_001683,CUST_01947,858.08,WALLET,,SUCCESS,2026-08-10 01:39:42.209970
PAY_001684,CUST_03992,1125.92,WALLET,,SUCCESS,2026-08-09 05:27:42.210536
PAY_001685,CUST_00805,615.0,UPI,,SUCCESS,2026-08-05 16:06:42.211119
PAY_001686,CUST_03033,2110.63,WALLET,,SUCCESS,2026-08-20 01:02:42.211690
PAY_001687,CUST_01239,1156.71,WALLET,BANK_TIMEOUT,FAILED,2026-08-01 02:36:42.212262
PAY_001688,CUST_04462,506.02,NETBANKING,,SUCCESS,2026-08-25 05:39:42.212831
PAY_001689,CUST_00108,1295.73,WALLET,,SUCCESS,2026-08-24 20:19:42.213415
PAY_001690,CUST_03277,1525.13,NETBANKING,,SUCCESS,2026-08-20 10:43:42.214038
PAY_001691,CUST_03526,1401.47,WALLET,,SUCCESS,2026-08-14 04:25:42.214912
PAY_001692,CUST_00405,4804.73,CARD,BANK_DECLINED,FAILED,2026-08-04 00:03:42.215640
PAY_001693,CUST_00892,1448.67,CARD,,SUCCESS,2026-08-10 21:51:42.216751
PAY_001694,CUST_00960,793.76,WALLET,,SUCCESS,2026-08-03 10:30:42.218070
PAY_001695,CUST_02441,1642.63,CARD,,SUCCESS,2026-08-10 18:33:42.219268
PAY_001696,CUST_04608,100.0,NETBANKING,,SUCCESS,2026-08-05 21:00:42.220447
PAY_001697,CUST_04948,643.98,CARD,,SUCCESS,2026-08-14 02:51:42.221641
PAY_001698,CUST_03509,1865.0,NETBANKING,,SUCCESS,2026-08-08 20:36:42.223028
PAY_001699,CUST_01668,1335.64,WALLET,NETWORK_ERROR,FAILED,2026-08-05 07:36:42.224239
PAY_001700,CUST_02916,1007.15,CARD,,SUCCESS,2026-07-31 13:41:42.225357
PAY_001701,CUST_00703,1239.24,NETBANKING,,SUCCESS,2026-08-20 21:31:42.226521
PAY_001702,CUST_03659,8820.43,NETBANKING,,SUCCESS,2026-07-31 04:27:42.227691
PAY_001703,CUST_04581,9301.94,WALLET,,SUCCESS,2026-08-23 17:04:42.228830
PAY_001704,CUST_01513,209.28,CARD,INSUFFICIENT_FUNDS,FAILED,2026-08-22 09:26:42.230203
PAY_001705,CUST_00270,1020.29,WALLET,,SUCCESS,2026-08-05 02:30:42.231587
PAY_001706,CUST_00726,765.64,CARD,INSUFFICIENT_FUNDS,FAILED,2026-08-21 23:43:42.232813
PAY_001707,CUST_04344,928.02,CARD,,SUCCESS,2026-08-09 07:21:42.233933
PAY_001708,CUST_03124,1814.7,WALLET,,SUCCESS,2026-08-23 20:34:42.234969
PAY_001709,CUST_02272,499.92,NETBANKING,BANK_TIMEOUT,FAILED,2026-08-25 02:00:42.235971
PAY_001710,CUST_04496,1595.16,UPI,,SUCCESS,2026-08-06 16:36:42.237074
PAY_001711,CUST_01237,2290.86,UPI,,SUCCESS,2026-08-18 20:45:42.238096
PAY_001712,CUST_04620,3795.12,WALLET,,SUCCESS,2026-08-09 14:24:42.239280
PAY_001713,CUST_02389,1291.36,CARD,,SUCCESS,2026-08-17 21:06:42.240573
PAY_001714,CUST_00265,1358.25,WALLET,,SUCCESS,2026-08-13 18:23:42.241816
PAY_001715,CUST_02532,1323.74,CARD,,SUCCESS,2026-08-07 00:46:42.242828
PAY_001716,CUST_04377,335.77,CARD,,SUCCESS,2026-08-22 20:55:42.243997
PAY_001717,CUST_02643,4064.03,UPI,,SUCCESS,2026-08-17 12:33:42.245367
PAY_001718,CUST_00937,1216.03,CARD,BANK_TIMEOUT,FAILED,2026-08-10 10:08:42.246504
PAY_001719,CUST_03254,1662.73,UPI,,SUCCESS,2026-08-11 06:44:42.247618
PAY_001720,CUST_03589,1036.36,WALLET,INSUFFICIENT_FUNDS,FAILED,2026-08-17 08:15:42.248818
PAY_001721,CUST_02605,1661.9,WALLET,,SUCCESS,2026-08-03 23:49:42.249884
PAY_001722,CUST_03352,649.79,CARD,,SUCCESS,2026-08-23 17:31:42.251264
PAY_001723,CUST_00100,1623.09,WALLET,,SUCCESS,2026-08-23 13:28:42.252354
PAY_001724,CUST_00359,1674.81,CARD,,SUCCESS,2026-08-03 05:54:42.252980
PAY_001725,CUST_03369,1573.32,UPI,,SUCCESS,2026-08-04 02:09:42.253575
PAY_001726,CUST_00913,2211.76,NETBANKING,,SUCCESS,2026-08-25 18:15:42.254149
PAY_001727,CUST_00105,1254.71,NETBANKING,,SUCCESS,2026-08-15 08:18:42.254963
PAY_001728,CUST_02953,1091.03,NETBANKING,,SUCCESS,2026-08-23 16:39:42.255882
PAY_001729,CUST_01698,435.54,CARD,,SUCCESS,2026-08-13 16:14:42.256496
PAY_001730,CUST_01421,1046.22,CARD,AUTHENTICATION_FAILED,FAILED,2026-07-29 23:14:42.257091
PAY_001731,CUST_00329,2085.52,WALLET,,SUCCESS,2026-07-29 15:09:42.257685
PAY_001732,CUST_02795,2015.87,UPI,,SUCCESS,2026-07-31 06:20:42.258396
PAY_001733,CUST_04386,1273.51,NETBANKING,,SUCCESS,2026-07-28 01:22:42.258988
PAY_001734,CUST_00086,2368.06,NETBANKING,NETWORK_ERROR,FAILED,2026-08-14 21:55:42.259589
PAY_001735,CUST_00641,1902.53,UPI,INSUFFICIENT_FUNDS,FAILED,2026-08-17 11:48:42.260160
PAY_001736,CUST_03551,1806.22,NETBANKING,,SUCCESS,2026-08-23 22:48:42.260737
PAY_001737,CUST_01483,1124.51,UPI,,SUCCESS,2026-08-01 03:00:42.261478
PAY_001738,CUST_04418,790.3,UPI,,SUCCESS,2026-08-11 01:07:42.262124
PAY_001739,CUST_03195,1631.68,WALLET,,SUCCESS,2026-07-30 13:32:42.262740
PAY_001740,CUST_00767,1101.9,UPI,,SUCCESS,2026-08-01 16:34:42.263343
PAY_001741,CUST_02422,1560.07,CARD,,SUCCESS,2026-08-14 11:24:42.263933
PAY_001742,CUST_03704,2128.88,UPI,,SUCCESS,2026-08-25 03:59:42.264537
PAY_001743,CUST_01972,1144.17,CARD,,SUCCESS,2026-07-28 04:32:42.265220
PAY_001744,CUST_04198,10257.62,WALLET,,SUCCESS,2026-08-12 23:28:42.265965
PAY_001745,CUST_03355,1326.81,CARD,,SUCCESS,2026-08-25 19:27:42.266744
PAY_001746,CUST_03204,691.21,UPI,,SUCCESS,2026-08-17 20:36:42.267383
PAY_001747,CUST_01030,2359.16,WALLET,,SUCCESS,2026-08-25 23:07:42.268117
PAY_001748,CUST_03183,1530.74,UPI,,SUCCESS,2026-08-09 04:02:42.268885
PAY_001749,CUST_01973,8174.45,CARD,,SUCCESS,2026-08-07 05:30:42.269608
PAY_001750,CUST_02309,1404.49,CARD,,SUCCESS,2026-08-21 12:38:42.270302
PAY_001751,CUST_04947,1553.45,NETBANKING,,SUCCESS,2026-08-10 18:38:42.270952
PAY_001752,CUST_01763,817.28,WALLET,,SUCCESS,2026-08-24 03:36:42.271644
PAY_001753,CUST_01345,2245.38,UPI,,SUCCESS,2026-07-30 23:57:42.272558
PAY_001754,CUST_03159,1722.26,WALLET,AUTHENTICATION_FAILED,FAILED,2026-07-31 22:25:42.273215
PAY_001755,CUST_01168,1016.09,UPI,INSUFFICIENT_FUNDS,FAILED,2026-08-24 04:45:42.273850
PAY_001756,CUST_04280,2168.02,CARD,NETWORK_ERROR,FAILED,2026-08-18 13:37:42.274460
PAY_001757,CUST_02486,1369.86,NETBANKING,,SUCCESS,2026-08-10 20:57:42.275083
PAY_001758,CUST_03420,607.27,CARD,,SUCCESS,2026-08-13 11:29:42.275707
PAY_001759,CUST_04163,928.95,WALLET,NETWORK_ERROR,FAILED,2026-07-27 20:37:42.276329
PAY_001760,CUST_02171,507.54,UPI,BANK_TIMEOUT,FAILED,2026-08-15 09:35:42.276970
PAY_001761,CUST_00671,1123.49,CARD,,SUCCESS,2026-08-04 06:17:42.278117
PAY_001762,CUST_00470,1964.52,NETBANKING,,SUCCESS,2026-08-16 18:16:42.279230
PAY_001763,CUST_03736,1726.81,NETBANKING,,SUCCESS,2026-08-10 02:05:42.280206
PAY_001764,CUST_04275,1384.15,NETBANKING,,SUCCESS,2026-07-28 00:55:42.281121
PAY_001765,CUST_00247,2024.35,NETBANKING,,SUCCESS,2026-08-12 06:36:42.282043
PAY_001766,CUST_03099,1227.13,UPI,,SUCCESS,2026-08-24 07:54:42.282942
PAY_001767,CUST_02482,1369.68,WALLET,,SUCCESS,2026-07-29 11:38:42.283967
PAY_001768,CUST_01015,6928.77,UPI,,SUCCESS,2026-08-17 12:32:42.284999
PAY_001769,CUST_04738,1488.95,CARD,,SUCCESS,2026-08-12 21:48:42.286119
PAY_001770,CUST_00789,1052.09,CARD,,SUCCESS,2026-08-21 04:48:42.287210
PAY_001771,CUST_02686,1832.58,CARD,,SUCCESS,2026-08-25 03:42:42.288331
PAY_001772,CUST_02076,322.52,WALLET,,SUCCESS,2026-07-28 05:00:42.289566
PAY_001773,CUST_01872,500.27,UPI,,SUCCESS,2026-08-25 19:37:42.290524
PAY_001774,CUST_00621,2130.6,UPI,,SUCCESS,2026-08-14 11:38:42.291480
PAY_001775,CUST_02604,1812.63,WALLET,,SUCCESS,2026-08-13 02:45:42.292494
PAY_001776,CUST_04580,2336.98,UPI,,SUCCESS,2026-08-24 01:39:42.293553
PAY_001777,CUST_01054,382.79,WALLET,,SUCCESS,2026-08-04 05:49:42.294644
PAY_001778,CUST_03186,2078.8,WALLET,NETWORK_ERROR,FAILED,2026-08-06 13:53:42.295751
PAY_001779,CUST_02371,1343.24,CARD,,SUCCESS,2026-08-09 12:33:42.296972
PAY_001780,CUST_03983,7051.76,WALLET,,SUCCESS,2026-08-02 13:15:42.298107
PAY_001781,CUST_03032,1532.6,NETBANKING,,SUCCESS,2026-08-25 08:41:42.299010
PAY_001782,CUST_00521,397.94,NETBANKING,,SUCCESS,2026-08-25 14:29:42.299598
PAY_001783,CUST_04073,2771.03,NETBANKING,,SUCCESS,2026-08-14 20:07:42.300210
PAY_001784,CUST_03303,562.15,CARD,,SUCCESS,2026-08-25 13:00:42.300787
PAY_001785,CUST_00276,1329.99,WALLET,,SUCCESS,2026-08-07 07:53:42.301378
PAY_001786,CUST_04797,461.22,UPI,,SUCCESS,2026-08-21 19:35:42.301982
PAY_001787,CUST_02563,8001.12,NETBANKING,,SUCCESS,2026-08-02 10:46:42.302561
PAY_001788,CUST_01055,630.8,NETBANKING,,SUCCESS,2026-08-19 09:20:42.303145
PAY_001789,CUST_03630,1099.32,WALLET,,SUCCESS,2026-08-15 22:40:42.303719
PAY_001790,CUST_00672,1553.94,UPI,BANK_DECLINED,FAILED,2026-08-14 07:10:42.304311
PAY_001791,CUST_01660,1837.88,CARD,AUTHENTICATION_FAILED,FAILED,2026-08-13 07:45:42.304904
PAY_001792,CUST_00191,1451.58,WALLET,,SUCCESS,2026-08-25 00:42:42.306126
PAY_001793,CUST_03648,2752.5,NETBANKING,,SUCCESS,2026-08-14 13:20:42.306918
PAY_001794,CUST_01520,1092.07,UPI,,SUCCESS,2026-08-21 03:06:42.307567
PAY_001795,CUST_03575,1224.84,NETBANKING,BANK_DECLINED,FAILED,2026-08-18 15:36:42.308435
PAY_001796,CUST_03280,1496.28,UPI,,SUCCESS,2026-08-06 18:23:42.309479
PAY_001797,CUST_02788,845.43,UPI,BANK_DECLINED,FAILED,2026-08-04 22:22:42.310492
PAY_001798,CUST_03555,1413.5,CARD,,SUCCESS,2026-08-08 04:34:42.311483
PAY_001799,CUST_00536,6493.43,UPI,BANK_DECLINED,FAILED,2026-07-30 00:14:42.312492
PAY_001800,CUST_00539,6103.1,UPI,,SUCCESS,2026-08-06 17:48:42.313495
PAY_001801,CUST_01886,2896.85,NETBANKING,,SUCCESS,2026-08-14 23:23:42.314506
PAY_001802,CUST_01785,2041.48,CARD,,SUCCESS,2026-08-16 10:28:42.315485
PAY_001803,CUST_04053,3043.49,CARD,,SUCCESS,2026-07-29 15:55:42.316513
PAY_001804,CUST_00445,846.43,CARD,,SUCCESS,2026-08-21 13:52:42.317484
PAY_001805,CUST_01954,1904.43,CARD,,SUCCESS,2026-08-03 17:24:42.318471
PAY_001806,CUST_04996,564.07,NETBANKING,,SUCCESS,2026-08-24 21:03:42.319449
PAY_001807,CUST_04106,590.51,CARD,,SUCCESS,2026-08-24 00:27:42.320445
PAY_001808,CUST_03832,135.67,NETBANKING,,SUCCESS,2026-08-15 01:41:42.321432
PAY_001809,CUST_02836,1152.17,NETBANKING,AUTHENTICATION_FAILED,FAILED,2026-08-24 18:01:42.322367
PAY_001810,CUST_00499,1665.24,NETBANKING,,SUCCESS,2026-08-21 19:38:42.323033
PAY_001811,CUST_00350,1276.62,WALLET,BANK_TIMEOUT,FAILED,2026-08-03 12:41:42.323618
PAY_001812,CUST_01654,1092.35,CARD,BANK_DECLINED,FAILED,2026-07-31 19:53:42.324457
PAY_001813,CUST_02610,10234.1,WALLET,,SUCCESS,2026-08-23 12:54:42.325480
PAY_001814,CUST_01098,544.96,NETBANKING,,SUCCESS,2026-08-20 06:36:42.326462
PAY_001815,CUST_03396,1422.9,NETBANKING,BANK_DECLINED,FAILED,2026-08-08 05:05:42.327463
PAY_001816,CUST_02621,494.57,NETBANKING,,SUCCESS,2026-08-05 08:46:42.328450
PAY_001817,CUST_02426,1049.68,NETBANKING,,SUCCESS,2026-07-29 11:35:42.329453
PAY_001818,CUST_03021,1468.28,NETBANKING,BANK_TIMEOUT,FAILED,2026-08-13 13:10:42.330510
PAY_001819,CUST_04250,905.71,UPI,,SUCCESS,2026-08-21 22:50:42.331529
PAY_001820,CUST_03489,1979.5,NETBANKING,,SUCCESS,2026-08-03 12:57:42.332535
PAY_001821,CUST_01681,745.73,NETBANKING,,SUCCESS,2026-08-17 00:11:42.333550
PAY_001822,CUST_02421,1845.81,UPI,,SUCCESS,2026-07-27 21:11:42.334561
PAY_001823,CUST_04246,2307.04,WALLET,,SUCCESS,2026-07-28 05:46:42.335566
PAY_001824,CUST_01711,1232.71,UPI,INSUFFICIENT_FUNDS,FAILED,2026-08-01 01:18:42.336567
PAY_001825,CUST_02757,2077.48,WALLET,,SUCCESS,2026-08-02 06:11:42.337609
PAY_001826,CUST_04858,715.71,UPI,,SUCCESS,2026-07-30 03:45:42.338765
PAY_001827,CUST_04417,1265.03,WALLET,,SUCCESS,2026-08-12 08:42:42.339717
PAY_001828,CUST_03288,1550.23,NETBANKING,,SUCCESS,2026-08-15 16:20:42.340350
PAY_001829,CUST_02191,7266.52,NETBANKING,,SUCCESS,2026-08-16 06:41:42.340987
PAY_001830,CUST_04654,1257.01,UPI,,SUCCESS,2026-08-15 19:35:42.341877
PAY_001831,CUST_04051,1637.91,WALLET,,SUCCESS,2026-08-10 07:36:42.342681
PAY_001832,CUST_03102,163.16,UPI,BANK_DECLINED,FAILED,2026-07-28 01:16:42.343373
PAY_001833,CUST_02403,790.7,CARD,,SUCCESS,2026-08-06 08:29:42.344092
PAY_001834,CUST_04459,1775.0,CARD,,SUCCESS,2026-07-31 21:00:42.344864
PAY_001835,CUST_01386,1058.94,CARD,,SUCCESS,2026-08-02 07:39:42.345641
PAY_001836,CUST_01327,100.0,WALLET,,SUCCESS,2026-07-31 04:10:42.346391
PAY_001837,CUST_01168,616.07,NETBANKING,,SUCCESS,2026-08-13 17:31:42.347213
PAY_001838,CUST_04494,1913.32,UPI,,SUCCESS,2026-08-23 01:51:42.347842
PAY_001839,CUST_02925,1079.81,CARD,,SUCCESS,2026-07-31 13:43:42.348418
PAY_001840,CUST_03489,1906.38,CARD,,SUCCESS,2026-08-18 14:22:42.349000
PAY_001841,CUST_01233,538.79,UPI,,SUCCESS,2026-08-19 04:43:42.349576
PAY_001842,CUST_02000,2000.22,NETBANKING,,SUCCESS,2026-08-01 13:08:42.350147
PAY_001843,CUST_02818,1734.54,WALLET,,SUCCESS,2026-08-22 04:34:42.350723
PAY_001844,CUST_00622,1208.33,UPI,,SUCCESS,2026-08-07 03:39:42.351306
PAY_001845,CUST_00979,1801.95,CARD,BANK_TIMEOUT,FAILED,2026-08-20 18:17:42.351894
PAY_001846,CUST_04274,448.19,WALLET,,SUCCESS,2026-08-07 13:33:42.352480
PAY_001847,CUST_00217,1108.54,WALLET,,SUCCESS,2026-08-01 10:33:42.353062
PAY_001848,CUST_02495,985.46,NETBANKING,,SUCCESS,2026-08-21 08:52:42.353634
PAY_001849,CUST_04786,1569.32,NETBANKING,,SUCCESS,2026-07-30 20:49:42.354203
PAY_001850,CUST_03390,2624.62,UPI,,SUCCESS,2026-08-24 17:28:42.354980
PAY_001851,CUST_02774,3371.23,NETBANKING,,SUCCESS,2026-08-06 08:34:42.356583
PAY_001852,CUST_04284,909.4,WALLET,,SUCCESS,2026-08-06 22:59:42.357938
PAY_001853,CUST_00828,1021.54,WALLET,,SUCCESS,2026-08-20 15:51:42.359211
PAY_001854,CUST_02859,869.99,UPI,,SUCCESS,2026-08-19 20:34:42.360740
PAY_001855,CUST_04857,507.93,NETBANKING,,SUCCESS,2026-07-28 05:33:42.361903
PAY_001856,CUST_02510,999.81,NETBANKING,,SUCCESS,2026-08-06 19:49:42.363090
PAY_001857,CUST_04359,1874.93,NETBANKING,,SUCCESS,2026-08-22 09:02:42.364322
PAY_001858,CUST_00958,1865.51,WALLET,,SUCCESS,2026-08-11 06:17:42.365439
PAY_001859,CUST_02530,529.57,WALLET,BANK_DECLINED,FAILED,2026-08-12 02:17:42.366536
PAY_001860,CUST_00337,1966.75,CARD,,SUCCESS,2026-08-20 06:28:42.367559
PAY_001861,CUST_03550,1622.68,CARD,,SUCCESS,2026-08-07 04:37:42.368567
PAY_001862,CUST_00834,869.67,NETBANKING,,SUCCESS,2026-08-22 06:14:42.369644
PAY_001863,CUST_03270,1955.27,CARD,,SUCCESS,2026-08-21 09:23:42.370774
PAY_001864,CUST_02140,1246.67,WALLET,,SUCCESS,2026-08-06 19:28:42.372071
PAY_001865,CUST_01160,2213.39,CARD,,SUCCESS,2026-08-13 15:47:42.373396
PAY_001866,CUST_04530,1126.52,NETBANKING,,SUCCESS,2026-07-30 04:47:42.374582
PAY_001867,CUST_04987,1870.95,CARD,,SUCCESS,2026-08-14 02:32:42.375790
PAY_001868,CUST_03083,1291.24,CARD,,SUCCESS,2026-08-01 15:46:42.376989
PAY_001869,CUST_00467,2793.34,CARD,,SUCCESS,2026-08-25 13:00:42.378105
PAY_001870,CUST_02506,560.51,UPI,,SUCCESS,2026-08-02 05:14:42.379077
PAY_001871,CUST_02573,1169.83,CARD,,SUCCESS,2026-08-26 11:36:42.380126
PAY_001872,CUST_03229,1291.09,UPI,,SUCCESS,2026-08-09 23:14:42.381181
PAY_001873,CUST_04386,300.12,WALLET,,SUCCESS,2026-08-06 13:00:42.382018
PAY_001874,CUST_02437,1601.11,WALLET,,SUCCESS,2026-08-13 08:43:42.382797
PAY_001875,CUST_02349,2461.35,UPI,,SUCCESS,2026-08-06 13:28:42.383558
PAY_001876,CUST_03037,2442.96,WALLET,,SUCCESS,2026-08-14 19:33:42.384295
PAY_001877,CUST_03620,1232.06,CARD,BANK_DECLINED,FAILED,2026-08-21 11:40:42.385067
PAY_001878,CUST_03313,808.04,UPI,,SUCCESS,2026-08-16 15:55:42.385780
PAY_001879,CUST_04408,3510.96,NETBANKING,,SUCCESS,2026-08-19 15:41:42.386705
PAY_001880,CUST_02358,863.39,NETBANKING,,SUCCESS,2026-08-06 03:34:42.387493
PAY_001881,CUST_03503,2105.15,UPI,,SUCCESS,2026-08-12 11:01:42.388392
PAY_001882,CUST_02845,2111.12,UPI,,SUCCESS,2026-08-07 01:31:42.389668
PAY_001883,CUST_04683,1135.47,NETBANKING,INSUFFICIENT_FUNDS,FAILED,2026-08-01 09:12:42.390774
PAY_001884,CUST_03810,1310.22,UPI,,SUCCESS,2026-07-28 21:50:42.391869
PAY_001885,CUST_02604,2280.85,CARD,,SUCCESS,2026-08-20 13:22:42.392813
PAY_001886,CUST_03511,1441.42,CARD,,SUCCESS,2026-08-17 21:09:42.393864
PAY_001887,CUST_02277,1838.71,CARD,,SUCCESS,2026-08-04 17:40:42.394939
PAY_001888,CUST_03151,764.52,WALLET,,SUCCESS,2026-08-13 22:12:42.396120
PAY_001889,CUST_01651,1140.98,UPI,AUTHENTICATION_FAILED,FAILED,2026-08-17 00:55:42.397199
PAY_001890,CUST_02856,2045.35,UPI,NETWORK_ERROR,FAILED,2026-08-01 09:41:42.398309
PAY_001891,CUST_04398,4771.78,CARD,,SUCCESS,2026-08-25 00:29:42.399374
PAY_001892,CUST_02385,1118.31,NETBANKING,,SUCCESS,2026-07-29 20:54:42.400476
PAY_001893,CUST_03229,1806.0,CARD,,SUCCESS,2026-07-28 18:19:42.401609
PAY_001894,CUST_00186,627.51,CARD,,SUCCESS,2026-08-13 03:05:42.402829
PAY_001895,CUST_00768,414.23,NETBANKING,,SUCCESS,2026-08-04 17:04:42.403897
PAY_001896,CUST_00673,865.04,WALLET,,SUCCESS,2026-07-30 13:52:42.404792
PAY_001897,CUST_03257,1883.15,WALLET,,SUCCESS,2026-08-13 08:12:42.405850
PAY_001898,CUST_01870,2513.33,UPI,,SUCCESS,2026-08-13 17:06:42.406471
PAY_001899,CUST_01643,2434.97,WALLET,,SUCCESS,2026-08-11 23:27:42.407073
PAY_001900,CUST_04285,2870.08,WALLET,,SUCCESS,2026-08-21 12:22:42.407644
PAY_001901,CUST_04980,1673.18,NETBANKING,,SUCCESS,2026-08-21 14:52:42.408216
PAY_001902,CUST_04183,1959.19,WALLET,,SUCCESS,2026-08-20 23:00:42.408791
PAY_001903,CUST_04794,1954.93,WALLET,,SUCCESS,2026-08-04 12:34:42.409409
PAY_001904,CUST_00009,1131.99,CARD,,SUCCESS,2026-08-25 11:14:42.410099
PAY_001905,CUST_00581,2136.73,CARD,,SUCCESS,2026-08-08 04:08:42.410747
PAY_001906,CUST_02315,993.04,NETBANKING,BANK_DECLINED,FAILED,2026-08-12 07:57:42.411364
PAY_001907,CUST_04665,973.51,WALLET,,SUCCESS,2026-08-07 10:27:42.411945
PAY_001908,CUST_01616,1095.12,UPI,,SUCCESS,2026-08-14 13:48:42.412525
PAY_001909,CUST_03448,986.11,CARD,,SUCCESS,2026-08-11 07:41:42.413113
PAY_001910,CUST_00111,1199.54,UPI,,SUCCESS,2026-08-12 17:54:42.413684
PAY_001911,CUST_02607,822.82,CARD,,SUCCESS,2026-07-31 17:33:42.414259
PAY_001912,CUST_04118,1281.44,CARD,,SUCCESS,2026-07-29 07:54:42.414874
PAY_001913,CUST_03586,422.3,NETBANKING,INSUFFICIENT_FUNDS,FAILED,2026-07-30 06:06:42.415590
PAY_001914,CUST_04093,1072.19,UPI,,SUCCESS,2026-08-09 12:42:42.416202
PAY_001915,CUST_03553,1053.05,NETBANKING,BANK_DECLINED,FAILED,2026-08-01 14:58:42.416795
PAY_001916,CUST_02861,1447.2,UPI,,SUCCESS,2026-08-03 04:22:42.417806
PAY_001917,CUST_01433,6142.6,CARD,,SUCCESS,2026-08-19 15:24:42.418550
PAY_001918,CUST_03157,2212.15,WALLET,,SUCCESS,2026-08-16 08:23:42.419197
PAY_001919,CUST_03216,1342.11,CARD,BANK_DECLINED,FAILED,2026-08-11 16:47:42.419789
PAY_001920,CUST_01407,678.64,CARD,,SUCCESS,2026-08-26 03:59:42.420411
PAY_001921,CUST_03365,702.16,UPI,AUTHENTICATION_FAILED,FAILED,2026-08-22 02:54:42.421010
PAY_001922,CUST_03498,1624.21,WALLET,,SUCCESS,2026-08-24 20:41:42.421583
PAY_001923,CUST_03896,1902.85,NETBANKING,,SUCCESS,2026-08-25 16:24:42.422551
PAY_001924,CUST_00396,1490.85,CARD,,SUCCESS,2026-08-25 05:59:42.423187
PAY_001925,CUST_02512,1162.45,UPI,,SUCCESS,2026-08-09 14:09:42.423824
PAY_001926,CUST_02183,2338.43,CARD,,SUCCESS,2026-08-14 11:58:42.424472
PAY_001927,CUST_00538,551.39,UPI,,SUCCESS,2026-08-23 10:10:42.425081
PAY_001928,CUST_02299,805.27,WALLET,,SUCCESS,2026-08-25 20:52:42.425658
PAY_001929,CUST_04986,458.08,CARD,BANK_TIMEOUT,FAILED,2026-07-31 00:25:42.426257
PAY_001930,CUST_00115,344.97,CARD,,SUCCESS,2026-07-30 05:18:42.426835
PAY_001931,CUST_02166,1074.05,NETBANKING,,SUCCESS,2026-08-07 10:30:42.427413
PAY_001932,CUST_02421,1426.78,UPI,,SUCCESS,2026-08-13 00:51:42.428008
PAY_001933,CUST_04267,786.61,CARD,,SUCCESS,2026-08-22 06:00:42.428582
PAY_001934,CUST_01766,1385.76,WALLET,,SUCCESS,2026-08-09 15:33:42.429169
PAY_001935,CUST_01223,705.55,UPI,,SUCCESS,2026-08-16 16:07:42.429740
PAY_001936,CUST_04167,703.32,NETBANKING,,SUCCESS,2026-08-04 18:56:42.430393
PAY_001937,CUST_00951,4810.43,CARD,,SUCCESS,2026-08-09 09:11:42.430999
PAY_001938,CUST_04440,1658.26,WALLET,NETWORK_ERROR,FAILED,2026-08-09 19:45:42.431599
PAY_001939,CUST_02807,1061.2,UPI,,SUCCESS,2026-08-06 04:53:42.432189
PAY_001940,CUST_03475,6300.41,UPI,,SUCCESS,2026-08-08 16:52:42.432793
PAY_001941,CUST_01190,351.37,WALLET,,SUCCESS,2026-08-09 22:56:42.433434
PAY_001942,CUST_00886,1009.28,UPI,,SUCCESS,2026-07-28 12:45:42.434034
PAY_001943,CUST_03061,1149.23,CARD,,SUCCESS,2026-07-29 02:50:42.434609
PAY_001944,CUST_04370,5888.37,UPI,,SUCCESS,2026-08-01 06:14:42.435193
PAY_001945,CUST_03654,1129.27,WALLET,,SUCCESS,2026-07-30 18:43:42.435765
PAY_001946,CUST_03981,753.54,CARD,,SUCCESS,2026-08-08 10:29:42.436367
PAY_001947,CUST_00900,851.6,WALLET,,SUCCESS,2026-08-02 23:11:42.436960
PAY_001948,CUST_03360,828.43,CARD,,SUCCESS,2026-08-24 02:30:42.437588
PAY_001949,CUST_04607,322.71,NETBANKING,,SUCCESS,2026-08-08 01:01:42.438236
PAY_001950,CUST_04490,857.89,NETBANKING,,SUCCESS,2026-08-19 22:22:42.439173
PAY_001951,CUST_04190,756.53,WALLET,BANK_TIMEOUT,FAILED,2026-08-14 13:59:42.439809
PAY_001952,CUST_02481,1642.54,WALLET,,SUCCESS,2026-08-01 22:57:42.440392
PAY_001953,CUST_00847,1703.1,CARD,,SUCCESS,2026-08-12 03:21:42.440986
PAY_001954,CUST_01994,722.49,WALLET,,SUCCESS,2026-08-03 08:59:42.441553
PAY_001955,CUST_00439,853.17,UPI,,SUCCESS,2026-08-22 00:08:42.442133
PAY_001956,CUST_03905,1304.73,UPI,,SUCCESS,2026-08-09 16:32:42.442704
PAY_001957,CUST_01354,2152.03,UPI,INSUFFICIENT_FUNDS,FAILED,2026-08-03 02:58:42.443293
PAY_001958,CUST_04643,2030.54,CARD,,SUCCESS,2026-08-17 19:18:42.443865
PAY_001959,CUST_00323,873.71,UPI,,SUCCESS,2026-08-25 00:13:42.444460
PAY_001960,CUST_01116,1820.09,WALLET,,SUCCESS,2026-08-19 00:24:42.445141
PAY_001961,CUST_04045,2275.46,WALLET,,SUCCESS,2026-08-20 10:06:42.445745
PAY_001962,CUST_00986,6267.03,WALLET,,SUCCESS,2026-08-08 14:37:42.446333
PAY_001963,CUST_00797,1005.27,UPI,NETWORK_ERROR,FAILED,2026-08-13 09:30:42.446918
PAY_001964,CUST_04695,1714.86,NETBANKING,,SUCCESS,2026-08-03 00:11:42.447514
PAY_001965,CUST_01799,1757.46,NETBANKING,,SUCCESS,2026-08-01 03:03:42.448098
PAY_001966,CUST_01187,1213.79,CARD,,SUCCESS,2026-08-13 13:54:42.448669
PAY_001967,CUST_02479,2498.01,CARD,,SUCCESS,2026-07-29 20:13:42.449555
PAY_001968,CUST_02448,1975.68,NETBANKING,,SUCCESS,2026-08-03 03:34:42.450222
PAY_001969,CUST_04317,691.67,WALLET,,SUCCESS,2026-08-05 17:17:42.450827
PAY_001970,CUST_03618,1057.67,NETBANKING,,SUCCESS,2026-08-20 15:03:42.451407
PAY_001971,CUST_04593,11842.09,WALLET,,SUCCESS,2026-08-26 08:09:42.452028
PAY_001972,CUST_01386,595.02,CARD,,SUCCESS,2026-08-19 22:39:42.452711
PAY_001973,CUST_01698,831.21,UPI,,SUCCESS,2026-08-12 14:16:42.453723
PAY_001974,CUST_00035,1420.16,CARD,,SUCCESS,2026-08-22 12:22:42.454727
PAY_001975,CUST_02553,1027.64,NETBANKING,,SUCCESS,2026-08-22 11:25:42.455681
PAY_001976,CUST_00534,2301.16,WALLET,,SUCCESS,2026-07-30 17:34:42.456336
PAY_001977,CUST_01241,1270.87,NETBANKING,,SUCCESS,2026-07-28 19:49:42.456955
PAY_001978,CUST_01890,1507.59,CARD,,SUCCESS,2026-08-11 02:05:42.457539
PAY_001979,CUST_02557,2195.37,CARD,,SUCCESS,2026-08-14 06:58:42.458128
PAY_001980,CUST_00709,1724.3,WALLET,,SUCCESS,2026-07-31 04:29:42.458708
PAY_001981,CUST_00488,3590.51,NETBANKING,,SUCCESS,2026-07-29 08:45:42.459321
PAY_001982,CUST_02936,5492.09,NETBANKING,,SUCCESS,2026-08-01 05:59:42.460035
PAY_001983,CUST_04461,1587.67,CARD,,SUCCESS,2026-08-23 06:15:42.460721
PAY_001984,CUST_02088,1571.5,UPI,,SUCCESS,2026-08-16 22:28:42.461397
PAY_001985,CUST_00443,1293.55,NETBANKING,,SUCCESS,2026-08-01 03:12:42.462067
PAY_001986,CUST_04318,100.0,WALLET,BANK_DECLINED,FAILED,2026-07-31 14:06:42.462681
PAY_001987,CUST_01017,1641.57,NETBANKING,,SUCCESS,2026-07-29 18:10:42.463288
PAY_001988,CUST_03537,7565.05,WALLET,,SUCCESS,2026-08-17 06:15:42.463940
PAY_001989,CUST_01436,6909.27,CARD,,SUCCESS,2026-08-16 22:28:42.464982
PAY_001990,CUST_03715,1803.53,CARD,INSUFFICIENT_FUNDS,FAILED,2026-08-19 06:51:42.465670
PAY_001991,CUST_01887,1134.62,UPI,,SUCCESS,2026-08-12 01:42:42.466401
PAY_001992,CUST_01247,1841.15,UPI,,SUCCESS,2026-08-20 13:16:42.467055
PAY_001993,CUST_03224,1227.42,WALLET,,SUCCESS,2026-08-07 10:13:42.467645
PAY_001994,CUST_01226,1570.62,NETBANKING,,SUCCESS,2026-08-13 00:24:42.468227
PAY_001995,CUST_01172,2117.0,UPI,,SUCCESS,2026-08-15 19:53:42.468800
PAY_001996,CUST_03855,605.35,WALLET,,SUCCESS,2026-08-09 05:46:42.469407
PAY_001997,CUST_02648,7931.54,NETBANKING,,SUCCESS,2026-08-12 14:21:42.469990
PAY_001998,CUST_00045,1518.75,NETBANKING,,SUCCESS,2026-08-02 15:13:42.470571
PAY_001999,CUST_04914,1146.77,CARD,INSUFFICIENT_FUNDS,FAILED,2026-07-28 22:38:42.471166
PAY_002000,CUST_00401,685.05,CARD,,SUCCESS,2026-08-06 21:17:42.471782
PAY_002001,CUST_02960,1602.43,WALLET,,SUCCESS,2026-08-15 09:13:42.472597
PAY_002002,CUST_02128,1892.58,WALLET,,SUCCESS,2026-07-28 02:37:42.473284
PAY_002003,CUST_04352,968.29,UPI,,SUCCESS,2026-08-10 03:27:42.473940
PAY_002004,CUST_00620,2176.85,NETBANKING,,SUCCESS,2026-08-07 11:40:42.474550
PAY_002005,CUST_02787,5748.11,CARD,,SUCCESS,2026-08-09 09:08:42.475164
PAY_002006,CUST_00349,100.0,UPI,,SUCCESS,2026-08-17 20:58:42.475747
PAY_002007,CUST_01395,2496.91,CARD,,SUCCESS,2026-08-26 12:45:42.476358
PAY_002008,CUST_00825,846.73,NETBANKING,,SUCCESS,2026-08-22 12:05:42.476966
PAY_002009,CUST_01514,807.07,NETBANKING,,SUCCESS,2026-08-03 21:41:42.477552
PAY_002010,CUST_01938,2013.58,NETBANKING,,SUCCESS,2026-08-25 06:15:42.478144
PAY_002011,CUST_04731,1988.3,WALLET,,SUCCESS,2026-08-08 15:50:42.478724
PAY_002012,CUST_02973,654.54,NETBANKING,BANK_DECLINED,FAILED,2026-07-29 07:55:42.479779
PAY_002013,CUST_04333,2261.45,UPI,NETWORK_ERROR,FAILED,2026-07-30 03:16:42.481027
PAY_002014,CUST_01201,1958.01,WALLET,,SUCCESS,2026-08-18 21:04:42.482474
PAY_002015,CUST_01547,2090.77,UPI,,SUCCESS,2026-08-25 01:09:42.483788
PAY_002016,CUST_01327,538.95,CARD,,SUCCESS,2026-08-18 17:39:42.485068
PAY_002017,CUST_00484,8341.43,CARD,,SUCCESS,2026-08-23 00:25:42.485948
PAY_002018,CUST_03504,1292.41,UPI,,SUCCESS,2026-08-24 05:39:42.487108
PAY_002019,CUST_00240,593.82,UPI,,SUCCESS,2026-08-12 11:39:42.488343
PAY_002020,CUST_02399,755.75,NETBANKING,INSUFFICIENT_FUNDS,FAILED,2026-07-27 23:20:42.490045
PAY_002021,CUST_01250,881.29,UPI,,SUCCESS,2026-08-11 15:31:42.491720
PAY_002022,CUST_03420,343.44,NETBANKING,,SUCCESS,2026-08-19 02:03:42.492943
PAY_002023,CUST_03560,1398.29,NETBANKING,,SUCCESS,2026-08-03 06:54:42.494208
PAY_002024,CUST_00356,1414.75,WALLET,NETWORK_ERROR,FAILED,2026-08-23 23:43:42.495703
PAY_002025,CUST_03713,1939.43,CARD,,SUCCESS,2026-08-14 15:38:42.497163
PAY_002026,CUST_04705,2230.84,WALLET,BANK_TIMEOUT,FAILED,2026-08-14 05:56:42.498407
PAY_002027,CUST_03190,1792.31,WALLET,,SUCCESS,2026-08-18 21:57:42.499601
PAY_002028,CUST_03126,1184.34,UPI,,SUCCESS,2026-08-12 15:00:42.500809
PAY_002029,CUST_01338,1714.83,NETBANKING,,SUCCESS,2026-08-21 10:18:42.504400
PAY_002030,CUST_00813,2634.81,UPI,,SUCCESS,2026-08-01 00:27:42.507146
PAY_002031,CUST_00485,1377.85,UPI,,SUCCESS,2026-08-21 11:53:42.508379
PAY_002032,CUST_04453,1261.83,CARD,,SUCCESS,2026-08-22 20:29:42.509860
PAY_002033,CUST_02452,2217.61,UPI,,SUCCESS,2026-08-19 01:55:42.511174
PAY_002034,CUST_03190,1620.79,CARD,,SUCCESS,2026-07-28 18:04:42.512330
PAY_002035,CUST_02321,845.82,UPI,,SUCCESS,2026-08-15 13:23:42.513509
PAY_002036,CUST_01133,1242.72,CARD,,SUCCESS,2026-08-20 17:54:42.514695
PAY_002037,CUST_04430,741.19,WALLET,BANK_DECLINED,FAILED,2026-08-18 16:27:42.516175
PAY_002038,CUST_00310,863.08,NETBANKING,,SUCCESS,2026-08-07 22:42:42.517482
PAY_002039,CUST_04061,1135.99,CARD,,SUCCESS,2026-08-14 08:54:42.518653
PAY_002040,CUST_01270,2191.81,CARD,,SUCCESS,2026-08-13 08:44:42.519824
PAY_002041,CUST_04765,729.22,WALLET,,SUCCESS,2026-08-14 17:55:42.520949
PAY_002042,CUST_00066,8012.9,NETBANKING,,SUCCESS,2026-07-31 10:47:42.523283
PAY_002043,CUST_02701,1669.26,WALLET,,SUCCESS,2026-07-29 01:38:42.525009
PAY_002044,CUST_01589,1584.57,CARD,,SUCCESS,2026-08-25 02:45:42.526995
PAY_002045,CUST_04281,568.99,WALLET,,SUCCESS,2026-08-19 16:48:42.528163
PAY_002046,CUST_01375,544.13,CARD,,SUCCESS,2026-08-07 00:59:42.529376
PAY_002047,CUST_04868,604.63,NETBANKING,INSUFFICIENT_FUNDS,FAILED,2026-08-11 05:07:42.530883
PAY_002048,CUST_02079,2410.77,NETBANKING,,SUCCESS,2026-08-22 15:45:42.532239
PAY_002049,CUST_01385,1489.25,CARD,,SUCCESS,2026-08-15 00:50:42.533485
PAY_002050,CUST_02926,1390.43,NETBANKING,BANK_TIMEOUT,FAILED,2026-08-21 12:56:42.534564
PAY_002051,CUST_03783,985.02,CARD,,SUCCESS,2026-08-05 03:49:42.535692
PAY_002052,CUST_00192,2880.68,NETBANKING,,SUCCESS,2026-08-09 20:15:42.536807
PAY_002053,CUST_02667,2260.82,UPI,,SUCCESS,2026-08-12 02:46:42.538325
PAY_002054,CUST_00160,1581.2,NETBANKING,,SUCCESS,2026-08-26 10:15:42.543616
PAY_002055,CUST_03205,1837.62,WALLET,,SUCCESS,2026-08-11 13:17:42.545298
PAY_002056,CUST_01971,967.45,UPI,,SUCCESS,2026-08-18 06:30:42.546402
PAY_002057,CUST_02027,1191.09,NETBANKING,,SUCCESS,2026-08-19 09:07:42.547549
PAY_002058,CUST_03185,1268.24,CARD,,SUCCESS,2026-08-25 19:07:42.548678
PAY_002059,CUST_01875,1151.07,WALLET,,SUCCESS,2026-07-30 18:32:42.549868
PAY_002060,CUST_03187,1022.71,WALLET,,SUCCESS,2026-08-08 14:42:42.551228
PAY_002061,CUST_04538,2567.13,CARD,,SUCCESS,2026-08-15 07:00:42.552691
PAY_002062,CUST_02102,972.0,NETBANKING,,SUCCESS,2026-08-04 19:48:42.553931
PAY_002063,CUST_02157,604.24,NETBANKING,,SUCCESS,2026-08-24 23:03:42.555881
PAY_002064,CUST_04926,1715.24,CARD,,SUCCESS,2026-08-03 17:08:42.557304
PAY_002065,CUST_01458,1573.28,WALLET,,SUCCESS,2026-08-14 12:40:42.559689
PAY_002066,CUST_02722,1459.26,WALLET,,SUCCESS,2026-07-30 19:05:42.560905
PAY_002067,CUST_01867,1046.41,CARD,BANK_DECLINED,FAILED,2026-07-30 14:57:42.562101
PAY_002068,CUST_03059,1401.78,CARD,,SUCCESS,2026-07-31 22:29:42.563288
PAY_002069,CUST_04900,1550.85,CARD,,SUCCESS,2026-08-11 14:59:42.564480
PAY_002070,CUST_01165,1350.37,UPI,,SUCCESS,2026-08-22 16:08:42.565909
PAY_002071,CUST_04305,1314.98,CARD,,SUCCESS,2026-08-11 00:50:42.567179
PAY_002072,CUST_02006,641.02,CARD,,SUCCESS,2026-08-05 19:47:42.568431
PAY_002073,CUST_03189,100.0,CARD,INSUFFICIENT_FUNDS,FAILED,2026-08-18 22:56:42.569653
PAY_002074,CUST_04751,1022.07,UPI,,SUCCESS,2026-08-18 09:15:42.570856
PAY_002075,CUST_02904,961.17,CARD,,SUCCESS,2026-08-06 22:03:42.574453
PAY_002076,CUST_01413,1279.29,CARD,INSUFFICIENT_FUNDS,FAILED,2026-08-01 12:17:42.575740
PAY_002077,CUST_04361,1042.21,NETBANKING,,SUCCESS,2026-08-26 13:28:42.577238
PAY_002078,CUST_01402,1674.95,NETBANKING,,SUCCESS,2026-08-22 05:45:42.578563
PAY_002079,CUST_03671,1239.88,WALLET,,SUCCESS,2026-08-17 02:47:42.580732
PAY_002080,CUST_04226,1730.38,WALLET,,SUCCESS,2026-08-05 16:38:42.582233
PAY_002081,CUST_00988,1128.88,UPI,,SUCCESS,2026-08-09 03:32:42.583583
PAY_002082,CUST_02492,7520.96,CARD,,SUCCESS,2026-08-08 14:06:42.584904
PAY_002083,CUST_04022,1749.09,NETBANKING,,SUCCESS,2026-08-07 11:06:42.586145
PAY_002084,CUST_01907,984.81,UPI,,SUCCESS,2026-08-11 00:00:42.587924
PAY_002085,CUST_01474,1379.68,UPI,,SUCCESS,2026-08-16 16:44:42.590681
PAY_002086,CUST_04160,212.05,CARD,,SUCCESS,2026-08-16 02:01:42.591828
PAY_002087,CUST_04668,9146.46,NETBANKING,,SUCCESS,2026-08-03 23:09:42.593017
PAY_002088,CUST_01682,6089.3,WALLET,,SUCCESS,2026-08-23 06:29:42.594617
PAY_002089,CUST_02580,919.41,CARD,,SUCCESS,2026-08-04 00:48:42.595989
PAY_002090,CUST_03140,800.84,CARD,BANK_DECLINED,FAILED,2026-08-06 23:18:42.597255
PAY_002091,CUST_04174,1108.49,WALLET,,SUCCESS,2026-07-28 00:29:42.598365
PAY_002092,CUST_03229,1137.96,CARD,BANK_DECLINED,FAILED,2026-08-12 15:05:42.600033
PAY_002093,CUST_02534,1243.89,WALLET,,SUCCESS,2026-08-25 04:50:42.601746
PAY_002094,CUST_04360,1176.93,WALLET,,SUCCESS,2026-08-18 14:48:42.602912
PAY_002095,CUST_03335,963.65,UPI,,SUCCESS,2026-08-05 15:03:42.604006
PAY_002096,CUST_01978,666.71,NETBANKING,,SUCCESS,2026-08-22 04:07:42.604977
PAY_002097,CUST_01261,2038.07,WALLET,,SUCCESS,2026-08-26 05:31:42.607960
PAY_002098,CUST_03493,416.39,CARD,,SUCCESS,2026-07-31 15:10:42.609499
PAY_002099,CUST_02227,2083.81,WALLET,,SUCCESS,2026-08-26 06:13:42.610710
PAY_002100,CUST_01893,8191.36,WALLET,,SUCCESS,2026-08-07 13:26:42.611814
PAY_002101,CUST_03617,1106.12,NETBANKING,,SUCCESS,2026-08-07 10:41:42.612908
PAY_002102,CUST_02073,302.34,UPI,AUTHENTICATION_FAILED,FAILED,2026-08-06 07:04:42.613970
PAY_002103,CUST_01561,406.06,WALLET,,SUCCESS,2026-08-11 12:54:42.614996
PAY_002104,CUST_00550,2386.13,NETBANKING,,SUCCESS,2026-08-21 16:54:42.615873
PAY_002105,CUST_00684,1278.94,WALLET,,SUCCESS,2026-08-02 14:06:42.617433
PAY_002106,CUST_04786,1688.28,UPI,,SUCCESS,2026-08-19 22:37:42.618757
PAY_002107,CUST_01240,1118.96,NETBANKING,INSUFFICIENT_FUNDS,FAILED,2026-08-03 08:28:42.620122
PAY_002108,CUST_00082,1222.48,WALLET,,SUCCESS,2026-08-06 23:52:42.621267
PAY_002109,CUST_04665,1315.68,NETBANKING,BANK_TIMEOUT,FAILED,2026-08-21 06:07:42.623879
PAY_002110,CUST_01519,2454.95,WALLET,,SUCCESS,2026-08-10 01:54:42.625327
PAY_002111,CUST_04351,1218.65,NETBANKING,,SUCCESS,2026-08-15 07:16:42.626298
PAY_002112,CUST_03698,1978.97,NETBANKING,,SUCCESS,2026-08-25 17:10:42.627310
PAY_002113,CUST_00459,284.37,CARD,,SUCCESS,2026-08-13 10:35:42.628268
PAY_002114,CUST_01880,1285.25,UPI,,SUCCESS,2026-08-06 10:53:42.629514
PAY_002115,CUST_02342,1332.8,UPI,,SUCCESS,2026-07-30 16:08:42.630356
PAY_002116,CUST_03710,756.05,UPI,AUTHENTICATION_FAILED,FAILED,2026-08-08 18:06:42.630962
PAY_002117,CUST_01929,1931.48,UPI,,SUCCESS,2026-08-02 10:32:42.631538
PAY_002118,CUST_00821,1526.45,CARD,NETWORK_ERROR,FAILED,2026-08-07 04:00:42.632114
PAY_002119,CUST_00197,1111.38,NETBANKING,,SUCCESS,2026-08-05 22:35:42.632680
PAY_002120,CUST_00022,1394.38,CARD,,SUCCESS,2026-08-02 23:01:42.633262
PAY_002121,CUST_03315,2978.75,UPI,,SUCCESS,2026-08-23 07:17:42.633821
PAY_002122,CUST_00255,604.41,UPI,INSUFFICIENT_FUNDS,FAILED,2026-07-30 01:18:42.634389
PAY_002123,CUST_02304,9798.09,UPI,,SUCCESS,2026-08-09 09:43:42.634982
PAY_002124,CUST_02745,1418.2,UPI,,SUCCESS,2026-08-11 09:56:42.635640
PAY_002125,CUST_01548,5812.41,NETBANKING,,SUCCESS,2026-08-07 13:22:42.636328
PAY_002126,CUST_04485,1545.64,CARD,,SUCCESS,2026-08-15 02:19:42.636993
PAY_002127,CUST_03148,1665.87,UPI,,SUCCESS,2026-08-07 01:27:42.637624
PAY_002128,CUST_04309,670.03,CARD,,SUCCESS,2026-07-31 19:18:42.638239
PAY_002129,CUST_04504,6535.89,NETBANKING,,SUCCESS,2026-07-29 18:30:42.639341
PAY_002130,CUST_04295,2167.38,CARD,,SUCCESS,2026-08-24 13:32:42.640278
PAY_002131,CUST_03936,744.59,WALLET,,SUCCESS,2026-08-16 23:49:42.640927
PAY_002132,CUST_01169,796.59,WALLET,,SUCCESS,2026-08-14 06:44:42.641535
PAY_002133,CUST_02824,443.5,CARD,,SUCCESS,2026-08-14 04:29:42.642138
PAY_002134,CUST_01790,938.36,UPI,,SUCCESS,2026-07-30 06:28:42.643015
PAY_002135,CUST_04832,882.71,CARD,,SUCCESS,2026-08-13 19:40:42.643674
PAY_002136,CUST_04641,1299.05,WALLET,,SUCCESS,2026-08-17 08:38:42.644271
PAY_002137,CUST_03724,1529.73,WALLET,INSUFFICIENT_FUNDS,FAILED,2026-08-14 06:45:42.644863
PAY_002138,CUST_03672,1586.83,NETBANKING,,SUCCESS,2026-08-22 08:46:42.645435
PAY_002139,CUST_03327,2323.58,UPI,,SUCCESS,2026-08-12 00:19:42.646013
PAY_002140,CUST_01300,4806.2,NETBANKING,,SUCCESS,2026-07-30 01:20:42.646589
PAY_002141,CUST_04286,1613.03,WALLET,,SUCCESS,2026-07-28 21:32:42.647166
PAY_002142,CUST_00029,2092.19,WALLET,,SUCCESS,2026-08-05 03:23:42.647737
PAY_002143,CUST_00991,1408.04,UPI,,SUCCESS,2026-08-11 04:17:42.648317
PAY_002144,CUST_00400,1031.63,NETBANKING,,SUCCESS,2026-08-06 13:29:42.648915
PAY_002145,CUST_01964,1289.27,WALLET,,SUCCESS,2026-08-17 04:48:42.649490
PAY_002146,CUST_00918,503.0,CARD,,SUCCESS,2026-08-09 00:49:42.650176
PAY_002147,CUST_03165,1978.64,UPI,,SUCCESS,2026-07-31 18:51:42.651042
PAY_002148,CUST_00625,2092.96,WALLET,,SUCCESS,2026-08-01 05:45:42.651679
PAY_002149,CUST_03540,2597.55,UPI,,SUCCESS,2026-08-17 08:10:42.652324
PAY_002150,CUST_02637,6436.73,NETBANKING,,SUCCESS,2026-08-12 22:47:42.652942
PAY_002151,CUST_00743,2372.82,NETBANKING,,SUCCESS,2026-08-06 05:43:42.653519
PAY_002152,CUST_04118,1745.12,UPI,,SUCCESS,2026-08-19 16:35:42.654100
PAY_002153,CUST_01940,2275.28,CARD,,SUCCESS,2026-07-29 09:01:42.654677
PAY_002154,CUST_01646,655.26,WALLET,,SUCCESS,2026-08-07 21:09:42.655457
PAY_002155,CUST_00330,1337.16,UPI,,SUCCESS,2026-08-13 20:48:42.656514
PAY_002156,CUST_03514,1238.84,WALLET,,SUCCESS,2026-08-16 02:30:42.657562
PAY_002157,CUST_04842,8871.08,CARD,,SUCCESS,2026-08-09 13:32:42.658348
PAY_002158,CUST_01706,1769.54,UPI,,SUCCESS,2026-08-22 08:57:42.658972
PAY_002159,CUST_02638,1008.68,CARD,,SUCCESS,2026-08-21 18:02:42.659551
PAY_002160,CUST_03505,100.0,CARD,,SUCCESS,2026-08-19 13:05:42.660150
PAY_002161,CUST_04697,2064.01,WALLET,,SUCCESS,2026-08-01 18:03:42.660719
PAY_002162,CUST_02605,1028.73,CARD,,SUCCESS,2026-08-07 18:07:42.661299
PAY_002163,CUST_00616,1797.79,NETBANKING,,SUCCESS,2026-08-12 06:00:42.661870
PAY_002164,CUST_02650,1006.95,UPI,,SUCCESS,2026-07-28 23:20:42.662443
PAY_002165,CUST_04381,6175.78,NETBANKING,,SUCCESS,2026-08-03 22:13:42.663029
PAY_002166,CUST_00852,2171.24,WALLET,,SUCCESS,2026-08-16 13:00:42.663664
PAY_002167,CUST_02866,1197.24,WALLET,,SUCCESS,2026-08-05 16:09:42.664374
PAY_002168,CUST_00702,1516.03,WALLET,INSUFFICIENT_FUNDS,FAILED,2026-08-18 16:52:42.665007
PAY_002169,CUST_00195,1566.1,UPI,,SUCCESS,2026-08-02 13:04:42.665585
PAY_002170,CUST_00949,395.94,WALLET,,SUCCESS,2026-07-27 22:08:42.666154
PAY_002171,CUST_01006,694.18,UPI,,SUCCESS,2026-08-09 08:09:42.666718
PAY_002172,CUST_00851,2097.58,WALLET,,SUCCESS,2026-08-07 18:01:42.667296
PAY_002173,CUST_03632,2132.16,UPI,,SUCCESS,2026-07-29 14:54:42.667905
PAY_002174,CUST_02415,1941.49,UPI,,SUCCESS,2026-07-30 11:59:42.668487
PAY_002175,CUST_02190,325.53,WALLET,,SUCCESS,2026-08-25 17:56:42.669067
PAY_002176,CUST_04885,1523.44,CARD,,SUCCESS,2026-08-19 05:03:42.669631
PAY_002177,CUST_04665,1238.29,WALLET,,SUCCESS,2026-08-22 15:31:42.670216
PAY_002178,CUST_00081,839.55,UPI,,SUCCESS,2026-07-30 10:03:42.670866
PAY_002179,CUST_02205,1035.25,WALLET,,SUCCESS,2026-08-01 15:53:42.671579
PAY_002180,CUST_03161,3903.02,CARD,,SUCCESS,2026-08-19 10:36:42.672729
PAY_002181,CUST_02803,2312.09,CARD,,SUCCESS,2026-08-18 19:30:42.673555
PAY_002182,CUST_03293,1007.22,CARD,,SUCCESS,2026-08-12 02:22:42.674253
PAY_002183,CUST_02877,1029.63,UPI,,SUCCESS,2026-08-25 09:08:42.674881
PAY_002184,CUST_04984,1844.72,WALLET,,SUCCESS,2026-08-05 21:19:42.675464
PAY_002185,CUST_01169,1681.99,WALLET,,SUCCESS,2026-08-15 18:40:42.676049
PAY_002186,CUST_02633,1996.18,WALLET,,SUCCESS,2026-08-04 00:30:42.676619
PAY_002187,CUST_04741,1846.33,NETBANKING,,SUCCESS,2026-08-19 12:55:42.677200
PAY_002188,CUST_04476,2518.17,UPI,,SUCCESS,2026-08-26 11:21:42.677822
PAY_002189,CUST_01174,1394.99,WALLET,,SUCCESS,2026-08-03 03:09:42.678742
PAY_002190,CUST_01719,8517.4,WALLET,,SUCCESS,2026-08-23 14:01:42.679375
PAY_002191,CUST_00558,1210.14,NETBANKING,,SUCCESS,2026-08-02 07:57:42.679964
PAY_002192,CUST_00727,321.56,UPI,NETWORK_ERROR,FAILED,2026-08-04 21:42:42.680535
PAY_002193,CUST_03894,1215.22,UPI,,SUCCESS,2026-08-13 10:53:42.681121
PAY_002194,CUST_01457,1584.36,UPI,,SUCCESS,2026-08-10 05:58:42.681690
PAY_002195,CUST_04654,1084.72,WALLET,,SUCCESS,2026-08-07 06:45:42.682268
PAY_002196,CUST_04549,1500.65,UPI,,SUCCESS,2026-08-20 03:25:42.682876
PAY_002197,CUST_02471,339.08,UPI,,SUCCESS,2026-08-19 02:20:42.683501
PAY_002198,CUST_00899,348.9,NETBANKING,,SUCCESS,2026-08-20 07:50:42.684106
PAY_002199,CUST_01845,666.78,WALLET,,SUCCESS,2026-08-17 05:24:42.684743
PAY_002200,CUST_04374,1261.59,NETBANKING,,SUCCESS,2026-07-28 13:36:42.685612
PAY_002201,CUST_04463,954.34,WALLET,,SUCCESS,2026-08-04 09:57:42.686214
PAY_002202,CUST_04300,591.82,NETBANKING,,SUCCESS,2026-08-11 04:50:42.686787
PAY_002203,CUST_01561,100.0,WALLET,,SUCCESS,2026-08-11 17:42:42.687369
PAY_002204,CUST_03154,1952.41,NETBANKING,,SUCCESS,2026-07-31 22:13:42.687950
PAY_002205,CUST_03561,836.4,UPI,,SUCCESS,2026-08-20 09:56:42.688637
PAY_002206,CUST_04882,1012.01,NETBANKING,BANK_TIMEOUT,FAILED,2026-08-16 17:28:42.689807
PAY_002207,CUST_02707,1150.13,NETBANKING,,SUCCESS,2026-08-13 12:47:42.690633
PAY_002208,CUST_03059,1800.05,CARD,,SUCCESS,2026-07-31 22:52:42.691254
PAY_002209,CUST_00505,2041.23,WALLET,,SUCCESS,2026-08-06 18:26:42.691844
PAY_002210,CUST_04548,1694.02,CARD,,SUCCESS,2026-08-20 22:28:42.692465
PAY_002211,CUST_01861,558.85,NETBANKING,NETWORK_ERROR,FAILED,2026-08-15 01:50:42.693369
PAY_002212,CUST_03375,236.21,UPI,,SUCCESS,2026-08-17 03:41:42.693980
PAY_002213,CUST_02139,1438.19,CARD,,SUCCESS,2026-07-31 04:44:42.694561
PAY_002214,CUST_03211,976.55,NETBANKING,AUTHENTICATION_FAILED,FAILED,2026-08-03 06:22:42.695152
PAY_002215,CUST_01240,1664.81,CARD,,SUCCESS,2026-08-11 02:54:42.695723
PAY_002216,CUST_03470,1054.63,NETBANKING,,SUCCESS,2026-08-02 23:15:42.696304
PAY_002217,CUST_03071,1125.42,WALLET,,SUCCESS,2026-07-28 06:40:42.696878
PAY_002218,CUST_04836,2095.79,WALLET,,SUCCESS,2026-08-18 19:18:42.697454
PAY_002219,CUST_04094,1172.03,WALLET,,SUCCESS,2026-08-26 03:20:42.698028
PAY_002220,CUST_01151,2358.6,UPI,,SUCCESS,2026-08-11 04:55:42.698596
PAY_002221,CUST_01410,1604.87,CARD,,SUCCESS,2026-08-16 13:52:42.699308
PAY_002222,CUST_00296,756.37,UPI,INSUFFICIENT_FUNDS,FAILED,2026-08-10 13:29:42.700167
PAY_002223,CUST_02473,2677.49,UPI,,SUCCESS,2026-08-02 22:24:42.700774
PAY_002224,CUST_03137,1351.1,CARD,,SUCCESS,2026-08-10 05:46:42.701359
PAY_002225,CUST_01783,1060.83,WALLET,,SUCCESS,2026-07-29 06:41:42.701930
PAY_002226,CUST_00564,1830.99,NETBANKING,AUTHENTICATION_FAILED,FAILED,2026-08-23 17:29:42.702506
PAY_002227,CUST_00184,1432.31,UPI,,SUCCESS,2026-08-24 05:44:42.703085
PAY_002228,CUST_00801,2015.13,CARD,,SUCCESS,2026-08-15 15:36:42.703654
PAY_002229,CUST_02663,508.0,CARD,,SUCCESS,2026-07-28 04:01:42.704234
PAY_002230,CUST_00820,5652.29,CARD,,SUCCESS,2026-08-06 00:44:42.704782
PAY_002231,CUST_02002,1037.62,NETBANKING,,SUCCESS,2026-08-01 15:58:42.705760
PAY_002232,CUST_04171,2507.78,CARD,,SUCCESS,2026-08-23 21:20:42.706959
PAY_002233,CUST_00387,2017.97,CARD,,SUCCESS,2026-08-03 00:06:42.707772
PAY_002234,CUST_04963,650.39,CARD,,SUCCESS,2026-08-16 10:17:42.708414
PAY_002235,CUST_04265,2701.12,WALLET,,SUCCESS,2026-08-05 15:46:42.708998
PAY_002236,CUST_01988,2024.47,UPI,,SUCCESS,2026-08-12 06:36:42.709571
PAY_002237,CUST_02267,1652.24,UPI,,SUCCESS,2026-08-17 20:20:42.710155
PAY_002238,CUST_00314,2684.2,WALLET,,SUCCESS,2026-08-22 23:48:42.710720
PAY_002239,CUST_03512,1256.21,UPI,,SUCCESS,2026-08-02 02:28:42.711297
PAY_002240,CUST_02658,835.05,WALLET,,SUCCESS,2026-08-13 03:14:42.711891
PAY_002241,CUST_01185,2384.64,WALLET,,SUCCESS,2026-08-21 17:04:42.712470
PAY_002242,CUST_00896,437.97,WALLET,,SUCCESS,2026-07-28 12:57:42.713101
PAY_002243,CUST_00389,1349.57,WALLET,BANK_TIMEOUT,FAILED,2026-08-15 07:54:42.713989
PAY_002244,CUST_03308,8008.69,NETBANKING,,SUCCESS,2026-08-04 08:49:42.714585
PAY_002245,CUST_02163,1520.62,NETBANKING,,SUCCESS,2026-08-03 16:47:42.715305
PAY_002246,CUST_03264,10349.37,NETBANKING,,SUCCESS,2026-07-28 10:03:42.715910
PAY_002247,CUST_01975,978.08,CARD,,SUCCESS,2026-08-11 06:15:42.716488
PAY_002248,CUST_03727,443.18,NETBANKING,NETWORK_ERROR,FAILED,2026-08-21 17:07:42.717085
PAY_002249,CUST_03993,2281.94,CARD,,SUCCESS,2026-08-04 14:18:42.717656
PAY_002250,CUST_02359,778.14,WALLET,NETWORK_ERROR,FAILED,2026-08-19 08:42:42.718239
PAY_002251,CUST_03573,1991.95,WALLET,,SUCCESS,2026-08-12 22:08:42.718851
PAY_002252,CUST_01158,1319.65,WALLET,,SUCCESS,2026-08-11 04:51:42.719430
PAY_002253,CUST_04669,2080.31,CARD,,SUCCESS,2026-08-17 23:25:42.720089
PAY_002254,CUST_02905,2206.45,CARD,,SUCCESS,2026-08-17 01:59:42.721032
PAY_002255,CUST_02345,1259.39,NETBANKING,,SUCCESS,2026-08-12 05:20:42.721653
PAY_002256,CUST_04030,4202.84,WALLET,,SUCCESS,2026-08-22 02:28:42.722749
PAY_002257,CUST_00202,742.71,CARD,,SUCCESS,2026-07-31 19:11:42.724101
PAY_002258,CUST_04916,413.38,NETBANKING,,SUCCESS,2026-08-19 16:03:42.724680
PAY_002259,CUST_01684,1189.5,WALLET,INSUFFICIENT_FUNDS,FAILED,2026-08-19 14:22:42.725330
PAY_002260,CUST_02168,822.22,CARD,,SUCCESS,2026-08-11 23:09:42.725854
PAY_002261,CUST_01989,1329.09,WALLET,,SUCCESS,2026-07-28 01:05:42.726393
PAY_002262,CUST_04953,614.85,WALLET,,SUCCESS,2026-08-14 12:38:42.726952
PAY_002263,CUST_00537,1286.68,NETBANKING,,SUCCESS,2026-08-05 07:21:42.727755
PAY_002264,CUST_00565,2046.31,NETBANKING,,SUCCESS,2026-08-09 21:52:42.728485
PAY_002265,CUST_03970,1723.84,NETBANKING,,SUCCESS,2026-08-10 16:17:42.729048
PAY_002266,CUST_03121,499.06,NETBANKING,,SUCCESS,2026-08-06 07:40:42.729562
PAY_002267,CUST_03465,598.89,WALLET,NETWORK_ERROR,FAILED,2026-08-26 12:41:42.730233
PAY_002268,CUST_01564,1354.2,WALLET,,SUCCESS,2026-08-24 06:28:42.730831
PAY_002269,CUST_04954,1724.04,NETBANKING,,SUCCESS,2026-07-28 09:30:42.731411
PAY_002270,CUST_02395,769.69,WALLET,,SUCCESS,2026-08-14 07:22:42.731999
PAY_002271,CUST_03656,1571.9,CARD,INSUFFICIENT_FUNDS,FAILED,2026-08-15 03:20:42.732571
PAY_002272,CUST_01059,1336.19,NETBANKING,,SUCCESS,2026-08-25 17:01:42.733143
PAY_002273,CUST_04521,1651.01,WALLET,,SUCCESS,2026-08-11 23:08:42.733720
PAY_002274,CUST_02259,1523.85,CARD,,SUCCESS,2026-08-17 00:04:42.734311
PAY_002275,CUST_03748,5240.79,WALLET,,SUCCESS,2026-08-14 07:38:42.735014
PAY_002276,CUST_03500,1590.47,CARD,,SUCCESS,2026-08-19 11:39:42.735734
PAY_002277,CUST_04578,355.9,WALLET,AUTHENTICATION_FAILED,FAILED,2026-08-05 09:39:42.736334
PAY_002278,CUST_04704,689.31,UPI,,SUCCESS,2026-08-09 00:49:42.736909
PAY_002279,CUST_00157,338.18,WALLET,,SUCCESS,2026-08-15 09:59:42.737478
PAY_002280,CUST_00357,1083.08,WALLET,BANK_TIMEOUT,FAILED,2026-08-22 04:05:42.738056
PAY_002281,CUST_01391,571.78,NETBANKING,BANK_DECLINED,FAILED,2026-08-02 07:21:42.738817
PAY_002282,CUST_00583,1342.29,NETBANKING,,SUCCESS,2026-08-21 17:36:42.739871
PAY_002283,CUST_00992,2031.14,UPI,,SUCCESS,2026-08-12 00:23:42.740588
PAY_002284,CUST_01339,4214.92,WALLET,,SUCCESS,2026-08-19 21:06:42.741174
PAY_002285,CUST_03095,1844.21,NETBANKING,,SUCCESS,2026-07-31 15:49:42.742108
PAY_002286,CUST_00189,2019.35,UPI,,SUCCESS,2026-08-06 20:11:42.742726
PAY_002287,CUST_01599,1566.96,NETBANKING,,SUCCESS,2026-08-01 10:50:42.743261
PAY_002288,CUST_03868,2346.28,NETBANKING,,SUCCESS,2026-08-25 19:00:42.743780
PAY_002289,CUST_02253,1488.51,UPI,,SUCCESS,2026-08-12 11:57:42.744301
PAY_002290,CUST_04871,4368.36,NETBANKING,,SUCCESS,2026-08-06 11:54:42.744811
PAY_002291,CUST_03999,4581.52,CARD,,SUCCESS,2026-08-18 09:45:42.745333
PAY_002292,CUST_00677,8404.38,CARD,,SUCCESS,2026-08-05 19:33:42.745921
PAY_002293,CUST_02152,615.35,CARD,,SUCCESS,2026-08-14 23:57:42.746697
PAY_002294,CUST_02518,9870.88,UPI,,SUCCESS,2026-08-20 09:40:42.747751
PAY_002295,CUST_01480,1850.8,WALLET,NETWORK_ERROR,FAILED,2026-08-08 18:00:42.748789
PAY_002296,CUST_03049,2378.0,UPI,,SUCCESS,2026-08-02 17:43:42.750035
PAY_002297,CUST_00961,1293.17,NETBANKING,BANK_TIMEOUT,FAILED,2026-08-01 00:58:42.751041
PAY_002298,CUST_00850,4731.42,UPI,,SUCCESS,2026-08-03 20:08:42.751947
PAY_002299,CUST_02906,1009.77,NETBANKING,,SUCCESS,2026-08-02 06:21:42.753157
PAY_002300,CUST_00518,1222.7,NETBANKING,,SUCCESS,2026-07-28 21:58:42.754333
PAY_002301,CUST_03788,1412.41,UPI,AUTHENTICATION_FAILED,FAILED,2026-08-22 14:14:42.756228
PAY_002302,CUST_03518,1460.58,UPI,,SUCCESS,2026-08-02 14:03:42.757428
PAY_002303,CUST_03130,1341.35,UPI,,SUCCESS,2026-07-31 16:00:42.758629
PAY_002304,CUST_04165,533.4,CARD,,SUCCESS,2026-08-23 11:03:42.759470
PAY_002305,CUST_00854,2074.68,WALLET,,SUCCESS,2026-08-14 04:28:42.760134
PAY_002306,CUST_03327,1518.52,CARD,,SUCCESS,2026-07-28 04:25:42.760765
PAY_002307,CUST_00329,1363.01,CARD,,SUCCESS,2026-07-28 07:16:42.761413
PAY_002308,CUST_01721,1050.0,WALLET,,SUCCESS,2026-08-02 18:28:42.762438
PAY_002309,CUST_02461,2528.4,WALLET,,SUCCESS,2026-08-25 19:25:42.763596
PAY_002310,CUST_02120,1367.63,NETBANKING,,SUCCESS,2026-08-26 11:56:42.764599
PAY_002311,CUST_01107,7920.57,WALLET,,SUCCESS,2026-08-25 22:16:42.765570
PAY_002312,CUST_01638,557.68,NETBANKING,NETWORK_ERROR,FAILED,2026-08-19 22:30:42.766540
PAY_002313,CUST_04862,1068.28,CARD,,SUCCESS,2026-07-31 04:35:42.767481
PAY_002314,CUST_03665,5168.5,NETBANKING,,SUCCESS,2026-08-02 13:23:42.768449
PAY_002315,CUST_00188,2123.01,CARD,,SUCCESS,2026-07-31 15:26:42.769433
PAY_002316,CUST_04034,1233.77,CARD,,SUCCESS,2026-08-18 04:36:42.770624
PAY_002317,CUST_04090,251.99,CARD,,SUCCESS,2026-08-12 17:56:42.771312
PAY_002318,CUST_04884,1993.33,UPI,,SUCCESS,2026-08-02 12:14:42.772075
PAY_002319,CUST_02412,1335.75,UPI,,SUCCESS,2026-08-20 23:48:42.772990
PAY_002320,CUST_00691,8671.92,UPI,,SUCCESS,2026-08-11 21:12:42.773684
PAY_002321,CUST_03223,489.66,CARD,,SUCCESS,2026-07-27 19:59:42.774555
PAY_002322,CUST_04009,898.54,NETBANKING,,SUCCESS,2026-08-19 08:31:42.775290
PAY_002323,CUST_03496,1188.65,NETBANKING,,SUCCESS,2026-08-16 04:24:42.775892
PAY_002324,CUST_01606,2683.4,CARD,,SUCCESS,2026-08-10 14:45:42.776598
PAY_002325,CUST_01987,918.3,WALLET,BANK_TIMEOUT,FAILED,2026-08-09 17:09:42.777566
PAY_002326,CUST_01719,9028.52,CARD,NETWORK_ERROR,FAILED,2026-08-24 13:07:42.778883
PAY_002327,CUST_04431,1334.9,WALLET,,SUCCESS,2026-08-17 17:55:42.780090
PAY_002328,CUST_01992,699.95,WALLET,,SUCCESS,2026-07-30 22:12:42.781116
PAY_002329,CUST_00363,1572.16,UPI,,SUCCESS,2026-08-18 19:37:42.781800
PAY_002330,CUST_02396,1781.44,UPI,,SUCCESS,2026-08-19 08:58:42.782698
PAY_002331,CUST_03358,1420.74,UPI,,SUCCESS,2026-08-04 12:38:42.783694
PAY_002332,CUST_01061,802.02,NETBANKING,,SUCCESS,2026-08-12 08:45:42.784661
PAY_002333,CUST_02722,1781.78,CARD,,SUCCESS,2026-08-22 15:42:42.785285
PAY_002334,CUST_00150,1084.51,NETBANKING,,SUCCESS,2026-08-05 00:48:42.785879
PAY_002335,CUST_02836,1796.45,UPI,,SUCCESS,2026-08-05 23:46:42.786458
PAY_002336,CUST_03675,2078.61,WALLET,NETWORK_ERROR,FAILED,2026-08-08 13:38:42.787024
PAY_002337,CUST_00651,1922.61,UPI,,SUCCESS,2026-08-10 15:28:42.787596
PAY_002338,CUST_02557,1652.82,NETBANKING,,SUCCESS,2026-08-23 19:33:42.788175
PAY_002339,CUST_01436,7810.32,NETBANKING,,SUCCESS,2026-08-16 08:21:42.789073
PAY_002340,CUST_03168,1883.56,UPI,,SUCCESS,2026-07-28 04:26:42.789929
PAY_002341,CUST_02416,948.6,WALLET,,SUCCESS,2026-08-05 08:01:42.790806
PAY_002342,CUST_03903,1585.58,NETBANKING,BANK_DECLINED,FAILED,2026-08-24 17:19:42.791533
PAY_002343,CUST_01797,712.78,CARD,INSUFFICIENT_FUNDS,FAILED,2026-08-01 02:12:42.792151
PAY_002344,CUST_01678,2390.52,CARD,INSUFFICIENT_FUNDS,FAILED,2026-08-05 09:43:42.792723
PAY_002345,CUST_04078,1728.78,UPI,,SUCCESS,2026-07-30 15:40:42.793290
PAY_002346,CUST_03078,1646.88,NETBANKING,,SUCCESS,2026-08-09 20:53:42.793904
PAY_002347,CUST_02109,1196.53,CARD,,SUCCESS,2026-08-07 16:57:42.794498
PAY_002348,CUST_04167,444.9,CARD,INSUFFICIENT_FUNDS,FAILED,2026-08-10 04:07:42.795069
PAY_002349,CUST_04226,1013.61,UPI,,SUCCESS,2026-08-19 09:31:42.795646
PAY_002350,CUST_04003,1316.3,CARD,BANK_DECLINED,FAILED,2026-08-08 09:59:42.796217
PAY_002351,CUST_00861,1896.5,NETBANKING,,SUCCESS,2026-07-29 11:35:42.796795
PAY_002352,CUST_04602,2814.19,UPI,,SUCCESS,2026-08-11 16:42:42.797416
PAY_002353,CUST_01998,873.06,WALLET,BANK_TIMEOUT,FAILED,2026-08-20 05:13:42.798161
PAY_002354,CUST_02640,1995.93,UPI,,SUCCESS,2026-08-02 05:37:42.798783
PAY_002355,CUST_03258,6805.45,CARD,,SUCCESS,2026-08-19 14:07:42.799364
PAY_002356,CUST_02996,1336.2,NETBANKING,INSUFFICIENT_FUNDS,FAILED,2026-08-22 14:15:42.799946
PAY_002357,CUST_02136,1949.6,UPI,,SUCCESS,2026-08-21 16:06:42.800506
PAY_002358,CUST_00281,6638.0,WALLET,,SUCCESS,2026-08-07 21:30:42.801073
PAY_002359,CUST_00542,1750.02,WALLET,,SUCCESS,2026-08-20 16:04:42.801651
PAY_002360,CUST_00319,1739.44,UPI,,SUCCESS,2026-08-12 14:43:42.802220
PAY_002361,CUST_01989,1196.3,NETBANKING,,SUCCESS,2026-08-20 22:51:42.802788
PAY_002362,CUST_00820,4904.08,NETBANKING,,SUCCESS,2026-07-29 20:39:42.803342
PAY_002363,CUST_01634,2164.88,UPI,,SUCCESS,2026-08-05 01:00:42.803949
PAY_002364,CUST_00125,1416.32,CARD,,SUCCESS,2026-08-21 01:26:42.804632
PAY_002365,CUST_00931,1189.01,CARD,,SUCCESS,2026-08-20 07:07:42.805856
PAY_002366,CUST_01013,1141.97,UPI,,SUCCESS,2026-08-22 11:20:42.806500
PAY_002367,CUST_00685,1688.94,NETBANKING,,SUCCESS,2026-07-29 19:07:42.807182
PAY_002368,CUST_04282,832.95,CARD,BANK_DECLINED,FAILED,2026-08-18 09:13:42.807810
PAY_002369,CUST_04020,1545.26,NETBANKING,,SUCCESS,2026-08-11 19:56:42.808396
PAY_002370,CUST_04340,1593.0,WALLET,,SUCCESS,2026-07-30 21:35:42.809146
PAY_002371,CUST_03831,2017.97,NETBANKING,,SUCCESS,2026-08-20 19:01:42.809907
PAY_002372,CUST_02143,860.87,NETBANKING,INSUFFICIENT_FUNDS,FAILED,2026-07-31 10:03:42.810446
PAY_002373,CUST_00899,801.13,UPI,,SUCCESS,2026-08-09 06:19:42.810982
PAY_002374,CUST_02065,2153.65,CARD,,SUCCESS,2026-08-18 11:54:42.811558
PAY_002375,CUST_04574,272.4,UPI,INSUFFICIENT_FUNDS,FAILED,2026-08-19 10:03:42.812108
PAY_002376,CUST_03112,1100.74,UPI,,SUCCESS,2026-07-31 18:00:42.812974
PAY_002377,CUST_03684,1458.53,NETBANKING,,SUCCESS,2026-08-18 05:48:42.813568
PAY_002378,CUST_03801,1906.87,WALLET,,SUCCESS,2026-08-06 05:03:42.814100
PAY_002379,CUST_02255,1728.76,WALLET,,SUCCESS,2026-07-29 12:14:42.814620
PAY_002380,CUST_02347,1889.45,WALLET,,SUCCESS,2026-08-21 10:11:42.815136
PAY_002381,CUST_04515,1233.43,NETBANKING,,SUCCESS,2026-08-11 10:30:42.815657
PAY_002382,CUST_04915,1653.89,CARD,,SUCCESS,2026-08-15 04:02:42.816187
PAY_002383,CUST_02375,971.22,WALLET,,SUCCESS,2026-08-01 19:20:42.816705
PAY_002384,CUST_01720,8663.27,UPI,,SUCCESS,2026-08-11 04:55:42.817232
PAY_002385,CUST_00981,1323.21,NETBANKING,,SUCCESS,2026-08-23 21:56:42.817750
PAY_002386,CUST_00803,1042.26,WALLET,,SUCCESS,2026-07-28 13:19:42.818294
PAY_002387,CUST_01352,1628.78,CARD,BANK_TIMEOUT,FAILED,2026-08-16 10:48:42.818845
PAY_002388,CUST_02459,807.34,UPI,,SUCCESS,2026-08-21 07:30:42.819683
PAY_002389,CUST_01006,1342.2,NETBANKING,,SUCCESS,2026-08-21 00:55:42.820473
PAY_002390,CUST_02645,770.33,NETBANKING,,SUCCESS,2026-08-06 04:33:42.821014
PAY_002391,CUST_01137,1032.52,UPI,,SUCCESS,2026-08-03 19:35:42.821534
PAY_002392,CUST_00695,11070.22,CARD,,SUCCESS,2026-08-20 08:05:42.822343
PAY_002393,CUST_03047,1597.84,CARD,,SUCCESS,2026-08-26 00:37:42.823177
PAY_002394,CUST_02091,1518.63,NETBANKING,,SUCCESS,2026-08-02 20:48:42.824185
PAY_002395,CUST_03697,1550.21,CARD,,SUCCESS,2026-08-01 04:03:42.824787
PAY_002396,CUST_03868,2006.53,UPI,,SUCCESS,2026-08-02 12:32:42.825418
PAY_002397,CUST_02385,1027.65,CARD,,SUCCESS,2026-08-02 15:01:42.826135
PAY_002398,CUST_01178,902.16,CARD,,SUCCESS,2026-08-22 05:30:42.826841
PAY_002399,CUST_04908,1202.95,CARD,,SUCCESS,2026-08-19 20:48:42.827435
PAY_002400,CUST_01083,461.38,WALLET,,SUCCESS,2026-08-17 14:01:42.828011
PAY_002401,CUST_01603,1863.47,WALLET,,SUCCESS,2026-08-13 07:01:42.828576
PAY_002402,CUST_03262,2219.21,WALLET,,SUCCESS,2026-08-05 02:22:42.829164
PAY_002403,CUST_02805,853.36,CARD,,SUCCESS,2026-08-13 03:12:42.829728
PAY_002404,CUST_04002,1316.46,NETBANKING,AUTHENTICATION_FAILED,FAILED,2026-08-12 14:31:42.830293
PAY_002405,CUST_03257,1579.73,UPI,,SUCCESS,2026-08-24 02:11:42.830875
PAY_002406,CUST_03809,1797.83,CARD,,SUCCESS,2026-08-20 05:49:42.831442
PAY_002407,CUST_03173,1904.3,CARD,,SUCCESS,2026-08-15 18:02:42.832020
PAY_002408,CUST_02810,1731.47,CARD,,SUCCESS,2026-07-28 09:11:42.832644
PAY_002409,CUST_02726,1170.58,CARD,,SUCCESS,2026-08-15 11:22:42.833448
PAY_002410,CUST_03951,1942.21,UPI,,SUCCESS,2026-08-16 11:41:42.834394
PAY_002411,CUST_01893,8400.15,NETBANKING,,SUCCESS,2026-08-20 09:29:42.835020
PAY_002412,CUST_02833,100.0,UPI,,SUCCESS,2026-07-31 02:53:42.835626
PAY_002413,CUST_01887,1357.2,CARD,,SUCCESS,2026-08-17 10:03:42.836198
PAY_002414,CUST_04991,874.53,NETBANKING,,SUCCESS,2026-08-11 21:11:42.836769
PAY_002415,CUST_02189,1330.53,UPI,AUTHENTICATION_FAILED,FAILED,2026-08-12 15:00:42.837354
PAY_002416,CUST_04764,753.67,WALLET,,SUCCESS,2026-08-16 05:16:42.837924
PAY_002417,CUST_02885,7173.68,NETBANKING,,SUCCESS,2026-08-21 02:29:42.838583
PAY_002418,CUST_01912,782.52,WALLET,,SUCCESS,2026-08-19 19:01:42.839552
PAY_002419,CUST_01885,200.45,NETBANKING,BANK_DECLINED,FAILED,2026-08-24 22:07:42.841208
PAY_002420,CUST_00412,8266.17,NETBANKING,,SUCCESS,2026-08-21 15:38:42.841965
PAY_002421,CUST_04976,1607.33,WALLET,,SUCCESS,2026-07-31 03:55:42.842522
PAY_002422,CUST_01108,1121.74,WALLET,BANK_DECLINED,FAILED,2026-08-16 13:31:42.843135
PAY_002423,CUST_00236,1737.26,UPI,,SUCCESS,2026-07-30 07:54:42.843649
PAY_002424,CUST_04417,1756.32,NETBANKING,,SUCCESS,2026-08-15 19:19:42.844169
PAY_002425,CUST_00807,1159.09,WALLET,,SUCCESS,2026-08-07 02:30:42.844683
PAY_002426,CUST_02054,1108.66,UPI,,SUCCESS,2026-08-14 00:49:42.845206
PAY_002427,CUST_02365,1109.51,NETBANKING,,SUCCESS,2026-08-15 07:59:42.845717
PAY_002428,CUST_00262,1130.29,NETBANKING,,SUCCESS,2026-08-07 16:31:42.846288
PAY_002429,CUST_00796,8157.1,NETBANKING,,SUCCESS,2026-08-10 13:18:42.846837
PAY_002430,CUST_03736,1090.96,UPI,NETWORK_ERROR,FAILED,2026-08-15 17:44:42.847686
PAY_002431,CUST_03984,1877.29,CARD,,SUCCESS,2026-07-30 21:15:42.848319
PAY_002432,CUST_02324,1910.26,NETBANKING,,SUCCESS,2026-08-22 01:19:42.848829
PAY_002433,CUST_03506,1910.12,WALLET,,SUCCESS,2026-08-01 06:28:42.849353
PAY_002434,CUST_00101,1856.56,WALLET,,SUCCESS,2026-07-30 04:17:42.849894
PAY_002435,CUST_04974,1109.36,WALLET,,SUCCESS,2026-08-24 20:53:42.850434
PAY_002436,CUST_04569,1195.25,UPI,,SUCCESS,2026-07-31 14:08:42.850951
PAY_002437,CUST_00680,1682.28,CARD,,SUCCESS,2026-08-10 08:54:42.851465
PAY_002438,CUST_02399,808.12,WALLET,,SUCCESS,2026-08-08 20:48:42.851993
PAY_002439,CUST_04413,7794.74,UPI,,SUCCESS,2026-08-10 23:32:42.852530
PAY_002440,CUST_00213,1727.9,WALLET,,SUCCESS,2026-08-05 19:37:42.853045
PAY_002441,CUST_03758,2069.52,UPI,,SUCCESS,2026-08-08 15:24:42.853557
PAY_002442,CUST_04268,1973.88,WALLET,,SUCCESS,2026-08-25 14:52:42.854128
PAY_002443,CUST_01971,820.22,CARD,,SUCCESS,2026-08-25 16:30:42.854731
PAY_002444,CUST_04812,1392.05,NETBANKING,,SUCCESS,2026-08-22 06:57:42.856354
PAY_002445,CUST_03699,100.0,WALLET,,SUCCESS,2026-08-25 11:53:42.857366
PAY_002446,CUST_02350,1228.73,NETBANKING,,SUCCESS,2026-08-10 11:12:42.857975
PAY_002447,CUST_00882,1669.55,NETBANKING,,SUCCESS,2026-08-10 17:59:42.858500
PAY_002448,CUST_00848,998.08,CARD,,SUCCESS,2026-08-14 04:43:42.859019
PAY_002449,CUST_01525,2519.83,UPI,,SUCCESS,2026-08-12 00:25:42.859534
PAY_002450,CUST_03086,480.9,NETBANKING,,SUCCESS,2026-08-19 11:28:42.860065
PAY_002451,CUST_03698,1871.49,NETBANKING,,SUCCESS,2026-08-08 12:32:42.860648
PAY_002452,CUST_02062,6313.5,CARD,,SUCCESS,2026-08-04 00:55:42.861421
PAY_002453,CUST_01329,667.42,NETBANKING,,SUCCESS,2026-08-10 18:37:42.862393
PAY_002454,CUST_01833,462.94,CARD,,SUCCESS,2026-08-12 09:08:42.863018
PAY_002455,CUST_03180,601.31,UPI,,SUCCESS,2026-08-22 16:06:42.863629
PAY_002456,CUST_04274,1370.88,NETBANKING,,SUCCESS,2026-07-29 11:42:42.864216
PAY_002457,CUST_04956,748.0,CARD,,SUCCESS,2026-08-09 08:52:42.864788
PAY_002458,CUST_00814,823.14,WALLET,,SUCCESS,2026-08-10 19:56:42.865360
PAY_002459,CUST_03662,548.3,WALLET,BANK_DECLINED,FAILED,2026-08-19 12:58:42.865944
PAY_002460,CUST_04503,592.09,NETBANKING,,SUCCESS,2026-08-26 01:29:42.866515
PAY_002461,CUST_00333,6449.12,NETBANKING,,SUCCESS,2026-08-03 18:03:42.867083
PAY_002462,CUST_00723,1942.31,NETBANKING,,SUCCESS,2026-08-01 07:18:42.867674
PAY_002463,CUST_04148,387.72,WALLET,,SUCCESS,2026-07-29 15:20:42.868361
PAY_002464,CUST_00960,1340.41,CARD,,SUCCESS,2026-08-22 12:54:42.869064
PAY_002465,CUST_03697,1685.23,WALLET,,SUCCESS,2026-08-14 19:12:42.869664
PAY_002466,CUST_00647,1099.42,NETBANKING,AUTHENTICATION_FAILED,FAILED,2026-08-10 16:26:42.870264
PAY_002467,CUST_02596,830.23,WALLET,,SUCCESS,2026-08-22 01:41:42.870839
PAY_002468,CUST_02040,1252.81,NETBANKING,,SUCCESS,2026-07-29 20:51:42.871562
PAY_002469,CUST_00126,1361.0,UPI,,SUCCESS,2026-08-12 01:10:42.872502
PAY_002470,CUST_02711,1409.13,WALLET,,SUCCESS,2026-08-24 22:20:42.873304
PAY_002471,CUST_02029,1547.83,CARD,,SUCCESS,2026-08-14 07:50:42.874058
PAY_002472,CUST_03936,1194.05,CARD,INSUFFICIENT_FUNDS,FAILED,2026-08-15 14:53:42.874654
PAY_002473,CUST_03017,850.22,WALLET,,SUCCESS,2026-07-28 07:12:42.875359
PAY_002474,CUST_02818,1770.63,CARD,,SUCCESS,2026-08-26 05:19:42.876119
PAY_002475,CUST_04134,609.13,UPI,,SUCCESS,2026-07-29 22:10:42.876839
PAY_002476,CUST_00105,1257.6,WALLET,,SUCCESS,2026-08-07 22:06:42.877508
PAY_002477,CUST_03984,1261.25,CARD,,SUCCESS,2026-08-08 00:30:42.878092
PAY_002478,CUST_02088,965.1,WALLET,,SUCCESS,2026-07-29 05:45:42.878672
PAY_002479,CUST_02550,1362.35,WALLET,,SUCCESS,2026-08-14 21:15:42.879242
PAY_002480,CUST_03731,1517.05,NETBANKING,,SUCCESS,2026-08-14 19:00:42.879827
PAY_002481,CUST_03933,1262.59,NETBANKING,,SUCCESS,2026-08-16 02:31:42.880400
PAY_002482,CUST_00859,1599.91,NETBANKING,,SUCCESS,2026-08-23 06:44:42.880967
PAY_002483,CUST_02680,6190.04,CARD,,SUCCESS,2026-08-12 03:32:42.881565
PAY_002484,CUST_00240,835.59,CARD,,SUCCESS,2026-08-02 06:56:42.882248
PAY_002485,CUST_04642,1307.39,UPI,,SUCCESS,2026-08-03 16:36:42.882960
PAY_002486,CUST_04905,8954.58,NETBANKING,,SUCCESS,2026-08-22 00:24:42.883566
PAY_002487,CUST_03894,1809.52,CARD,,SUCCESS,2026-08-10 22:24:42.884141
PAY_002488,CUST_03750,9154.81,CARD,,SUCCESS,2026-08-05 14:39:42.884713
PAY_002489,CUST_01404,7342.21,UPI,,SUCCESS,2026-08-05 20:10:42.885303
PAY_002490,CUST_01560,1697.57,WALLET,,SUCCESS,2026-07-30 21:17:42.885921
PAY_002491,CUST_01924,1208.32,CARD,,SUCCESS,2026-08-25 18:43:42.886514
PAY_002492,CUST_02732,1952.21,UPI,,SUCCESS,2026-08-10 23:12:42.887087
PAY_002493,CUST_03367,894.35,CARD,,SUCCESS,2026-08-23 21:13:42.887670
PAY_002494,CUST_02044,7729.59,UPI,,SUCCESS,2026-08-14 05:19:42.888234
PAY_002495,CUST_02996,1963.61,UPI,,SUCCESS,2026-07-30 13:59:42.889315
PAY_002496,CUST_01326,1733.44,CARD,,SUCCESS,2026-08-08 18:04:42.890477
PAY_002497,CUST_03880,305.76,WALLET,,SUCCESS,2026-08-12 16:28:42.891307
PAY_002498,CUST_01256,1093.63,NETBANKING,,SUCCESS,2026-08-11 17:51:42.891888
PAY_002499,CUST_02639,1976.51,WALLET,,SUCCESS,2026-08-20 05:20:42.892482
PAY_002500,CUST_02844,916.59,NETBANKING,,SUCCESS,2026-08-26 11:28:42.893008
PAY_002501,CUST_02295,2085.42,UPI,,SUCCESS,2026-08-10 11:28:42.893523
PAY_002502,CUST_02302,2060.74,UPI,,SUCCESS,2026-07-29 20:23:42.894046
PAY_002503,CUST_03379,1924.28,WALLET,INSUFFICIENT_FUNDS,FAILED,2026-08-17 22:18:42.894562
PAY_002504,CUST_00732,779.27,CARD,,SUCCESS,2026-08-18 12:55:42.895082
PAY_002505,CUST_00599,1922.59,WALLET,BANK_TIMEOUT,FAILED,2026-08-11 16:28:42.895596
PAY_002506,CUST_03601,2225.06,WALLET,AUTHENTICATION_FAILED,FAILED,2026-08-09 03:41:42.896219
PAY_002507,CUST_03023,1619.62,WALLET,,SUCCESS,2026-08-05 04:42:42.896761
PAY_002508,CUST_00558,1288.35,NETBANKING,INSUFFICIENT_FUNDS,FAILED,2026-08-22 10:10:42.897672
PAY_002509,CUST_03567,1116.38,CARD,,SUCCESS,2026-08-07 04:48:42.898293
PAY_002510,CUST_00003,1390.46,WALLET,,SUCCESS,2026-08-22 15:46:42.898814
PAY_002511,CUST_01342,1256.47,WALLET,,SUCCESS,2026-08-17 15:46:42.899338
PAY_002512,CUST_03420,176.08,UPI,,SUCCESS,2026-08-11 07:49:42.899883
PAY_002513,CUST_04453,1159.49,UPI,,SUCCESS,2026-08-02 22:40:42.900407
PAY_002514,CUST_03117,1082.98,UPI,,SUCCESS,2026-08-01 10:21:42.900923
PAY_002515,CUST_01503,633.16,NETBANKING,,SUCCESS,2026-08-22 10:34:42.901438
PAY_002516,CUST_04688,1752.13,UPI,,SUCCESS,2026-08-26 13:47:42.902065
PAY_002517,CUST_01067,460.75,NETBANKING,,SUCCESS,2026-08-25 12:40:42.902667
PAY_002518,CUST_04235,1590.71,NETBANKING,,SUCCESS,2026-08-23 15:05:42.903235
PAY_002519,CUST_01794,1097.86,CARD,,SUCCESS,2026-07-28 19:40:42.904144
PAY_002520,CUST_03767,1601.97,CARD,,SUCCESS,2026-08-02 10:17:42.904707
PAY_002521,CUST_01467,2046.83,NETBANKING,,SUCCESS,2026-08-22 08:58:42.905456
PAY_002522,CUST_01696,1723.16,CARD,,SUCCESS,2026-07-30 11:49:42.906260
PAY_002523,CUST_00519,2376.42,CARD,,SUCCESS,2026-08-06 17:31:42.907112
PAY_002524,CUST_01019,1454.24,CARD,,SUCCESS,2026-08-03 16:44:42.907703
PAY_002525,CUST_04980,2019.2,WALLET,,SUCCESS,2026-08-25 09:44:42.908273
PAY_002526,CUST_03741,1228.32,UPI,,SUCCESS,2026-08-12 14:27:42.908846
PAY_002527,CUST_03674,2238.99,UPI,,SUCCESS,2026-08-10 21:37:42.909436
PAY_002528,CUST_03234,2371.32,CARD,,SUCCESS,2026-08-22 05:57:42.910015
PAY_002529,CUST_00365,1857.54,CARD,,SUCCESS,2026-07-29 21:06:42.910705
PAY_002530,CUST_01137,895.48,WALLET,,SUCCESS,2026-07-27 19:38:42.911507
PAY_002531,CUST_01260,100.94,WALLET,,SUCCESS,2026-08-06 09:37:42.912171
PAY_002532,CUST_02260,521.98,UPI,,SUCCESS,2026-08-11 09:19:42.912782
PAY_002533,CUST_00242,1322.56,CARD,,SUCCESS,2026-08-15 21:20:42.913372
PAY_002534,CUST_01719,8471.4,WALLET,,SUCCESS,2026-08-18 05:09:42.913939
PAY_002535,CUST_04098,1953.97,UPI,,SUCCESS,2026-08-10 11:30:42.914513
PAY_002536,CUST_03980,1958.91,WALLET,,SUCCESS,2026-07-30 21:12:42.915084
PAY_002537,CUST_04182,2239.6,UPI,,SUCCESS,2026-07-27 23:39:42.915649
PAY_002538,CUST_04130,928.19,WALLET,AUTHENTICATION_FAILED,FAILED,2026-07-28 12:20:42.916220
PAY_002539,CUST_02116,554.0,NETBANKING,,SUCCESS,2026-08-20 14:54:42.916798
PAY_002540,CUST_03001,1181.01,CARD,,SUCCESS,2026-08-13 10:53:42.917736
PAY_002541,CUST_01727,1090.13,WALLET,,SUCCESS,2026-08-08 09:20:42.918664
PAY_002542,CUST_00134,669.36,UPI,,SUCCESS,2026-08-04 11:09:42.919279
PAY_002543,CUST_02772,1717.34,UPI,BANK_DECLINED,FAILED,2026-08-01 05:50:42.919848
PAY_002544,CUST_03486,899.31,WALLET,,SUCCESS,2026-08-12 20:45:42.920419
PAY_002545,CUST_01489,1273.35,NETBANKING,,SUCCESS,2026-08-24 06:40:42.920982
PAY_002546,CUST_01066,1884.69,UPI,,SUCCESS,2026-08-18 05:27:42.921563
PAY_002547,CUST_00849,11818.2,NETBANKING,,SUCCESS,2026-07-31 01:12:42.922480
PAY_002548,CUST_03193,7617.81,CARD,,SUCCESS,2026-07-28 14:48:42.923270
PAY_002549,CUST_02638,967.76,UPI,,SUCCESS,2026-08-02 11:17:42.924032
PAY_002550,CUST_01143,2609.06,NETBANKING,NETWORK_ERROR,FAILED,2026-08-18 05:16:42.924809
PAY_002551,CUST_02648,7887.49,UPI,,SUCCESS,2026-08-07 01:03:42.925510
PAY_002552,CUST_00606,1351.73,CARD,,SUCCESS,2026-08-03 15:11:42.926091
PAY_002553,CUST_02992,1392.74,UPI,,SUCCESS,2026-08-17 00:35:42.926667
PAY_002554,CUST_04664,2102.04,CARD,,SUCCESS,2026-08-16 16:52:42.927247
PAY_002555,CUST_04138,7185.59,UPI,,SUCCESS,2026-08-17 12:29:42.927820
PAY_002556,CUST_04695,1559.61,UPI,,SUCCESS,2026-08-24 17:28:42.928387
PAY_002557,CUST_01140,989.68,CARD,,SUCCESS,2026-08-21 11:49:42.928970
PAY_002558,CUST_01600,1391.95,UPI,,SUCCESS,2026-08-15 20:18:42.929544
PAY_002559,CUST_04280,2182.79,NETBANKING,,SUCCESS,2026-08-18 17:29:42.930141
PAY_002560,CUST_01467,1986.08,CARD,,SUCCESS,2026-08-09 20:47:42.930708
PAY_002561,CUST_03561,672.43,WALLET,,SUCCESS,2026-08-24 17:59:42.931294
PAY_002562,CUST_01295,1064.05,CARD,,SUCCESS,2026-07-29 11:45:42.931930
PAY_002563,CUST_01060,622.93,WALLET,,SUCCESS,2026-07-31 19:42:42.932665
PAY_002564,CUST_03629,1720.1,NETBANKING,,SUCCESS,2026-08-17 11:06:42.933632
PAY_002565,CUST_00263,160.66,NETBANKING,,SUCCESS,2026-08-08 03:55:42.934538
PAY_002566,CUST_03264,10131.32,WALLET,,SUCCESS,2026-08-07 23:04:42.935440
PAY_002567,CUST_00154,1094.37,CARD,,SUCCESS,2026-08-04 13:37:42.936017
PAY_002568,CUST_01328,721.53,UPI,,SUCCESS,2026-07-29 06:32:42.936588
PAY_002569,CUST_00023,1255.83,UPI,,SUCCESS,2026-08-06 08:18:42.937170
PAY_002570,CUST_00387,1918.06,CARD,,SUCCESS,2026-08-23 13:51:42.937738
PAY_002571,CUST_02756,1511.21,UPI,,SUCCESS,2026-08-19 13:17:42.938314
PAY_002572,CUST_01998,1189.13,WALLET,,SUCCESS,2026-08-23 18:14:42.939429
PAY_002573,CUST_03706,1864.33,NETBANKING,,SUCCESS,2026-08-19 04:04:42.940078
PAY_002574,CUST_03836,439.8,NETBANKING,,SUCCESS,2026-08-08 15:56:42.940676
PAY_002575,CUST_03071,1521.49,NETBANKING,,SUCCESS,2026-08-13 19:54:42.941244
PAY_002576,CUST_00516,1337.64,NETBANKING,,SUCCESS,2026-08-21 20:22:42.941800
PAY_002577,CUST_02885,7316.06,WALLET,,SUCCESS,2026-08-17 14:06:42.942379
PAY_002578,CUST_03746,1468.63,WALLET,,SUCCESS,2026-08-17 15:34:42.942961
PAY_002579,CUST_01319,980.41,UPI,,SUCCESS,2026-08-05 10:39:42.943530
PAY_002580,CUST_04091,2164.86,UPI,,SUCCESS,2026-08-16 09:08:42.944085
PAY_002581,CUST_02803,2916.38,WALLET,INSUFFICIENT_FUNDS,FAILED,2026-08-22 23:33:42.944661
PAY_002582,CUST_00978,1611.77,UPI,,SUCCESS,2026-08-15 18:49:42.945251
PAY_002583,CUST_03074,1406.31,NETBANKING,,SUCCESS,2026-08-06 20:21:42.945945
PAY_002584,CUST_01112,1051.42,WALLET,,SUCCESS,2026-07-30 14:47:42.946666
PAY_002585,CUST_04213,765.06,CARD,,SUCCESS,2026-08-17 05:02:42.947251
PAY_002586,CUST_00030,661.48,UPI,,SUCCESS,2026-07-31 21:36:42.947821
PAY_002587,CUST_03563,8158.64,CARD,BANK_DECLINED,FAILED,2026-08-15 08:56:42.948429
PAY_002588,CUST_02293,4708.78,NETBANKING,,SUCCESS,2026-08-05 18:13:42.949009
PAY_002589,CUST_01187,2063.22,UPI,NETWORK_ERROR,FAILED,2026-08-09 11:47:42.949573
PAY_002590,CUST_02962,6220.71,NETBANKING,,SUCCESS,2026-08-03 18:38:42.950134
PAY_002591,CUST_02851,2097.01,CARD,,SUCCESS,2026-07-29 05:47:42.950711
PAY_002592,CUST_04409,1098.79,WALLET,,SUCCESS,2026-08-25 15:14:42.951274
PAY_002593,CUST_01109,1115.86,UPI,,SUCCESS,2026-08-15 14:25:42.951842
PAY_002594,CUST_02838,2138.81,NETBANKING,,SUCCESS,2026-08-01 10:39:42.952415
PAY_002595,CUST_00268,822.06,NETBANKING,BANK_TIMEOUT,FAILED,2026-08-21 17:14:42.953138
PAY_002596,CUST_02810,1181.84,WALLET,,SUCCESS,2026-08-03 05:02:42.953823
PAY_002597,CUST_02704,1666.35,CARD,,SUCCESS,2026-08-12 03:32:42.954414
PAY_002598,CUST_03959,1632.54,CARD,,SUCCESS,2026-08-22 01:30:42.954999
PAY_002599,CUST_03960,1465.31,UPI,,SUCCESS,2026-08-09 10:29:42.955828
PAY_002600,CUST_01870,2798.82,UPI,NETWORK_ERROR,FAILED,2026-07-31 23:37:42.956389
PAY_002601,CUST_03957,1564.66,CARD,,SUCCESS,2026-07-29 04:37:42.956919
PAY_002602,CUST_03114,1095.71,UPI,BANK_TIMEOUT,FAILED,2026-07-28 06:09:42.957440
PAY_002603,CUST_03658,780.3,WALLET,,SUCCESS,2026-07-31 18:39:42.957960
PAY_002604,CUST_01997,698.08,NETBANKING,,SUCCESS,2026-07-29 17:59:42.958484
PAY_002605,CUST_04292,2510.69,CARD,,SUCCESS,2026-08-04 11:03:42.959051
PAY_002606,CUST_04783,100.0,NETBANKING,,SUCCESS,2026-07-28 19:26:42.959639
PAY_002607,CUST_01392,1580.92,CARD,,SUCCESS,2026-08-06 02:45:42.960203
PAY_002608,CUST_01471,1742.14,NETBANKING,,SUCCESS,2026-08-16 14:23:42.960719
PAY_002609,CUST_04292,2522.6,CARD,,SUCCESS,2026-08-09 02:35:42.961237
PAY_002610,CUST_00837,563.08,CARD,,SUCCESS,2026-08-10 00:50:42.961751
PAY_002611,CUST_03450,2939.1,WALLET,,SUCCESS,2026-08-13 03:21:42.962269
PAY_002612,CUST_04078,1585.95,WALLET,,SUCCESS,2026-08-08 02:38:42.962780
PAY_002613,CUST_00177,1424.87,CARD,,SUCCESS,2026-08-08 11:32:42.963298
PAY_002614,CUST_04698,1783.43,NETBANKING,,SUCCESS,2026-08-17 07:34:42.963916
PAY_002615,CUST_01235,781.05,WALLET,,SUCCESS,2026-08-07 18:36:42.964603
PAY_002616,CUST_01679,1043.59,WALLET,,SUCCESS,2026-08-06 14:02:42.965179
PAY_002617,CUST_04564,561.65,WALLET,,SUCCESS,2026-08-10 05:46:42.965699
PAY_002618,CUST_00680,2051.58,WALLET,,SUCCESS,2026-08-20 17:29:42.966219
PAY_002619,CUST_04903,358.36,CARD,,SUCCESS,2026-08-15 14:10:42.966798
PAY_002620,CUST_03944,4093.75,CARD,,SUCCESS,2026-07-31 22:03:42.967405
PAY_002621,CUST_00498,1484.06,NETBANKING,,SUCCESS,2026-08-05 16:45:42.968327
PAY_002622,CUST_02608,612.82,WALLET,,SUCCESS,2026-08-09 17:29:42.968903
PAY_002623,CUST_03532,338.97,CARD,,SUCCESS,2026-08-08 21:48:42.969430
PAY_002624,CUST_01953,1071.45,UPI,AUTHENTICATION_FAILED,FAILED,2026-07-28 02:27:42.969951
PAY_002625,CUST_04546,1610.79,WALLET,,SUCCESS,2026-08-24 11:18:42.970466
PAY_002626,CUST_01392,1078.09,NETBANKING,,SUCCESS,2026-08-01 16:17:42.970990
PAY_002627,CUST_04519,774.29,WALLET,,SUCCESS,2026-08-03 05:38:42.971505
PAY_002628,CUST_00330,1884.78,WALLET,,SUCCESS,2026-08-25 16:50:42.972268
PAY_002629,CUST_00871,869.05,WALLET,,SUCCESS,2026-07-31 23:08:42.972907
PAY_002630,CUST_04550,471.88,NETBANKING,,SUCCESS,2026-08-01 03:32:42.973429
PAY_002631,CUST_03304,523.08,WALLET,,SUCCESS,2026-07-31 14:45:42.974056
PAY_002632,CUST_02300,1513.65,CARD,,SUCCESS,2026-08-19 22:17:42.974738
PAY_002633,CUST_03722,1266.19,WALLET,,SUCCESS,2026-08-15 14:30:42.975311
PAY_002634,CUST_02395,581.87,CARD,,SUCCESS,2026-08-04 15:17:42.975863
PAY_002635,CUST_02459,721.02,UPI,,SUCCESS,2026-08-22 08:51:42.976401
PAY_002636,CUST_00880,687.91,UPI,,SUCCESS,2026-08-25 19:26:42.976964
PAY_002637,CUST_01526,873.88,UPI,BANK_DECLINED,FAILED,2026-08-22 16:38:42.977479
PAY_002638,CUST_04028,1214.97,NETBANKING,,SUCCESS,2026-08-17 13:08:42.978031
PAY_002639,CUST_03209,1551.23,CARD,,SUCCESS,2026-08-12 18:56:42.978546
PAY_002640,CUST_04434,637.32,NETBANKING,,SUCCESS,2026-07-29 10:08:42.979231
PAY_002641,CUST_03585,1162.08,WALLET,,SUCCESS,2026-08-05 03:57:42.979770
PAY_002642,CUST_04772,870.65,CARD,,SUCCESS,2026-08-13 14:24:42.980428
PAY_002643,CUST_02496,1550.76,CARD,,SUCCESS,2026-08-19 20:50:42.981121
PAY_002644,CUST_00395,2024.38,UPI,,SUCCESS,2026-08-02 13:27:42.981985
PAY_002645,CUST_04074,2387.8,WALLET,,SUCCESS,2026-08-19 13:59:42.982536
PAY_002646,CUST_04833,1037.4,WALLET,,SUCCESS,2026-08-13 23:42:42.983065
PAY_002647,CUST_01032,1777.22,CARD,,SUCCESS,2026-08-21 15:03:42.983576
PAY_002648,CUST_04302,964.59,CARD,,SUCCESS,2026-08-06 12:55:42.984097
PAY_002649,CUST_00361,7100.74,UPI,,SUCCESS,2026-08-20 14:46:42.984611
PAY_002650,CUST_00604,4048.26,WALLET,,SUCCESS,2026-08-09 12:30:42.985134
PAY_002651,CUST_02700,2019.67,UPI,,SUCCESS,2026-07-31 02:37:42.985647
PAY_002652,CUST_03931,968.42,NETBANKING,,SUCCESS,2026-08-06 17:15:42.986214
PAY_002653,CUST_03348,535.61,CARD,,SUCCESS,2026-08-06 10:16:42.986724
PAY_002654,CUST_02252,1198.87,WALLET,,SUCCESS,2026-07-31 23:48:42.987289
PAY_002655,CUST_00771,615.22,NETBANKING,,SUCCESS,2026-08-22 22:01:42.987866
PAY_002656,CUST_03315,2578.06,UPI,,SUCCESS,2026-08-18 17:17:42.988987
PAY_002657,CUST_01930,1808.14,NETBANKING,NETWORK_ERROR,FAILED,2026-08-19 23:36:42.990390
PAY_002658,CUST_00291,1890.94,CARD,,SUCCESS,2026-07-28 22:08:42.991743
PAY_002659,CUST_04899,2036.51,UPI,,SUCCESS,2026-08-10 15:26:42.992639
PAY_002660,CUST_01660,2468.8,WALLET,,SUCCESS,2026-08-26 01:27:42.993184
PAY_002661,CUST_02331,1776.51,WALLET,,SUCCESS,2026-08-19 02:13:42.993702
PAY_002662,CUST_02063,1890.7,NETBANKING,,SUCCESS,2026-08-18 01:08:42.994502
PAY_002663,CUST_00260,813.95,UPI,,SUCCESS,2026-08-04 12:05:42.995280
PAY_002664,CUST_04577,966.56,CARD,,SUCCESS,2026-08-24 10:04:42.996100
PAY_002665,CUST_02987,1021.87,NETBANKING,,SUCCESS,2026-08-14 19:29:42.996654
PAY_002666,CUST_04182,2551.21,WALLET,,SUCCESS,2026-08-11 10:13:42.997185
PAY_002667,CUST_00628,1573.7,WALLET,,SUCCESS,2026-08-23 03:14:42.997697
PAY_002668,CUST_01536,1754.41,UPI,,SUCCESS,2026-08-20 20:10:42.998226
PAY_002669,CUST_00112,2549.46,UPI,,SUCCESS,2026-07-31 16:18:42.998751
PAY_002670,CUST_03127,1490.81,WALLET,INSUFFICIENT_FUNDS,FAILED,2026-08-05 09:23:42.999278
PAY_002671,CUST_03339,2073.89,UPI,,SUCCESS,2026-08-14 11:39:42.999796
PAY_002672,CUST_04437,1073.08,NETBANKING,,SUCCESS,2026-08-10 02:14:43.000311
PAY_002673,CUST_03261,6321.81,WALLET,,SUCCESS,2026-08-08 06:07:43.000837
PAY_002674,CUST_02572,1028.55,CARD,,SUCCESS,2026-08-11 00:41:43.001705
PAY_002675,CUST_02366,1745.9,CARD,,SUCCESS,2026-08-04 12:57:43.002440
PAY_002676,CUST_00738,1301.73,UPI,,SUCCESS,2026-08-06 07:30:43.003063
PAY_002677,CUST_01410,1225.65,UPI,,SUCCESS,2026-08-12 06:52:43.003651
PAY_002678,CUST_01726,5667.71,UPI,,SUCCESS,2026-08-25 17:45:43.004312
PAY_002679,CUST_02852,845.59,UPI,,SUCCESS,2026-08-15 17:30:43.004959
PAY_002680,CUST_00152,1360.61,NETBANKING,BANK_TIMEOUT,FAILED,2026-08-19 18:40:43.006152
PAY_002681,CUST_04198,10498.41,CARD,,SUCCESS,2026-08-22 19:26:43.007514
PAY_002682,CUST_02389,912.11,UPI,,SUCCESS,2026-08-26 04:11:43.008226
PAY_002683,CUST_00575,1257.61,NETBANKING,,SUCCESS,2026-07-29 16:27:43.008957
PAY_002684,CUST_01461,2084.44,WALLET,BANK_DECLINED,FAILED,2026-08-21 23:17:43.010065
PAY_002685,CUST_02654,1006.09,UPI,,SUCCESS,2026-08-20 11:22:43.011245
PAY_002686,CUST_04882,1360.99,UPI,,SUCCESS,2026-08-18 08:11:43.012137
PAY_002687,CUST_01245,1732.86,UPI,,SUCCESS,2026-08-26 14:41:43.012760
PAY_002688,CUST_00672,1861.59,CARD,,SUCCESS,2026-08-17 05:16:43.013321
PAY_002689,CUST_03999,4278.16,UPI,NETWORK_ERROR,FAILED,2026-08-12 04:54:43.013873
PAY_002690,CUST_02448,1295.69,CARD,,SUCCESS,2026-08-05 02:54:43.014405
PAY_002691,CUST_00258,2022.14,WALLET,,SUCCESS,2026-07-30 05:33:43.014952
PAY_002692,CUST_03272,2010.07,WALLET,,SUCCESS,2026-08-13 16:14:43.015471
PAY_002693,CUST_04184,2295.19,UPI,,SUCCESS,2026-08-06 15:32:43.016050
PAY_002694,CUST_02634,632.48,UPI,,SUCCESS,2026-08-23 03:59:43.016786
PAY_002695,CUST_04589,2684.45,CARD,,SUCCESS,2026-08-14 19:19:43.017545
PAY_002696,CUST_00049,1190.46,CARD,BANK_TIMEOUT,FAILED,2026-08-23 08:06:43.018137
PAY_002697,CUST_00757,1617.49,NETBANKING,,SUCCESS,2026-08-16 10:09:43.018655
PAY_002698,CUST_02969,996.14,NETBANKING,,SUCCESS,2026-07-30 09:49:43.019207
PAY_002699,CUST_00961,876.08,NETBANKING,,SUCCESS,2026-08-16 20:29:43.019731
PAY_002700,CUST_03311,1571.84,NETBANKING,,SUCCESS,2026-08-15 19:53:43.020302
PAY_002701,CUST_01878,1548.19,NETBANKING,,SUCCESS,2026-08-13 23:27:43.020827
PAY_002702,CUST_01850,2203.77,UPI,,SUCCESS,2026-08-23 23:34:43.021380
PAY_002703,CUST_03568,941.9,NETBANKING,BANK_TIMEOUT,FAILED,2026-07-29 13:50:43.022181
PAY_002704,CUST_00762,100.0,WALLET,,SUCCESS,2026-08-23 03:33:43.023412
PAY_002705,CUST_01220,2566.91,WALLET,,SUCCESS,2026-08-26 05:46:43.024750
PAY_002706,CUST_00844,251.78,UPI,,SUCCESS,2026-08-12 07:06:43.025852
PAY_002707,CUST_04224,2218.47,NETBANKING,,SUCCESS,2026-07-30 05:30:43.026930
PAY_002708,CUST_02387,175.53,UPI,,SUCCESS,2026-07-31 21:09:43.027671
PAY_002709,CUST_04270,1310.78,NETBANKING,,SUCCESS,2026-08-06 06:30:43.028405
PAY_002710,CUST_01268,1412.67,WALLET,,SUCCESS,2026-08-09 22:15:43.029131
PAY_002711,CUST_00161,2384.2,WALLET,,SUCCESS,2026-08-12 12:29:43.029915
PAY_002712,CUST_02932,895.07,CARD,,SUCCESS,2026-08-16 09:43:43.030686
PAY_002713,CUST_01390,9042.24,UPI,,SUCCESS,2026-08-10 17:25:43.031410
PAY_002714,CUST_00176,2355.58,WALLET,,SUCCESS,2026-08-12 00:35:43.032118
PAY_002715,CUST_01329,255.83,WALLET,,SUCCESS,2026-08-05 16:28:43.032835
PAY_002716,CUST_02113,2384.9,WALLET,,SUCCESS,2026-08-06 04:59:43.033545
PAY_002717,CUST_00600,676.51,WALLET,NETWORK_ERROR,FAILED,2026-08-25 16:08:43.034258
PAY_002718,CUST_01135,807.38,NETBANKING,,SUCCESS,2026-08-09 10:13:43.035054
PAY_002719,CUST_00960,1274.06,CARD,,SUCCESS,2026-08-08 14:36:43.036020
PAY_002720,CUST_04829,855.42,WALLET,,SUCCESS,2026-08-18 22:09:43.036762
PAY_002721,CUST_03424,1933.09,CARD,,SUCCESS,2026-08-16 21:52:43.037411
PAY_002722,CUST_04997,369.24,WALLET,NETWORK_ERROR,FAILED,2026-08-19 23:09:43.037959
PAY_002723,CUST_01718,334.44,CARD,,SUCCESS,2026-08-25 19:12:43.038510
PAY_002724,CUST_01081,1295.75,CARD,,SUCCESS,2026-08-12 23:21:43.039289
PAY_002725,CUST_00339,1146.86,NETBANKING,,SUCCESS,2026-08-16 10:07:43.039981
PAY_002726,CUST_01579,1808.45,WALLET,,SUCCESS,2026-08-07 02:05:43.040638
PAY_002727,CUST_03435,686.7,CARD,,SUCCESS,2026-08-04 14:34:43.041182
PAY_002728,CUST_00845,1428.28,UPI,,SUCCESS,2026-08-10 16:54:43.041697
PAY_002729,CUST_04753,1765.58,UPI,,SUCCESS,2026-08-12 01:46:43.042212
PAY_002730,CUST_00890,794.19,NETBANKING,,SUCCESS,2026-08-20 08:21:43.042721
PAY_002731,CUST_04799,677.74,WALLET,INSUFFICIENT_FUNDS,FAILED,2026-08-07 20:07:43.043244
PAY_002732,CUST_02080,408.96,NETBANKING,,SUCCESS,2026-07-29 01:06:43.043799
PAY_002733,CUST_03601,1835.43,NETBANKING,AUTHENTICATION_FAILED,FAILED,2026-08-07 06:18:43.044386
PAY_002734,CUST_00309,10111.43,CARD,,SUCCESS,2026-08-02 16:22:43.045281
PAY_002735,CUST_02988,1874.45,NETBANKING,,SUCCESS,2026-08-20 22:55:43.045828
PAY_002736,CUST_01443,1049.2,WALLET,,SUCCESS,2026-08-23 21:56:43.046352
PAY_002737,CUST_03130,1797.46,NETBANKING,NETWORK_ERROR,FAILED,2026-08-15 14:03:43.046867
PAY_002738,CUST_02148,1677.79,NETBANKING,,SUCCESS,2026-08-16 03:54:43.047396
PAY_002739,CUST_02267,1530.55,NETBANKING,,SUCCESS,2026-07-28 22:31:43.047916
PAY_002740,CUST_04301,7386.05,WALLET,,SUCCESS,2026-08-14 00:28:43.048431
PAY_002741,CUST_04599,505.05,NETBANKING,,SUCCESS,2026-08-17 22:34:43.048952
PAY_002742,CUST_03501,690.18,NETBANKING,,SUCCESS,2026-07-28 23:49:43.049467
PAY_002743,CUST_00444,939.66,CARD,,SUCCESS,2026-07-30 19:20:43.050045
PAY_002744,CUST_03294,449.64,CARD,,SUCCESS,2026-08-04 13:12:43.050560
PAY_002745,CUST_04129,2626.07,UPI,,SUCCESS,2026-08-12 12:30:43.051083
PAY_002746,CUST_01563,2423.34,UPI,,SUCCESS,2026-08-09 07:17:43.051643
PAY_002747,CUST_02437,1421.82,NETBANKING,,SUCCESS,2026-08-23 02:04:43.052333
PAY_002748,CUST_02778,1994.31,WALLET,,SUCCESS,2026-07-30 08:41:43.053289
PAY_002749,CUST_03256,488.91,NETBANKING,,SUCCESS,2026-08-23 17:46:43.053825
PAY_002750,CUST_04764,1034.36,CARD,,SUCCESS,2026-08-14 05:11:43.054348
PAY_002751,CUST_01984,4542.64,NETBANKING,,SUCCESS,2026-08-24 02:24:43.054874
PAY_002752,CUST_02442,1423.03,CARD,,SUCCESS,2026-07-28 23:24:43.055569
PAY_002753,CUST_04548,2105.52,NETBANKING,AUTHENTICATION_FAILED,FAILED,2026-08-04 19:48:43.056292
PAY_002754,CUST_04324,2057.57,NETBANKING,,SUCCESS,2026-08-12 05:19:43.056858
PAY_002755,CUST_02217,8959.15,NETBANKING,,SUCCESS,2026-07-30 06:18:43.057384
PAY_002756,CUST_00563,1024.26,CARD,,SUCCESS,2026-07-28 09:27:43.057959
PAY_002757,CUST_02578,825.65,UPI,,SUCCESS,2026-08-13 07:59:43.058515
PAY_002758,CUST_01916,2194.73,CARD,,SUCCESS,2026-08-02 23:04:43.059093
PAY_002759,CUST_02952,594.82,NETBANKING,,SUCCESS,2026-08-15 11:45:43.059611
PAY_002760,CUST_01180,2106.02,WALLET,,SUCCESS,2026-08-26 06:57:43.060136
PAY_002761,CUST_01885,690.65,CARD,,SUCCESS,2026-08-20 05:31:43.060648
PAY_002762,CUST_03458,100.0,UPI,,SUCCESS,2026-07-28 03:07:43.061165
PAY_002763,CUST_00592,2134.46,WALLET,,SUCCESS,2026-08-23 04:54:43.061676
PAY_002764,CUST_04294,1460.62,CARD,,SUCCESS,2026-08-06 10:59:43.062195
PAY_002765,CUST_00017,2040.79,CARD,,SUCCESS,2026-07-30 18:14:43.062707
PAY_002766,CUST_03629,2032.58,NETBANKING,,SUCCESS,2026-08-21 21:11:43.063231
PAY_002767,CUST_02721,547.8,WALLET,,SUCCESS,2026-08-14 05:28:43.063743
PAY_002768,CUST_03251,9172.02,WALLET,,SUCCESS,2026-08-13 19:50:43.064264
PAY_002769,CUST_00995,720.4,CARD,BANK_DECLINED,FAILED,2026-08-26 00:21:43.064823
PAY_002770,CUST_02638,1109.9,NETBANKING,,SUCCESS,2026-08-01 15:19:43.065377
PAY_002771,CUST_03632,1895.72,CARD,,SUCCESS,2026-08-12 10:31:43.066295
PAY_002772,CUST_02199,2208.51,WALLET,,SUCCESS,2026-08-01 17:59:43.066986
PAY_002773,CUST_00605,230.45,WALLET,BANK_DECLINED,FAILED,2026-08-08 18:51:43.067517
PAY_002774,CUST_04533,1138.11,UPI,,SUCCESS,2026-07-28 11:52:43.068040
PAY_002775,CUST_02038,1490.88,UPI,,SUCCESS,2026-08-03 11:57:43.068559
PAY_002776,CUST_01203,866.37,CARD,NETWORK_ERROR,FAILED,2026-08-23 21:06:43.069081
PAY_002777,CUST_04480,2325.96,CARD,,SUCCESS,2026-08-19 21:19:43.069596
PAY_002778,CUST_03049,1638.54,CARD,INSUFFICIENT_FUNDS,FAILED,2026-08-22 14:32:43.070116
PAY_002779,CUST_01110,1063.72,NETBANKING,,SUCCESS,2026-08-11 09:31:43.070628
PAY_002780,CUST_02988,1854.66,NETBANKING,,SUCCESS,2026-08-23 14:53:43.071148
PAY_002781,CUST_04957,694.86,UPI,,SUCCESS,2026-08-02 21:47:43.071659
PAY_002782,CUST_02653,1674.13,WALLET,,SUCCESS,2026-08-19 17:35:43.073137
PAY_002783,CUST_00466,2860.71,UPI,,SUCCESS,2026-08-17 08:30:43.074192
PAY_002784,CUST_03781,4462.21,UPI,,SUCCESS,2026-08-14 22:04:43.074744
PAY_002785,CUST_02716,8575.77,UPI,,SUCCESS,2026-07-28 10:38:43.075269
PAY_002786,CUST_03030,6447.42,UPI,,SUCCESS,2026-08-24 09:33:43.075797
PAY_002787,CUST_03017,905.9,CARD,,SUCCESS,2026-08-05 00:01:43.076318
PAY_002788,CUST_02097,2633.21,CARD,,SUCCESS,2026-08-16 04:45:43.076828
PAY_002789,CUST_04091,1737.15,CARD,,SUCCESS,2026-08-04 00:06:43.077339
PAY_002790,CUST_01395,2120.47,WALLET,,SUCCESS,2026-07-28 22:01:43.077867
PAY_002791,CUST_04710,1116.05,UPI,,SUCCESS,2026-08-03 13:33:43.078381
PAY_002792,CUST_00037,1941.0,WALLET,,SUCCESS,2026-08-25 17:12:43.078940
PAY_002793,CUST_04825,274.56,WALLET,,SUCCESS,2026-08-01 18:06:43.079544
PAY_002794,CUST_04244,7288.91,CARD,AUTHENTICATION_FAILED,FAILED,2026-08-25 03:33:43.080166
PAY_002795,CUST_02070,1248.04,WALLET,BANK_TIMEOUT,FAILED,2026-08-10 21:15:43.080685
PAY_002796,CUST_01624,1128.85,NETBANKING,,SUCCESS,2026-08-03 14:45:43.081217
PAY_002797,CUST_01554,1833.28,CARD,,SUCCESS,2026-08-08 17:03:43.081741
PAY_002798,CUST_00159,1061.3,UPI,,SUCCESS,2026-07-29 05:17:43.082262
PAY_002799,CUST_02533,1076.13,NETBANKING,,SUCCESS,2026-08-14 16:43:43.082772
PAY_002800,CUST_02515,841.81,WALLET,,SUCCESS,2026-08-19 12:16:43.083291
PAY_002801,CUST_00222,1363.06,NETBANKING,,SUCCESS,2026-08-11 13:32:43.083846
PAY_002802,CUST_03054,360.35,NETBANKING,,SUCCESS,2026-08-08 22:01:43.084363
PAY_002803,CUST_00737,1035.8,NETBANKING,NETWORK_ERROR,FAILED,2026-08-25 11:24:43.084871
PAY_002804,CUST_01818,1008.52,WALLET,,SUCCESS,2026-08-17 11:24:43.085380
PAY_002805,CUST_00727,1056.06,UPI,,SUCCESS,2026-08-09 03:40:43.085913
PAY_002806,CUST_03222,925.06,CARD,,SUCCESS,2026-08-17 16:16:43.086471
PAY_002807,CUST_04130,1197.78,NETBANKING,,SUCCESS,2026-08-17 00:45:43.087562
PAY_002808,CUST_03223,1008.94,NETBANKING,,SUCCESS,2026-08-10 08:38:43.088596
PAY_002809,CUST_03127,1014.29,CARD,,SUCCESS,2026-07-31 23:44:43.089433
PAY_002810,CUST_03431,2251.63,NETBANKING,,SUCCESS,2026-08-16 22:04:43.090020
PAY_002811,CUST_01007,2099.5,NETBANKING,,SUCCESS,2026-08-26 05:22:43.090540
PAY_002812,CUST_00782,1130.34,CARD,,SUCCESS,2026-08-11 14:08:43.091063
PAY_002813,CUST_00222,1325.76,WALLET,,SUCCESS,2026-08-11 21:19:43.091581
PAY_002814,CUST_02953,1494.61,WALLET,,SUCCESS,2026-07-30 09:32:43.092102
PAY_002815,CUST_03272,2002.93,WALLET,,SUCCESS,2026-08-04 22:24:43.092609
PAY_002816,CUST_03669,2043.25,NETBANKING,,SUCCESS,2026-08-15 11:26:43.093129
PAY_002817,CUST_00734,1008.14,UPI,,SUCCESS,2026-08-26 18:35:43.093683
PAY_002818,CUST_03150,2467.8,UPI,,SUCCESS,2026-08-26 06:38:43.094238
PAY_002819,CUST_01648,100.0,UPI,,SUCCESS,2026-08-12 23:26:43.095135
PAY_002820,CUST_01043,8870.79,CARD,,SUCCESS,2026-08-22 08:40:43.095686
PAY_002821,CUST_01803,1532.64,CARD,,SUCCESS,2026-07-28 09:31:43.096221
PAY_002822,CUST_04034,999.61,WALLET,,SUCCESS,2026-08-09 19:39:43.096735
PAY_002823,CUST_02287,203.7,WALLET,BANK_TIMEOUT,FAILED,2026-08-13 05:58:43.097260
PAY_002824,CUST_00471,1111.13,UPI,,SUCCESS,2026-08-13 00:57:43.097771
PAY_002825,CUST_01059,1394.39,WALLET,INSUFFICIENT_FUNDS,FAILED,2026-08-21 07:27:43.098289
PAY_002826,CUST_04395,1691.7,UPI,,SUCCESS,2026-08-05 02:24:43.098795
PAY_002827,CUST_03132,1980.75,UPI,,SUCCESS,2026-08-22 20:50:43.099312
PAY_002828,CUST_03821,1078.23,WALLET,,SUCCESS,2026-07-31 09:36:43.099881
PAY_002829,CUST_02137,1322.55,NETBANKING,,SUCCESS,2026-08-14 11:53:43.100421
PAY_002830,CUST_02478,1967.83,WALLET,BANK_TIMEOUT,FAILED,2026-08-19 19:26:43.101221
PAY_002831,CUST_01071,2179.42,WALLET,,SUCCESS,2026-08-09 14:38:43.102152
PAY_002832,CUST_04582,1248.68,WALLET,NETWORK_ERROR,FAILED,2026-08-05 14:12:43.102700
PAY_002833,CUST_02494,790.76,UPI,,SUCCESS,2026-07-31 12:54:43.103238
PAY_002834,CUST_01921,648.67,UPI,,SUCCESS,2026-08-14 00:08:43.103746
PAY_002835,CUST_03679,950.96,WALLET,,SUCCESS,2026-08-17 13:28:43.104261
PAY_002836,CUST_03259,1028.65,UPI,,SUCCESS,2026-08-14 09:49:43.104766
PAY_002837,CUST_00518,2307.59,CARD,,SUCCESS,2026-08-16 02:23:43.105471
PAY_002838,CUST_01455,1640.6,UPI,,SUCCESS,2026-07-28 04:42:43.106229
PAY_002839,CUST_01329,731.0,WALLET,AUTHENTICATION_FAILED,FAILED,2026-08-04 13:16:43.106793
PAY_002840,CUST_03792,2248.18,UPI,,SUCCESS,2026-08-13 17:55:43.107394
PAY_002841,CUST_03371,775.34,NETBANKING,,SUCCESS,2026-08-06 00:31:43.108139
PAY_002842,CUST_04341,1318.9,CARD,,SUCCESS,2026-08-09 19:10:43.108993
PAY_002843,CUST_04879,734.14,NETBANKING,,SUCCESS,2026-08-01 17:01:43.109559
PAY_002844,CUST_03750,8895.69,NETBANKING,,SUCCESS,2026-07-28 16:34:43.110126
PAY_002845,CUST_01499,785.42,CARD,,SUCCESS,2026-07-31 09:08:43.110640
PAY_002846,CUST_00482,1208.64,WALLET,,SUCCESS,2026-08-10 23:23:43.111160
PAY_002847,CUST_02397,1024.55,CARD,,SUCCESS,2026-08-04 06:44:43.111668
PAY_002848,CUST_00796,8369.82,WALLET,,SUCCESS,2026-08-10 09:18:43.112187
PAY_002849,CUST_01681,1139.4,UPI,,SUCCESS,2026-07-30 09:10:43.112691
PAY_002850,CUST_03456,876.08,CARD,,SUCCESS,2026-08-11 15:22:43.113211
PAY_002851,CUST_01641,2044.29,WALLET,,SUCCESS,2026-08-06 06:31:43.113720
PAY_002852,CUST_01151,1848.0,CARD,,SUCCESS,2026-08-24 20:10:43.114283
PAY_002853,CUST_04608,100.0,CARD,AUTHENTICATION_FAILED,FAILED,2026-08-11 05:42:43.114871
PAY_002854,CUST_03327,1842.49,CARD,,SUCCESS,2026-07-31 16:15:43.115729
PAY_002855,CUST_03807,8863.63,CARD,,SUCCESS,2026-08-08 17:57:43.116792
PAY_002856,CUST_01042,1153.67,WALLET,BANK_TIMEOUT,FAILED,2026-08-03 23:14:43.117517
PAY_002857,CUST_01934,1096.54,UPI,,SUCCESS,2026-07-31 14:19:43.118371
PAY_002858,CUST_03112,484.58,CARD,INSUFFICIENT_FUNDS,FAILED,2026-08-11 13:05:43.118917
PAY_002859,CUST_03228,824.53,NETBANKING,,SUCCESS,2026-08-09 19:06:43.119436
PAY_002860,CUST_03568,820.83,WALLET,,SUCCESS,2026-08-02 23:29:43.119963
PAY_002861,CUST_01372,1412.78,WALLET,,SUCCESS,2026-08-16 19:35:43.120473
PAY_002862,CUST_00385,478.18,WALLET,,SUCCESS,2026-08-21 22:38:43.121038
PAY_002863,CUST_03511,717.43,WALLET,,SUCCESS,2026-08-19 16:48:43.121576
PAY_002864,CUST_04051,1651.68,CARD,,SUCCESS,2026-08-26 18:13:43.122985
PAY_002865,CUST_04790,1657.35,UPI,,SUCCESS,2026-08-04 05:59:43.124010
PAY_002866,CUST_02822,2106.22,UPI,,SUCCESS,2026-08-12 20:02:43.124700
PAY_002867,CUST_00787,321.53,WALLET,BANK_DECLINED,FAILED,2026-08-17 06:19:43.125266
PAY_002868,CUST_03067,643.6,UPI,,SUCCESS,2026-08-18 02:15:43.125782
PAY_002869,CUST_03383,1305.88,UPI,BANK_DECLINED,FAILED,2026-08-21 06:38:43.126306
PAY_002870,CUST_00870,1825.98,UPI,,SUCCESS,2026-08-23 17:40:43.126826
PAY_002871,CUST_01021,1700.38,UPI,,SUCCESS,2026-08-07 14:02:43.127347
PAY_002872,CUST_00227,896.96,WALLET,,SUCCESS,2026-08-26 07:20:43.127867
PAY_002873,CUST_00695,10843.29,NETBANKING,,SUCCESS,2026-08-11 04:03:43.128383
PAY_002874,CUST_02323,545.28,CARD,,SUCCESS,2026-08-12 23:04:43.128948
PAY_002875,CUST_03887,254.58,WALLET,,SUCCESS,2026-07-28 21:03:43.129589
PAY_002876,CUST_01729,798.97,UPI,,SUCCESS,2026-08-04 10:12:43.130332
PAY_002877,CUST_02724,1364.99,WALLET,,SUCCESS,2026-08-12 05:45:43.130894
PAY_002878,CUST_04522,1311.89,NETBANKING,,SUCCESS,2026-08-05 05:35:43.131412
PAY_002879,CUST_04319,733.62,WALLET,,SUCCESS,2026-08-02 06:07:43.131931
PAY_002880,CUST_04073,2202.48,WALLET,,SUCCESS,2026-07-31 01:35:43.132440
PAY_002881,CUST_02357,858.82,NETBANKING,,SUCCESS,2026-08-04 11:20:43.132951
PAY_002882,CUST_03762,2202.13,WALLET,,SUCCESS,2026-08-25 00:38:43.133463
PAY_002883,CUST_02412,1132.52,UPI,,SUCCESS,2026-08-05 04:11:43.134202
PAY_002884,CUST_00038,630.25,UPI,,SUCCESS,2026-08-23 00:15:43.134895
PAY_002885,CUST_00092,1543.47,UPI,,SUCCESS,2026-08-06 02:14:43.135482
PAY_002886,CUST_01141,6180.92,NETBANKING,,SUCCESS,2026-08-15 19:14:43.136104
PAY_002887,CUST_00588,444.22,WALLET,,SUCCESS,2026-08-25 05:22:43.136754
PAY_002888,CUST_04957,890.54,WALLET,,SUCCESS,2026-08-16 22:20:43.137335
PAY_002889,CUST_01763,739.75,UPI,,SUCCESS,2026-08-26 07:38:43.137930
PAY_002890,CUST_02020,8102.78,UPI,,SUCCESS,2026-08-03 17:52:43.138555
PAY_002891,CUST_02513,1505.68,CARD,,SUCCESS,2026-08-05 16:58:43.139287
PAY_002892,CUST_03711,980.38,WALLET,,SUCCESS,2026-08-02 09:47:43.140014
PAY_002893,CUST_03047,2021.82,UPI,,SUCCESS,2026-08-15 06:19:43.140567
PAY_002894,CUST_02964,980.72,WALLET,,SUCCESS,2026-08-18 20:55:43.141091
PAY_002895,CUST_02648,7976.24,NETBANKING,,SUCCESS,2026-08-19 09:07:43.141602
PAY_002896,CUST_03550,2647.97,NETBANKING,NETWORK_ERROR,FAILED,2026-08-21 19:05:43.142123
PAY_002897,CUST_03981,680.69,UPI,,SUCCESS,2026-08-17 17:23:43.142690
PAY_002898,CUST_02250,1999.88,CARD,,SUCCESS,2026-08-26 12:39:43.143499
PAY_002899,CUST_00411,1526.54,CARD,,SUCCESS,2026-08-09 15:24:43.144312
PAY_002900,CUST_04585,578.03,CARD,INSUFFICIENT_FUNDS,FAILED,2026-08-11 07:26:43.144880
PAY_002901,CUST_02501,7991.4,WALLET,,SUCCESS,2026-08-16 09:02:43.145422
PAY_002902,CUST_00631,100.0,UPI,,SUCCESS,2026-08-22 03:58:43.145940
PAY_002903,CUST_00600,986.01,CARD,AUTHENTICATION_FAILED,FAILED,2026-08-01 04:11:43.146464
PAY_002904,CUST_04184,1753.31,WALLET,BANK_DECLINED,FAILED,2026-08-07 05:14:43.146986
PAY_002905,CUST_03974,1263.66,NETBANKING,AUTHENTICATION_FAILED,FAILED,2026-08-21 22:44:43.147495
PAY_002906,CUST_02331,1183.49,UPI,,SUCCESS,2026-08-14 02:14:43.148013
PAY_002907,CUST_03634,1049.55,WALLET,,SUCCESS,2026-08-23 17:46:43.148536
PAY_002908,CUST_00364,1431.64,NETBANKING,BANK_DECLINED,FAILED,2026-08-05 04:27:43.149143
PAY_002909,CUST_04628,1748.28,CARD,,SUCCESS,2026-08-20 12:40:43.149779
PAY_002910,CUST_03318,9200.92,CARD,,SUCCESS,2026-08-22 20:32:43.150647
PAY_002911,CUST_01212,862.38,CARD,,SUCCESS,2026-08-06 11:37:43.151414
PAY_002912,CUST_00176,2266.38,NETBANKING,,SUCCESS,2026-08-01 10:05:43.151966
PAY_002913,CUST_03241,1223.57,UPI,,SUCCESS,2026-07-27 22:04:43.152500
PAY_002914,CUST_03323,100.0,WALLET,,SUCCESS,2026-08-21 12:20:43.153029
PAY_002915,CUST_03355,571.17,CARD,,SUCCESS,2026-08-17 13:45:43.153545
PAY_002916,CUST_01217,976.02,CARD,NETWORK_ERROR,FAILED,2026-08-26 06:39:43.154065
PAY_002917,CUST_03246,1860.29,UPI,,SUCCESS,2026-08-21 15:43:43.154585
PAY_002918,CUST_01596,1010.9,NETBANKING,,SUCCESS,2026-07-31 03:16:43.155135
PAY_002919,CUST_00203,2231.0,NETBANKING,,SUCCESS,2026-08-20 13:10:43.155862
PAY_002920,CUST_02424,1274.2,CARD,,SUCCESS,2026-08-04 22:10:43.156479
PAY_002921,CUST_02621,947.05,CARD,,SUCCESS,2026-08-05 04:19:43.157138
PAY_002922,CUST_02909,986.45,CARD,,SUCCESS,2026-08-22 06:41:43.157864
PAY_002923,CUST_04895,1598.22,UPI,,SUCCESS,2026-08-20 03:17:43.158502
PAY_002924,CUST_04935,1276.34,CARD,,SUCCESS,2026-08-23 16:36:43.159101
PAY_002925,CUST_02342,1323.95,UPI,,SUCCESS,2026-08-01 00:29:43.159677
PAY_002926,CUST_01877,185.32,WALLET,,SUCCESS,2026-07-29 07:32:43.160234
PAY_002927,CUST_04161,2053.62,CARD,,SUCCESS,2026-08-14 20:11:43.160798
PAY_002928,CUST_03745,873.81,WALLET,,SUCCESS,2026-08-24 20:00:43.161379
PAY_002929,CUST_03713,1906.55,WALLET,,SUCCESS,2026-08-25 12:39:43.161950
PAY_002930,CUST_04140,1356.33,NETBANKING,,SUCCESS,2026-08-09 00:03:43.162518
PAY_002931,CUST_02765,608.09,CARD,,SUCCESS,2026-08-20 23:48:43.163095
PAY_002932,CUST_02100,836.88,WALLET,,SUCCESS,2026-07-28 09:14:43.163683
PAY_002933,CUST_03135,2111.01,CARD,,SUCCESS,2026-08-15 19:16:43.164335
PAY_002934,CUST_01904,1849.25,NETBANKING,,SUCCESS,2026-08-04 03:52:43.165025
PAY_002935,CUST_02185,685.49,WALLET,,SUCCESS,2026-07-30 11:43:43.165609
PAY_002936,CUST_01319,959.26,UPI,AUTHENTICATION_FAILED,FAILED,2026-08-22 22:12:43.166149
PAY_002937,CUST_02046,872.45,CARD,,SUCCESS,2026-07-28 14:18:43.166682
PAY_002938,CUST_03629,1947.19,NETBANKING,NETWORK_ERROR,FAILED,2026-08-14 00:08:43.167204
PAY_002939,CUST_02140,1641.31,NETBANKING,,SUCCESS,2026-08-12 23:23:43.167719
PAY_002940,CUST_04607,500.93,NETBANKING,,SUCCESS,2026-08-12 18:18:43.168240
PAY_002941,CUST_00501,1412.4,WALLET,,SUCCESS,2026-08-03 12:15:43.168762
PAY_002942,CUST_04253,478.0,CARD,,SUCCESS,2026-08-05 10:15:43.169284
PAY_002943,CUST_04077,1348.11,WALLET,,SUCCESS,2026-08-11 04:52:43.169798
PAY_002944,CUST_00488,3499.12,UPI,,SUCCESS,2026-08-15 08:04:43.170346
PAY_002945,CUST_03403,1123.2,NETBANKING,,SUCCESS,2026-08-13 15:16:43.170876
PAY_002946,CUST_00413,1038.94,CARD,,SUCCESS,2026-08-12 12:56:43.171439
PAY_002947,CUST_01660,1756.54,NETBANKING,,SUCCESS,2026-08-15 21:22:43.172452
PAY_002948,CUST_01772,10166.54,NETBANKING,,SUCCESS,2026-08-12 20:16:43.173443
PAY_002949,CUST_01545,1098.92,NETBANKING,,SUCCESS,2026-08-03 05:26:43.174053
PAY_002950,CUST_02615,1393.94,NETBANKING,,SUCCESS,2026-08-14 18:37:43.174639
PAY_002951,CUST_02815,872.59,CARD,,SUCCESS,2026-07-29 21:15:43.175255
PAY_002952,CUST_03408,975.61,CARD,,SUCCESS,2026-08-13 08:38:43.175783
PAY_002953,CUST_02040,899.79,NETBANKING,,SUCCESS,2026-08-02 02:01:43.176302
PAY_002954,CUST_03025,1316.21,CARD,,SUCCESS,2026-08-05 17:30:43.176815
PAY_002955,CUST_04930,1521.74,CARD,,SUCCESS,2026-08-21 10:51:43.177334
PAY_002956,CUST_04427,949.07,NETBANKING,,SUCCESS,2026-07-28 17:22:43.177899
PAY_002957,CUST_00592,2231.35,NETBANKING,,SUCCESS,2026-08-18 10:54:43.178445
PAY_002958,CUST_01711,1420.64,WALLET,,SUCCESS,2026-08-09 17:17:43.179018
PAY_002959,CUST_04834,1292.73,WALLET,,SUCCESS,2026-08-14 11:09:43.179537
PAY_002960,CUST_03055,2575.44,WALLET,,SUCCESS,2026-08-02 07:53:43.180304
PAY_002961,CUST_04811,1258.12,NETBANKING,,SUCCESS,2026-07-30 04:59:43.180892
PAY_002962,CUST_00818,1629.99,UPI,,SUCCESS,2026-08-09 15:34:43.181435
PAY_002963,CUST_04516,2273.94,WALLET,,SUCCESS,2026-08-26 15:18:43.181973
PAY_002964,CUST_00599,1983.33,NETBANKING,,SUCCESS,2026-08-04 06:09:43.182487
PAY_002965,CUST_04933,1560.0,NETBANKING,,SUCCESS,2026-08-03 12:36:43.183054
PAY_002966,CUST_02737,2604.85,CARD,,SUCCESS,2026-08-14 16:40:43.183569
PAY_002967,CUST_04170,4496.97,WALLET,NETWORK_ERROR,FAILED,2026-07-30 16:41:43.184105
PAY_002968,CUST_03916,11118.08,WALLET,,SUCCESS,2026-08-09 04:18:43.184664
PAY_002969,CUST_03921,989.82,CARD,,SUCCESS,2026-08-18 13:04:43.185226
PAY_002970,CUST_00401,1519.1,UPI,,SUCCESS,2026-08-24 22:03:43.186173
PAY_002971,CUST_04904,10964.52,NETBANKING,,SUCCESS,2026-08-21 21:30:43.186771
PAY_002972,CUST_04331,1017.9,NETBANKING,,SUCCESS,2026-08-20 23:42:43.187311
PAY_002973,CUST_03033,1380.29,WALLET,,SUCCESS,2026-08-17 11:05:43.187839
PAY_002974,CUST_04629,1488.19,UPI,BANK_TIMEOUT,FAILED,2026-08-21 17:10:43.188359
PAY_002975,CUST_02535,2239.68,NETBANKING,,SUCCESS,2026-08-13 20:28:43.189428
PAY_002976,CUST_01745,405.33,CARD,,SUCCESS,2026-08-16 18:06:43.191149
PAY_002977,CUST_01484,1229.02,NETBANKING,,SUCCESS,2026-08-01 15:16:43.191783
PAY_002978,CUST_02955,6379.1,CARD,,SUCCESS,2026-08-19 21:10:43.192512
PAY_002979,CUST_01098,902.84,NETBANKING,INSUFFICIENT_FUNDS,FAILED,2026-08-18 23:11:43.193345
PAY_002980,CUST_00448,2421.66,WALLET,,SUCCESS,2026-08-17 12:59:43.193946
PAY_002981,CUST_02263,917.45,UPI,,SUCCESS,2026-08-19 11:41:43.194482
PAY_002982,CUST_04173,2017.97,NETBANKING,,SUCCESS,2026-08-04 15:45:43.195032
PAY_002983,CUST_04914,1278.31,CARD,NETWORK_ERROR,FAILED,2026-08-16 17:31:43.195541
PAY_002984,CUST_00144,869.47,CARD,,SUCCESS,2026-08-18 21:19:43.196107
PAY_002985,CUST_04567,935.93,NETBANKING,,SUCCESS,2026-08-21 21:35:43.196631
PAY_002986,CUST_01976,1619.89,NETBANKING,NETWORK_ERROR,FAILED,2026-07-31 09:45:43.197183
PAY_002987,CUST_01048,1741.09,WALLET,,SUCCESS,2026-08-06 11:33:43.197717
PAY_002988,CUST_01850,2559.02,UPI,,SUCCESS,2026-08-23 01:19:43.198272
PAY_002989,CUST_01166,1694.68,WALLET,,SUCCESS,2026-08-06 15:31:43.198878
PAY_002990,CUST_00189,1860.22,WALLET,,SUCCESS,2026-07-29 19:04:43.199614
PAY_002991,CUST_03474,972.65,UPI,,SUCCESS,2026-08-02 03:40:43.200518
PAY_002992,CUST_03612,1236.64,CARD,,SUCCESS,2026-08-04 10:00:43.201097
PAY_002993,CUST_00073,1709.25,NETBANKING,,SUCCESS,2026-08-12 03:05:43.201612
PAY_002994,CUST_00318,711.23,WALLET,NETWORK_ERROR,FAILED,2026-07-30 04:21:43.202161
PAY_002995,CUST_03618,1964.26,CARD,,SUCCESS,2026-08-23 06:23:43.202685
PAY_002996,CUST_03815,1591.8,WALLET,,SUCCESS,2026-08-19 02:57:43.203241
PAY_002997,CUST_00429,8932.91,CARD,,SUCCESS,2026-08-16 20:50:43.203776
PAY_002998,CUST_00216,1007.73,WALLET,BANK_DECLINED,FAILED,2026-08-15 11:09:43.204341
PAY_002999,CUST_03694,5473.54,CARD,,SUCCESS,2026-08-09 12:25:43.204875
PAY_003000,CUST_01562,591.78,WALLET,,SUCCESS,2026-08-25 16:22:43.205617
PAY_003001,CUST_00414,1978.34,CARD,,SUCCESS,2026-07-28 09:51:43.206443
PAY_003002,CUST_03925,1663.38,WALLET,,SUCCESS,2026-08-25 18:59:43.207246
PAY_003003,CUST_03328,2178.4,NETBANKING,,SUCCESS,2026-08-10 10:11:43.207790
PAY_003004,CUST_00134,585.85,WALLET,,SUCCESS,2026-08-06 22:20:43.208319
PAY_003005,CUST_01498,794.09,WALLET,,SUCCESS,2026-08-22 17:10:43.208829
PAY_003006,CUST_02976,7843.25,NETBANKING,,SUCCESS,2026-08-16 09:14:43.209361
PAY_003007,CUST_01337,958.32,NETBANKING,,SUCCESS,2026-08-05 00:12:43.209900
PAY_003008,CUST_00411,1639.61,CARD,AUTHENTICATION_FAILED,FAILED,2026-07-28 10:21:43.210445
PAY_003009,CUST_02878,430.79,CARD,,SUCCESS,2026-08-25 03:14:43.210982
PAY_003010,CUST_02567,1251.13,NETBANKING,,SUCCESS,2026-08-24 14:28:43.211498
PAY_003011,CUST_01786,1995.27,UPI,,SUCCESS,2026-08-19 13:28:43.212114
PAY_003012,CUST_00915,1531.11,UPI,BANK_DECLINED,FAILED,2026-08-23 04:18:43.212635
PAY_003013,CUST_02737,2030.37,NETBANKING,,SUCCESS,2026-08-06 03:58:43.213167
PAY_003014,CUST_04097,1727.42,CARD,,SUCCESS,2026-08-06 22:46:43.213727
PAY_003015,CUST_03742,824.33,CARD,,SUCCESS,2026-08-16 08:39:43.214394
PAY_003016,CUST_04606,786.84,CARD,,SUCCESS,2026-08-03 02:20:43.215243
PAY_003017,CUST_03437,573.33,UPI,AUTHENTICATION_FAILED,FAILED,2026-08-24 09:55:43.215790
PAY_003018,CUST_03368,1435.65,CARD,,SUCCESS,2026-08-13 16:02:43.216312
PAY_003019,CUST_04245,9982.53,WALLET,,SUCCESS,2026-08-19 03:27:43.216832
PAY_003020,CUST_02805,704.07,CARD,,SUCCESS,2026-07-30 08:38:43.217364
PAY_003021,CUST_03266,627.78,UPI,,SUCCESS,2026-08-22 04:00:43.217885
PAY_003022,CUST_03816,892.03,CARD,,SUCCESS,2026-08-02 11:39:43.218403
PAY_003023,CUST_04789,927.29,WALLET,AUTHENTICATION_FAILED,FAILED,2026-08-09 23:54:43.218922
PAY_003024,CUST_04405,9344.01,CARD,,SUCCESS,2026-08-02 11:59:43.219439
PAY_003025,CUST_04166,1066.77,CARD,,SUCCESS,2026-08-26 09:19:43.220012
PAY_003026,CUST_02343,1919.79,CARD,,SUCCESS,2026-08-14 09:25:43.220565
PAY_003027,CUST_00275,2129.54,UPI,,SUCCESS,2026-08-03 23:45:43.221518
PAY_003028,CUST_03529,1492.9,UPI,,SUCCESS,2026-08-08 20:44:43.222394
PAY_003029,CUST_00720,2193.52,UPI,,SUCCESS,2026-08-05 10:32:43.223159
PAY_003030,CUST_02186,2154.57,CARD,INSUFFICIENT_FUNDS,FAILED,2026-07-30 01:43:43.223918
PAY_003031,CUST_01660,1645.97,NETBANKING,,SUCCESS,2026-08-05 17:48:43.224471
PAY_003032,CUST_02557,2112.04,CARD,,SUCCESS,2026-08-21 18:52:43.225032
PAY_003033,CUST_00484,7408.7,CARD,,SUCCESS,2026-07-28 15:41:43.225548
PAY_003034,CUST_01694,1122.46,UPI,,SUCCESS,2026-08-23 17:37:43.226107
PAY_003035,CUST_00996,799.94,CARD,,SUCCESS,2026-08-26 18:15:43.226620
PAY_003036,CUST_02415,1830.81,WALLET,,SUCCESS,2026-08-08 19:25:43.227339
PAY_003037,CUST_01433,5518.14,WALLET,,SUCCESS,2026-08-02 21:23:43.228314
PAY_003038,CUST_03462,2797.54,NETBANKING,,SUCCESS,2026-07-30 05:29:43.229062
PAY_003039,CUST_03300,2809.29,WALLET,,SUCCESS,2026-08-15 08:15:43.229592
PAY_003040,CUST_02731,1683.43,WALLET,,SUCCESS,2026-08-19 04:35:43.230147
PAY_003041,CUST_03060,1217.1,WALLET,,SUCCESS,2026-08-21 00:59:43.230673
PAY_003042,CUST_02336,1021.51,CARD,,SUCCESS,2026-08-23 10:41:43.231202
PAY_003043,CUST_00606,1108.15,NETBANKING,,SUCCESS,2026-08-13 04:54:43.231717
PAY_003044,CUST_01277,1150.49,WALLET,NETWORK_ERROR,FAILED,2026-08-09 16:15:43.232237
PAY_003045,CUST_01559,1334.89,UPI,,SUCCESS,2026-08-12 11:18:43.232762
PAY_003046,CUST_03259,1142.6,UPI,,SUCCESS,2026-08-16 23:25:43.233283
PAY_003047,CUST_04933,908.2,CARD,,SUCCESS,2026-08-06 07:25:43.233816
PAY_003048,CUST_02967,1163.34,CARD,,SUCCESS,2026-07-28 05:55:43.234360
PAY_003049,CUST_03948,6933.34,WALLET,,SUCCESS,2026-08-15 15:49:43.235164
PAY_003050,CUST_02157,929.24,CARD,,SUCCESS,2026-08-06 19:20:43.235880
PAY_003051,CUST_03294,832.92,WALLET,,SUCCESS,2026-08-05 13:30:43.236412
PAY_003052,CUST_03204,616.77,NETBANKING,,SUCCESS,2026-08-17 11:18:43.236942
PAY_003053,CUST_02967,100.0,WALLET,,SUCCESS,2026-08-24 10:47:43.237456
PAY_003054,CUST_03777,2646.48,CARD,,SUCCESS,2026-07-28 15:48:43.237979
PAY_003055,CUST_02879,1938.93,NETBANKING,,SUCCESS,2026-08-09 18:20:43.238543
PAY_003056,CUST_04411,762.15,WALLET,NETWORK_ERROR,FAILED,2026-07-28 01:09:43.239282
PAY_003057,CUST_00959,933.74,UPI,,SUCCESS,2026-07-30 13:26:43.239989
PAY_003058,CUST_03571,889.37,WALLET,BANK_TIMEOUT,FAILED,2026-08-04 23:11:43.240547
PAY_003059,CUST_01110,1200.99,NETBANKING,INSUFFICIENT_FUNDS,FAILED,2026-08-12 15:54:43.241133
PAY_003060,CUST_04640,2613.43,CARD,,SUCCESS,2026-08-26 06:48:43.241780
PAY_003061,CUST_04850,373.98,CARD,,SUCCESS,2026-08-01 05:28:43.242357
PAY_003062,CUST_02298,7639.01,UPI,,SUCCESS,2026-08-03 14:21:43.242920
PAY_003063,CUST_00748,1191.38,NETBANKING,,SUCCESS,2026-08-25 16:30:43.243663
PAY_003064,CUST_01013,691.98,NETBANKING,,SUCCESS,2026-07-29 21:24:43.244238
PAY_003065,CUST_04371,1128.08,NETBANKING,,SUCCESS,2026-08-13 19:40:43.244770
PAY_003066,CUST_01900,2059.2,UPI,,SUCCESS,2026-08-06 20:02:43.245331
PAY_003067,CUST_04452,1632.24,WALLET,,SUCCESS,2026-08-03 09:29:43.245859
PAY_003068,CUST_03948,6671.01,UPI,INSUFFICIENT_FUNDS,FAILED,2026-08-09 14:05:43.246380
PAY_003069,CUST_03426,812.06,WALLET,,SUCCESS,2026-07-28 21:04:43.246934
PAY_003070,CUST_03892,1683.6,CARD,,SUCCESS,2026-08-17 20:26:43.247458
PAY_003071,CUST_02091,1168.42,WALLET,BANK_DECLINED,FAILED,2026-08-08 20:05:43.248001
PAY_003072,CUST_01920,574.81,UPI,,SUCCESS,2026-08-13 00:01:43.248565
PAY_003073,CUST_00990,1968.68,CARD,INSUFFICIENT_FUNDS,FAILED,2026-08-07 17:54:43.249218
PAY_003074,CUST_03868,2443.32,WALLET,,SUCCESS,2026-08-19 21:14:43.250334
PAY_003075,CUST_01369,1364.39,NETBANKING,,SUCCESS,2026-08-17 04:50:43.250956
PAY_003076,CUST_00479,1011.91,UPI,INSUFFICIENT_FUNDS,FAILED,2026-08-25 01:57:43.251496
PAY_003077,CUST_01250,1019.3,WALLET,,SUCCESS,2026-08-23 18:41:43.252055
PAY_003078,CUST_01588,5348.28,CARD,,SUCCESS,2026-08-04 07:52:43.252570
PAY_003079,CUST_00652,1929.91,WALLET,,SUCCESS,2026-08-11 04:31:43.253130
PAY_003080,CUST_02064,261.52,NETBANKING,,SUCCESS,2026-08-05 10:41:43.253642
PAY_003081,CUST_04112,3255.62,NETBANKING,,SUCCESS,2026-07-31 12:35:43.254192
PAY_003082,CUST_00920,8130.43,NETBANKING,,SUCCESS,2026-07-29 01:05:43.254702
PAY_003083,CUST_00007,849.51,CARD,,SUCCESS,2026-07-30 22:41:43.255472
PAY_003084,CUST_03846,2352.99,NETBANKING,,SUCCESS,2026-07-30 18:14:43.256233
PAY_003085,CUST_00221,500.55,CARD,,SUCCESS,2026-08-16 11:48:43.257242
PAY_003086,CUST_03915,845.74,WALLET,,SUCCESS,2026-08-04 18:53:43.258000
PAY_003087,CUST_01658,2184.31,NETBANKING,,SUCCESS,2026-08-04 01:58:43.258533
PAY_003088,CUST_03599,5902.01,WALLET,,SUCCESS,2026-08-24 10:51:43.259241
PAY_003089,CUST_03115,714.85,NETBANKING,,SUCCESS,2026-08-15 01:28:43.259820
PAY_003090,CUST_03935,746.41,CARD,AUTHENTICATION_FAILED,FAILED,2026-08-16 14:37:43.260398
PAY_003091,CUST_04241,1289.99,CARD,,SUCCESS,2026-08-15 11:11:43.260918
PAY_003092,CUST_00034,1864.79,CARD,,SUCCESS,2026-08-22 07:11:43.261433
PAY_003093,CUST_02570,100.0,NETBANKING,,SUCCESS,2026-08-08 00:09:43.261955
PAY_003094,CUST_00529,952.25,WALLET,,SUCCESS,2026-08-01 00:02:43.262513
PAY_003095,CUST_01393,1654.83,UPI,,SUCCESS,2026-08-15 18:00:43.263237
PAY_003096,CUST_01148,1232.57,WALLET,,SUCCESS,2026-08-23 18:26:43.264124
PAY_003097,CUST_01674,6400.19,UPI,,SUCCESS,2026-08-06 23:03:43.264669
PAY_003098,CUST_00781,160.38,WALLET,,SUCCESS,2026-08-19 18:37:43.265198
PAY_003099,CUST_03930,1081.0,UPI,,SUCCESS,2026-08-11 14:18:43.265715
PAY_003100,CUST_04253,846.59,UPI,,SUCCESS,2026-08-12 18:27:43.266237
PAY_003101,CUST_00203,1873.48,WALLET,,SUCCESS,2026-08-08 17:58:43.266751
PAY_003102,CUST_03687,1341.28,WALLET,,SUCCESS,2026-08-07 05:05:43.267280
PAY_003103,CUST_01814,2268.06,NETBANKING,,SUCCESS,2026-08-15 17:12:43.267794
PAY_003104,CUST_03422,2415.36,CARD,,SUCCESS,2026-08-11 11:45:43.268325
PAY_003105,CUST_04156,1752.01,NETBANKING,,SUCCESS,2026-07-30 18:40:43.268825
PAY_003106,CUST_04677,2714.39,UPI,,SUCCESS,2026-08-22 04:56:43.269398
PAY_003107,CUST_02943,2022.58,UPI,,SUCCESS,2026-08-19 22:59:43.270000
PAY_003108,CUST_03796,8791.05,WALLET,,SUCCESS,2026-08-22 14:03:43.270520
PAY_003109,CUST_02185,160.77,CARD,,SUCCESS,2026-08-24 10:47:43.271045
PAY_003110,CUST_03285,257.27,CARD,BANK_TIMEOUT,FAILED,2026-08-20 17:05:43.271564
PAY_003111,CUST_04288,1566.53,NETBANKING,,SUCCESS,2026-08-10 12:40:43.272291
PAY_003112,CUST_04391,1495.28,UPI,,SUCCESS,2026-08-24 22:43:43.272880
PAY_003113,CUST_00159,1098.97,NETBANKING,,SUCCESS,2026-08-11 18:16:43.273422
PAY_003114,CUST_03112,785.3,UPI,BANK_TIMEOUT,FAILED,2026-07-29 19:50:43.273989
PAY_003115,CUST_04969,1054.69,CARD,INSUFFICIENT_FUNDS,FAILED,2026-08-08 23:57:43.274516
PAY_003116,CUST_01258,1113.63,WALLET,,SUCCESS,2026-08-21 21:25:43.275224
PAY_003117,CUST_00655,592.28,NETBANKING,,SUCCESS,2026-07-29 18:39:43.275821
PAY_003118,CUST_03647,11315.73,UPI,,SUCCESS,2026-07-29 21:36:43.276445
PAY_003119,CUST_04883,1266.94,UPI,,SUCCESS,2026-08-05 17:53:43.277195
PAY_003120,CUST_04235,1697.97,NETBANKING,,SUCCESS,2026-08-19 14:58:43.278088
PAY_003121,CUST_02932,375.89,UPI,,SUCCESS,2026-08-04 04:39:43.278658
PAY_003122,CUST_00471,1080.45,NETBANKING,,SUCCESS,2026-08-25 07:53:43.279201
PAY_003123,CUST_02285,2197.45,NETBANKING,,SUCCESS,2026-08-19 09:03:43.279728
PAY_003124,CUST_00195,2092.34,WALLET,,SUCCESS,2026-08-10 11:01:43.280252
PAY_003125,CUST_02291,408.58,NETBANKING,,SUCCESS,2026-08-13 10:08:43.280775
PAY_003126,CUST_01874,3994.27,WALLET,,SUCCESS,2026-08-07 18:20:43.281305
PAY_003127,CUST_01742,891.32,CARD,,SUCCESS,2026-08-12 17:01:43.281820
PAY_003128,CUST_03446,1008.29,CARD,,SUCCESS,2026-08-15 19:59:43.282393
PAY_003129,CUST_01450,1636.2,CARD,,SUCCESS,2026-08-25 02:41:43.282926
PAY_003130,CUST_03135,2005.3,UPI,,SUCCESS,2026-08-20 01:34:43.283485
PAY_003131,CUST_04398,5113.86,WALLET,,SUCCESS,2026-08-21 01:08:43.284156
PAY_003132,CUST_02099,1158.18,UPI,,SUCCESS,2026-08-13 22:20:43.285069
PAY_003133,CUST_03249,1059.08,NETBANKING,,SUCCESS,2026-07-31 10:09:43.285614
PAY_003134,CUST_01543,1177.77,WALLET,,SUCCESS,2026-08-06 23:22:43.286141
PAY_003135,CUST_03967,2573.26,NETBANKING,,SUCCESS,2026-08-17 05:45:43.286657
PAY_003136,CUST_01991,2049.67,UPI,,SUCCESS,2026-08-10 05:04:43.287192
PAY_003137,CUST_02849,1457.83,CARD,BANK_DECLINED,FAILED,2026-08-23 18:43:43.287708
PAY_003138,CUST_04484,1353.77,NETBANKING,NETWORK_ERROR,FAILED,2026-08-18 07:06:43.288220
PAY_003139,CUST_02564,1424.3,WALLET,,SUCCESS,2026-07-27 19:48:43.288956
PAY_003140,CUST_01516,4627.42,NETBANKING,,SUCCESS,2026-08-06 07:47:43.289532
PAY_003141,CUST_04860,1033.62,NETBANKING,NETWORK_ERROR,FAILED,2026-07-27 19:43:43.290210
PAY_003142,CUST_04396,1196.77,CARD,,SUCCESS,2026-08-26 10:45:43.290774
PAY_003143,CUST_02511,898.94,CARD,,SUCCESS,2026-08-15 09:09:43.291338
PAY_003144,CUST_03835,1091.98,WALLET,,SUCCESS,2026-08-11 13:27:43.292090
PAY_003145,CUST_04890,9051.24,CARD,,SUCCESS,2026-08-15 20:42:43.292886
PAY_003146,CUST_01554,2271.01,WALLET,,SUCCESS,2026-08-14 03:23:43.293425
PAY_003147,CUST_01558,1356.35,CARD,,SUCCESS,2026-08-07 18:27:43.293953
PAY_003148,CUST_03402,1429.17,UPI,BANK_DECLINED,FAILED,2026-08-11 04:16:43.294468
PAY_003149,CUST_01950,540.67,NETBANKING,,SUCCESS,2026-08-11 10:35:43.295003
PAY_003150,CUST_03859,1540.36,WALLET,AUTHENTICATION_FAILED,FAILED,2026-08-17 14:33:43.295518
PAY_003151,CUST_04478,633.81,NETBANKING,,SUCCESS,2026-07-27 19:26:43.296036
PAY_003152,CUST_02298,7743.56,NETBANKING,,SUCCESS,2026-08-02 15:01:43.296550
PAY_003153,CUST_01105,7739.31,CARD,,SUCCESS,2026-08-06 23:48:43.297081
PAY_003154,CUST_03583,1670.99,UPI,,SUCCESS,2026-08-06 01:57:43.297596
PAY_003155,CUST_04528,1355.49,NETBANKING,,SUCCESS,2026-08-02 06:22:43.298165
PAY_003156,CUST_00135,1425.0,WALLET,,SUCCESS,2026-08-24 18:15:43.298901
PAY_003157,CUST_03534,905.2,UPI,,SUCCESS,2026-08-08 05:57:43.299781
PAY_003158,CUST_04582,1343.35,UPI,,SUCCESS,2026-08-05 04:35:43.300328
PAY_003159,CUST_01876,510.21,WALLET,,SUCCESS,2026-08-05 16:34:43.300864
PAY_003160,CUST_04577,385.01,CARD,,SUCCESS,2026-08-12 10:37:43.301382
PAY_003161,CUST_00789,1273.51,CARD,,SUCCESS,2026-08-06 08:09:43.301900
PAY_003162,CUST_01708,1451.12,UPI,,SUCCESS,2026-08-16 08:14:43.302418
PAY_003163,CUST_02723,621.73,NETBANKING,,SUCCESS,2026-08-08 19:38:43.303000
PAY_003164,CUST_00682,1493.46,CARD,,SUCCESS,2026-08-24 22:35:43.303513
PAY_003165,CUST_04635,1077.9,WALLET,,SUCCESS,2026-08-15 21:51:43.304038
PAY_003166,CUST_01042,1688.07,WALLET,,SUCCESS,2026-08-24 14:42:43.304599
PAY_003167,CUST_01804,738.99,NETBANKING,,SUCCESS,2026-08-02 10:14:43.305235
PAY_003168,CUST_03120,571.37,WALLET,,SUCCESS,2026-08-26 01:01:43.306472
PAY_003169,CUST_04991,1213.38,NETBANKING,,SUCCESS,2026-07-30 11:15:43.307326
PAY_003170,CUST_03709,2198.18,WALLET,,SUCCESS,2026-07-31 09:10:43.308027
PAY_003171,CUST_04852,2351.14,NETBANKING,,SUCCESS,2026-08-21 12:19:43.308797
PAY_003172,CUST_00306,2074.81,WALLET,,SUCCESS,2026-08-01 06:23:43.309344
PAY_003173,CUST_02513,1234.08,CARD,,SUCCESS,2026-08-01 23:31:43.309905
PAY_003174,CUST_04562,858.93,UPI,,SUCCESS,2026-08-07 05:45:43.310447
PAY_003175,CUST_02182,1772.26,CARD,,SUCCESS,2026-08-04 22:44:43.310971
PAY_003176,CUST_03066,2337.99,CARD,BANK_DECLINED,FAILED,2026-08-19 02:15:43.311532
PAY_003177,CUST_04870,284.21,NETBANKING,,SUCCESS,2026-08-07 20:57:43.312081
PAY_003178,CUST_03816,1070.07,WALLET,,SUCCESS,2026-08-17 11:57:43.312951
PAY_003179,CUST_03155,1471.13,NETBANKING,,SUCCESS,2026-08-22 08:16:43.313596
PAY_003180,CUST_00508,1251.78,NETBANKING,,SUCCESS,2026-08-12 16:50:43.314127
PAY_003181,CUST_02134,1410.49,UPI,,SUCCESS,2026-08-23 07:37:43.314645
PAY_003182,CUST_02506,458.8,UPI,,SUCCESS,2026-08-26 15:14:43.315163
PAY_003183,CUST_00224,8734.71,UPI,,SUCCESS,2026-08-14 11:54:43.315679
PAY_003184,CUST_02014,796.2,UPI,,SUCCESS,2026-08-06 05:57:43.316199
PAY_003185,CUST_04434,1213.59,WALLET,,SUCCESS,2026-08-03 12:58:43.316715
PAY_003186,CUST_03102,497.26,NETBANKING,BANK_TIMEOUT,FAILED,2026-08-10 13:45:43.317242
PAY_003187,CUST_04302,1007.7,NETBANKING,,SUCCESS,2026-08-18 18:12:43.317764
PAY_003188,CUST_02231,1064.36,CARD,,SUCCESS,2026-08-01 23:15:43.318284
PAY_003189,CUST_04593,12000.05,UPI,,SUCCESS,2026-07-29 13:18:43.318876
PAY_003190,CUST_01651,1630.39,UPI,,SUCCESS,2026-08-23 21:35:43.319580
PAY_003191,CUST_01509,832.73,NETBANKING,,SUCCESS,2026-08-19 11:44:43.320475
PAY_003192,CUST_02213,9057.66,CARD,,SUCCESS,2026-08-05 00:01:43.323490
PAY_003193,CUST_02217,8283.58,NETBANKING,,SUCCESS,2026-08-25 10:20:43.324462
PAY_003194,CUST_04928,1727.24,WALLET,,SUCCESS,2026-08-07 02:35:43.325768
PAY_003195,CUST_02536,702.65,WALLET,INSUFFICIENT_FUNDS,FAILED,2026-08-19 03:54:43.326507
PAY_003196,CUST_04336,2387.4,WALLET,,SUCCESS,2026-07-31 02:25:43.327365
PAY_003197,CUST_00729,1056.83,UPI,,SUCCESS,2026-08-16 11:12:43.327922
PAY_003198,CUST_00704,1276.95,WALLET,,SUCCESS,2026-08-01 09:59:43.328445
PAY_003199,CUST_01592,100.0,WALLET,,SUCCESS,2026-08-12 02:56:43.328964
PAY_003200,CUST_02971,685.2,CARD,,SUCCESS,2026-08-24 21:02:43.329475
PAY_003201,CUST_03424,2157.17,CARD,BANK_TIMEOUT,FAILED,2026-07-31 19:15:43.330002
PAY_003202,CUST_04393,2141.62,NETBANKING,,SUCCESS,2026-07-28 06:18:43.330516
PAY_003203,CUST_02241,596.65,UPI,BANK_DECLINED,FAILED,2026-08-05 16:38:43.331085
PAY_003204,CUST_03913,1056.44,UPI,,SUCCESS,2026-07-30 17:22:43.331589
PAY_003205,CUST_01830,100.0,UPI,,SUCCESS,2026-07-30 19:17:43.332115
PAY_003206,CUST_01841,1964.07,WALLET,,SUCCESS,2026-08-01 14:13:43.332628
PAY_003207,CUST_03531,1788.79,NETBANKING,,SUCCESS,2026-08-21 08:04:43.333177
PAY_003208,CUST_03074,1098.92,UPI,,SUCCESS,2026-07-28 17:55:43.333728
PAY_003209,CUST_02792,5835.73,NETBANKING,,SUCCESS,2026-08-02 08:14:43.334579
PAY_003210,CUST_04885,1168.43,NETBANKING,,SUCCESS,2026-08-25 00:21:43.335278
PAY_003211,CUST_03111,6193.74,UPI,,SUCCESS,2026-08-13 02:58:43.335809
PAY_003212,CUST_02574,2342.55,CARD,,SUCCESS,2026-08-15 00:46:43.336332
PAY_003213,CUST_03990,2227.61,CARD,,SUCCESS,2026-08-14 00:19:43.336907
PAY_003214,CUST_04534,1102.69,WALLET,BANK_TIMEOUT,FAILED,2026-08-02 14:55:43.337674
PAY_003215,CUST_04801,193.43,WALLET,,SUCCESS,2026-08-12 18:02:43.338216
PAY_003216,CUST_02832,264.43,WALLET,,SUCCESS,2026-08-25 18:03:43.339012
PAY_003217,CUST_00100,2362.82,NETBANKING,BANK_DECLINED,FAILED,2026-08-18 09:03:43.339811
PAY_003218,CUST_03645,1280.96,CARD,,SUCCESS,2026-08-02 21:29:43.340757
PAY_003219,CUST_02877,851.58,UPI,,SUCCESS,2026-08-10 06:54:43.341524
PAY_003220,CUST_03891,1953.89,NETBANKING,BANK_DECLINED,FAILED,2026-08-12 07:12:43.342107
PAY_003221,CUST_03338,865.46,CARD,,SUCCESS,2026-07-31 13:17:43.342855
PAY_003222,CUST_00670,1323.35,UPI,,SUCCESS,2026-08-16 06:00:43.343406
PAY_003223,CUST_01784,1386.55,NETBANKING,AUTHENTICATION_FAILED,FAILED,2026-08-02 03:37:43.343955
PAY_003224,CUST_01525,2626.58,UPI,,SUCCESS,2026-08-01 19:17:43.344476
PAY_003225,CUST_00803,396.4,NETBANKING,,SUCCESS,2026-08-01 15:33:43.345031
PAY_003226,CUST_03584,1087.95,UPI,,SUCCESS,2026-08-08 09:59:43.345538
PAY_003227,CUST_02001,2202.64,UPI,,SUCCESS,2026-08-12 14:12:43.346083
PAY_003228,CUST_01294,1201.66,WALLET,,SUCCESS,2026-08-22 13:20:43.346628
PAY_003229,CUST_02709,462.37,NETBANKING,,SUCCESS,2026-08-24 10:01:43.347184
PAY_003230,CUST_01372,2024.82,UPI,,SUCCESS,2026-07-31 00:17:43.347999
PAY_003231,CUST_00568,100.0,WALLET,BANK_TIMEOUT,FAILED,2026-08-05 10:21:43.348720
PAY_003232,CUST_02514,1230.59,WALLET,,SUCCESS,2026-08-02 02:54:43.349283
PAY_003233,CUST_03996,2085.81,CARD,AUTHENTICATION_FAILED,FAILED,2026-08-01 05:54:43.349800
PAY_003234,CUST_02425,710.85,CARD,,SUCCESS,2026-08-23 01:18:43.350397
PAY_003235,CUST_04020,1481.04,CARD,,SUCCESS,2026-07-28 06:33:43.350946
PAY_003236,CUST_03323,273.96,UPI,,SUCCESS,2026-07-29 01:50:43.351474
PAY_003237,CUST_03098,500.94,WALLET,,SUCCESS,2026-08-16 20:18:43.352130
PAY_003238,CUST_04173,1905.12,CARD,,SUCCESS,2026-08-19 01:53:43.352667
PAY_003239,CUST_01812,1146.34,CARD,,SUCCESS,2026-08-08 05:20:43.353200
PAY_003240,CUST_04557,2136.76,NETBANKING,AUTHENTICATION_FAILED,FAILED,2026-08-18 06:01:43.353767
PAY_003241,CUST_02216,2412.99,CARD,,SUCCESS,2026-08-24 02:02:43.354319
PAY_003242,CUST_04045,1789.05,WALLET,,SUCCESS,2026-08-18 00:39:43.355296
PAY_003243,CUST_04592,130.88,NETBANKING,,SUCCESS,2026-08-11 02:51:43.356016
PAY_003244,CUST_03070,105.56,WALLET,AUTHENTICATION_FAILED,FAILED,2026-08-13 16:40:43.356554
PAY_003245,CUST_01549,1054.74,UPI,NETWORK_ERROR,FAILED,2026-08-15 04:21:43.357089
PAY_003246,CUST_02498,2489.42,WALLET,,SUCCESS,2026-08-26 17:17:43.357594
PAY_003247,CUST_02085,1977.41,WALLET,,SUCCESS,2026-07-30 21:38:43.358114
PAY_003248,CUST_04751,1431.77,NETBANKING,,SUCCESS,2026-08-20 22:51:43.358626
PAY_003249,CUST_02063,1699.55,UPI,,SUCCESS,2026-08-15 11:08:43.359155
PAY_003250,CUST_01385,1255.02,UPI,,SUCCESS,2026-08-16 06:43:43.359669
PAY_003251,CUST_03486,1772.79,UPI,,SUCCESS,2026-08-23 12:01:43.360189
PAY_003252,CUST_03654,896.72,CARD,,SUCCESS,2026-08-16 20:37:43.360743
PAY_003253,CUST_02333,1564.84,UPI,,SUCCESS,2026-07-31 15:17:43.361318
PAY_003254,CUST_03464,1381.11,CARD,BANK_TIMEOUT,FAILED,2026-08-26 03:51:43.362228
PAY_003255,CUST_02769,1675.05,NETBANKING,,SUCCESS,2026-08-17 09:30:43.362788
PAY_003256,CUST_02846,315.0,CARD,,SUCCESS,2026-07-28 07:08:43.363371
PAY_003257,CUST_02395,399.13,NETBANKING,,SUCCESS,2026-08-11 23:46:43.363891
PAY_003258,CUST_01387,2268.41,WALLET,,SUCCESS,2026-08-03 04:08:43.364406
PAY_003259,CUST_01110,1405.72,WALLET,,SUCCESS,2026-08-17 14:44:43.364920
PAY_003260,CUST_04929,1279.01,CARD,,SUCCESS,2026-08-17 09:01:43.365443
PAY_003261,CUST_02545,937.47,CARD,,SUCCESS,2026-08-15 17:42:43.365993
PAY_003262,CUST_02247,1857.28,NETBANKING,,SUCCESS,2026-08-06 21:04:43.366506
PAY_003263,CUST_03026,1307.82,UPI,,SUCCESS,2026-08-07 01:36:43.367038
PAY_003264,CUST_01285,3830.57,UPI,,SUCCESS,2026-08-24 01:47:43.367554
PAY_003265,CUST_03657,1661.93,NETBANKING,,SUCCESS,2026-08-17 12:14:43.368240
PAY_003266,CUST_01148,1522.29,NETBANKING,,SUCCESS,2026-08-20 09:12:43.368825
PAY_003267,CUST_03982,1225.07,CARD,,SUCCESS,2026-08-07 09:24:43.369625
PAY_003268,CUST_03050,1816.03,WALLET,,SUCCESS,2026-08-02 16:25:43.370395
PAY_003269,CUST_04343,1837.53,WALLET,BANK_DECLINED,FAILED,2026-08-12 23:42:43.370940
PAY_003270,CUST_03194,1466.25,WALLET,,SUCCESS,2026-08-17 15:25:43.371454
PAY_003271,CUST_03219,1164.69,NETBANKING,,SUCCESS,2026-08-05 02:03:43.372126
PAY_003272,CUST_04978,1135.41,NETBANKING,,SUCCESS,2026-08-19 11:37:43.372775
PAY_003273,CUST_01707,2953.26,WALLET,,SUCCESS,2026-08-20 17:04:43.373358
PAY_003274,CUST_04904,11122.03,CARD,NETWORK_ERROR,FAILED,2026-08-09 06:49:43.373873
PAY_003275,CUST_04085,6806.34,CARD,,SUCCESS,2026-08-21 18:55:43.374403
PAY_003276,CUST_04948,274.84,NETBANKING,,SUCCESS,2026-08-03 00:41:43.374921
PAY_003277,CUST_04710,1512.28,UPI,,SUCCESS,2026-08-14 09:59:43.375483
PAY_003278,CUST_01782,978.01,NETBANKING,,SUCCESS,2026-08-08 09:55:43.376238
PAY_003279,CUST_01350,1901.77,UPI,INSUFFICIENT_FUNDS,FAILED,2026-08-13 21:58:43.377072
PAY_003280,CUST_01784,2096.65,CARD,,SUCCESS,2026-08-01 11:37:43.377611
PAY_003281,CUST_03694,5544.76,CARD,,SUCCESS,2026-07-29 05:27:43.378153
PAY_003282,CUST_03027,2833.43,UPI,,SUCCESS,2026-08-20 00:01:43.378667
PAY_003283,CUST_01874,4261.62,NETBANKING,,SUCCESS,2026-08-01 13:54:43.379193
PAY_003284,CUST_03311,691.15,NETBANKING,,SUCCESS,2026-08-26 17:17:43.379709
PAY_003285,CUST_03583,1784.17,CARD,,SUCCESS,2026-08-21 20:24:43.380272
PAY_003286,CUST_03576,2207.97,WALLET,,SUCCESS,2026-08-15 08:32:43.380790
PAY_003287,CUST_00824,1968.03,NETBANKING,,SUCCESS,2026-07-31 02:36:43.381317
PAY_003288,CUST_00064,434.08,WALLET,,SUCCESS,2026-07-30 09:48:43.381828
PAY_003289,CUST_01381,1157.58,NETBANKING,,SUCCESS,2026-08-22 09:55:43.382444
PAY_003290,CUST_02942,1087.75,CARD,,SUCCESS,2026-08-15 15:24:43.383647
PAY_003291,CUST_02151,1734.95,NETBANKING,,SUCCESS,2026-08-10 13:04:43.384584
PAY_003292,CUST_03441,1331.29,CARD,,SUCCESS,2026-08-02 13:15:43.385743
PAY_003293,CUST_00446,1212.15,CARD,,SUCCESS,2026-08-07 04:18:43.386992
PAY_003294,CUST_00372,5700.34,UPI,,SUCCESS,2026-08-23 07:34:43.388125
PAY_003295,CUST_00410,1121.96,CARD,INSUFFICIENT_FUNDS,FAILED,2026-08-08 02:15:43.390554
PAY_003296,CUST_02326,400.28,CARD,,SUCCESS,2026-08-05 12:42:43.391859
PAY_003297,CUST_04485,2119.58,UPI,,SUCCESS,2026-08-22 02:48:43.393060
PAY_003298,CUST_04034,1650.62,WALLET,,SUCCESS,2026-08-20 14:38:43.394593
PAY_003299,CUST_02677,1769.76,CARD,,SUCCESS,2026-08-16 20:15:43.395597
PAY_003300,CUST_00600,566.45,UPI,,SUCCESS,2026-08-15 02:45:43.396457
PAY_003301,CUST_03628,1889.08,WALLET,BANK_TIMEOUT,FAILED,2026-08-14 00:35:43.397280
PAY_003302,CUST_00637,1952.81,WALLET,,SUCCESS,2026-08-17 06:30:43.398148
PAY_003303,CUST_00899,550.15,CARD,AUTHENTICATION_FAILED,FAILED,2026-08-21 09:08:43.398817
PAY_003304,CUST_04612,2127.86,NETBANKING,,SUCCESS,2026-07-30 13:21:43.399555
PAY_003305,CUST_02115,361.79,CARD,,SUCCESS,2026-08-24 18:38:43.400174
PAY_003306,CUST_02692,3876.75,NETBANKING,,SUCCESS,2026-08-02 03:53:43.400768
PAY_003307,CUST_04806,9081.26,UPI,,SUCCESS,2026-08-04 12:09:43.401360
PAY_003308,CUST_03299,2477.74,CARD,,SUCCESS,2026-08-08 01:04:43.401940
PAY_003309,CUST_03727,655.1,UPI,,SUCCESS,2026-08-22 17:59:43.402518
PAY_003310,CUST_02317,819.6,CARD,,SUCCESS,2026-07-31 14:05:43.403096
PAY_003311,CUST_04871,3880.02,WALLET,,SUCCESS,2026-08-10 21:43:43.403739
PAY_003312,CUST_01670,1459.81,WALLET,,SUCCESS,2026-08-01 11:16:43.404523
PAY_003313,CUST_04413,8068.32,UPI,,SUCCESS,2026-08-22 08:22:43.405765
PAY_003314,CUST_04015,5459.9,UPI,,SUCCESS,2026-08-14 06:13:43.407255
PAY_003315,CUST_00749,1677.01,CARD,,SUCCESS,2026-08-16 03:03:43.408324
PAY_003316,CUST_03462,2378.89,CARD,,SUCCESS,2026-08-17 20:57:43.409275
PAY_003317,CUST_02318,568.88,CARD,,SUCCESS,2026-08-20 18:01:43.410191
PAY_003318,CUST_02095,1703.35,UPI,,SUCCESS,2026-08-06 07:56:43.411241
PAY_003319,CUST_00503,530.99,CARD,,SUCCESS,2026-08-25 08:29:43.412618
PAY_003320,CUST_01335,814.92,CARD,BANK_DECLINED,FAILED,2026-07-29 05:53:43.413402
PAY_003321,CUST_01168,932.58,NETBANKING,,SUCCESS,2026-08-07 03:13:43.414332
PAY_003322,CUST_02039,2664.1,UPI,,SUCCESS,2026-08-19 13:08:43.415449
PAY_003323,CUST_02632,576.91,UPI,,SUCCESS,2026-08-18 23:41:43.416170
PAY_003324,CUST_00906,1251.8,CARD,,SUCCESS,2026-08-07 15:44:43.416934
PAY_003325,CUST_02749,952.0,CARD,,SUCCESS,2026-08-17 03:33:43.417668
PAY_003326,CUST_04518,1834.55,WALLET,,SUCCESS,2026-08-21 20:26:43.418531
PAY_003327,CUST_00953,1077.68,CARD,,SUCCESS,2026-08-14 16:11:43.419345
PAY_003328,CUST_04905,8837.28,NETBANKING,,SUCCESS,2026-08-06 04:01:43.419895
PAY_003329,CUST_03423,2174.71,CARD,,SUCCESS,2026-08-06 08:23:43.420407
PAY_003330,CUST_04802,1095.98,WALLET,,SUCCESS,2026-08-14 01:56:43.420929
PAY_003331,CUST_02405,1516.93,CARD,,SUCCESS,2026-08-25 21:00:43.421456
PAY_003332,CUST_02394,1112.58,NETBANKING,,SUCCESS,2026-08-09 16:42:43.422068
PAY_003333,CUST_03196,2075.33,WALLET,,SUCCESS,2026-08-22 15:27:43.422718
PAY_003334,CUST_01442,3810.75,UPI,,SUCCESS,2026-08-21 00:24:43.423294
PAY_003335,CUST_03236,1549.8,CARD,,SUCCESS,2026-08-02 12:06:43.423820
PAY_003336,CUST_04501,1837.73,UPI,,SUCCESS,2026-08-01 07:08:43.424435
PAY_003337,CUST_03362,530.25,CARD,,SUCCESS,2026-08-24 09:10:43.425086
PAY_003338,CUST_02593,1788.04,CARD,,SUCCESS,2026-08-21 00:47:43.426163
PAY_003339,CUST_02521,1716.52,UPI,,SUCCESS,2026-08-03 15:33:43.426727
PAY_003340,CUST_03054,100.0,UPI,,SUCCESS,2026-08-15 19:06:43.427285
PAY_003341,CUST_01280,1396.22,UPI,,SUCCESS,2026-08-11 08:28:43.427798
PAY_003342,CUST_02666,1261.55,UPI,,SUCCESS,2026-08-14 23:16:43.428357
PAY_003343,CUST_01978,1362.92,CARD,,SUCCESS,2026-08-18 16:07:43.428886
PAY_003344,CUST_04855,7929.71,WALLET,INSUFFICIENT_FUNDS,FAILED,2026-08-20 10:16:43.429414
PAY_003345,CUST_00266,1962.32,CARD,,SUCCESS,2026-07-28 19:55:43.430080
PAY_003346,CUST_02636,1142.51,CARD,AUTHENTICATION_FAILED,FAILED,2026-08-06 15:43:43.430685
PAY_003347,CUST_03155,1354.68,UPI,BANK_DECLINED,FAILED,2026-08-05 19:27:43.431224
PAY_003348,CUST_00724,1396.72,NETBANKING,,SUCCESS,2026-08-11 10:02:43.431807
PAY_003349,CUST_00871,666.01,UPI,BANK_TIMEOUT,FAILED,2026-08-25 16:26:43.432649
PAY_003350,CUST_02963,1430.26,UPI,,SUCCESS,2026-08-22 23:31:43.433423
PAY_003351,CUST_02740,978.67,UPI,,SUCCESS,2026-08-23 00:37:43.433988
PAY_003352,CUST_03175,2483.6,WALLET,,SUCCESS,2026-08-22 07:33:43.434501
PAY_003353,CUST_00225,2715.41,NETBANKING,,SUCCESS,2026-08-24 04:21:43.435021
PAY_003354,CUST_03520,1374.36,UPI,,SUCCESS,2026-08-19 23:17:43.435536
PAY_003355,CUST_03891,1841.17,NETBANKING,,SUCCESS,2026-08-09 12:51:43.436067
PAY_003356,CUST_01879,1405.82,NETBANKING,,SUCCESS,2026-08-13 11:47:43.436583
PAY_003357,CUST_03805,1735.9,UPI,AUTHENTICATION_FAILED,FAILED,2026-08-20 01:17:43.437111
PAY_003358,CUST_04652,2506.49,WALLET,,SUCCESS,2026-08-13 17:12:43.437621
PAY_003359,CUST_02421,1871.1,UPI,,SUCCESS,2026-08-19 22:24:43.438172
PAY_003360,CUST_03763,1725.3,NETBANKING,,SUCCESS,2026-08-03 23:12:43.439508
PAY_003361,CUST_02357,637.03,UPI,,SUCCESS,2026-08-12 11:47:43.440458
PAY_003362,CUST_04175,100.0,UPI,,SUCCESS,2026-08-03 16:56:43.441296
PAY_003363,CUST_03175,1747.74,UPI,,SUCCESS,2026-08-24 18:39:43.442085
PAY_003364,CUST_00187,1558.24,UPI,,SUCCESS,2026-08-14 21:29:43.442617
PAY_003365,CUST_03687,1549.71,WALLET,,SUCCESS,2026-08-11 01:40:43.443146
PAY_003366,CUST_04193,100.0,UPI,,SUCCESS,2026-08-10 08:03:43.443661
PAY_003367,CUST_04471,717.21,NETBANKING,,SUCCESS,2026-08-02 15:56:43.444180
PAY_003368,CUST_01477,7541.52,WALLET,,SUCCESS,2026-08-01 03:56:43.444691
PAY_003369,CUST_02972,1674.75,WALLET,,SUCCESS,2026-08-19 23:50:43.445208
PAY_003370,CUST_01738,1629.51,CARD,,SUCCESS,2026-08-12 03:33:43.445716
PAY_003371,CUST_02095,1599.08,UPI,,SUCCESS,2026-08-10 02:53:43.446534
PAY_003372,CUST_04470,2257.89,CARD,,SUCCESS,2026-07-31 12:50:43.447541
PAY_003373,CUST_00105,1029.55,UPI,,SUCCESS,2026-08-01 15:21:43.448155
PAY_003374,CUST_04195,1472.71,WALLET,,SUCCESS,2026-08-24 08:57:43.448683
PAY_003375,CUST_00970,504.68,CARD,,SUCCESS,2026-08-08 02:51:43.449211
PAY_003376,CUST_00163,2332.57,WALLET,,SUCCESS,2026-07-29 15:45:43.449727
PAY_003377,CUST_01796,1099.68,UPI,,SUCCESS,2026-07-29 08:52:43.450251
PAY_003378,CUST_04289,1822.89,CARD,,SUCCESS,2026-08-21 01:30:43.450764
PAY_003379,CUST_03560,1581.87,NETBANKING,BANK_TIMEOUT,FAILED,2026-08-21 05:10:43.451287
PAY_003380,CUST_04142,845.41,NETBANKING,,SUCCESS,2026-08-02 17:32:43.451792
PAY_003381,CUST_03295,772.76,UPI,,SUCCESS,2026-08-14 21:08:43.452315
PAY_003382,CUST_04592,100.0,NETBANKING,,SUCCESS,2026-07-28 11:42:43.452824
PAY_003383,CUST_03615,1625.26,WALLET,,SUCCESS,2026-08-04 02:26:43.453392
PAY_003384,CUST_00463,1869.88,CARD,,SUCCESS,2026-08-03 07:38:43.454098
PAY_003385,CUST_01551,5068.01,CARD,,SUCCESS,2026-08-02 17:48:43.454815
PAY_003386,CUST_02629,447.41,WALLET,,SUCCESS,2026-08-14 14:22:43.456216
PAY_003387,CUST_04067,1964.82,UPI,,SUCCESS,2026-08-20 08:19:43.456980
PAY_003388,CUST_01869,1270.18,NETBANKING,,SUCCESS,2026-08-19 00:14:43.457599
PAY_003389,CUST_03133,100.0,NETBANKING,,SUCCESS,2026-08-08 05:37:43.458270
PAY_003390,CUST_04523,1749.83,UPI,,SUCCESS,2026-08-15 17:46:43.458902
PAY_003391,CUST_04629,1384.09,CARD,,SUCCESS,2026-08-10 00:38:43.459464
PAY_003392,CUST_01380,1536.58,WALLET,,SUCCESS,2026-08-17 01:16:43.460068
PAY_003393,CUST_04940,2157.01,NETBANKING,,SUCCESS,2026-08-23 01:08:43.460853
PAY_003394,CUST_04996,1052.06,UPI,,SUCCESS,2026-08-09 00:41:43.461980
PAY_003395,CUST_04465,2343.45,WALLET,,SUCCESS,2026-08-19 15:45:43.462912
PAY_003396,CUST_04267,100.0,NETBANKING,,SUCCESS,2026-08-13 13:27:43.463789
PAY_003397,CUST_00600,598.22,UPI,,SUCCESS,2026-08-18 07:04:43.464802
PAY_003398,CUST_00905,815.03,CARD,,SUCCESS,2026-08-09 23:47:43.465703
PAY_003399,CUST_02672,7454.59,CARD,,SUCCESS,2026-08-13 09:56:43.466668
PAY_003400,CUST_00379,912.01,UPI,,SUCCESS,2026-08-22 22:28:43.467287
PAY_003401,CUST_00568,100.0,NETBANKING,,SUCCESS,2026-08-08 01:45:43.468256
PAY_003402,CUST_04643,1750.9,NETBANKING,,SUCCESS,2026-08-03 10:34:43.468821
PAY_003403,CUST_03774,8101.05,UPI,,SUCCESS,2026-08-16 12:10:43.469356
PAY_003404,CUST_02736,1701.44,NETBANKING,,SUCCESS,2026-08-15 19:09:43.469899
PAY_003405,CUST_03916,11252.19,CARD,,SUCCESS,2026-08-14 06:02:43.470418
PAY_003406,CUST_02688,2188.67,CARD,,SUCCESS,2026-08-05 14:14:43.470944
PAY_003407,CUST_03856,1565.01,UPI,,SUCCESS,2026-08-11 07:35:43.471460
PAY_003408,CUST_03098,1161.83,UPI,BANK_DECLINED,FAILED,2026-08-15 22:01:43.472384
PAY_003409,CUST_01145,1183.19,CARD,,SUCCESS,2026-08-17 06:40:43.473414
PAY_003410,CUST_03919,886.15,NETBANKING,,SUCCESS,2026-08-17 22:37:43.474713
PAY_003411,CUST_02000,1552.9,NETBANKING,,SUCCESS,2026-07-31 01:35:43.475751
PAY_003412,CUST_04897,1728.99,UPI,,SUCCESS,2026-08-08 19:44:43.476320
PAY_003413,CUST_02900,1130.4,CARD,,SUCCESS,2026-08-22 03:16:43.476848
PAY_003414,CUST_01547,1544.94,WALLET,AUTHENTICATION_FAILED,FAILED,2026-08-05 13:23:43.477501
PAY_003415,CUST_02229,618.85,UPI,,SUCCESS,2026-08-02 00:16:43.478033
PAY_003416,CUST_04164,1335.47,CARD,,SUCCESS,2026-08-15 19:32:43.478568
PAY_003417,CUST_01526,1427.64,CARD,,SUCCESS,2026-08-04 08:51:43.479092
PAY_003418,CUST_04647,1785.34,WALLET,,SUCCESS,2026-07-28 11:25:43.479607
PAY_003419,CUST_02438,2782.95,CARD,,SUCCESS,2026-08-25 00:03:43.480182
PAY_003420,CUST_02638,682.53,UPI,,SUCCESS,2026-08-23 06:57:43.480754
PAY_003421,CUST_01201,1987.18,WALLET,,SUCCESS,2026-08-11 21:13:43.481380
PAY_003422,CUST_03826,1285.31,UPI,,SUCCESS,2026-08-05 18:34:43.482231
PAY_003423,CUST_00432,1793.66,WALLET,,SUCCESS,2026-08-01 15:21:43.482788
PAY_003424,CUST_00599,1993.84,UPI,,SUCCESS,2026-08-26 07:13:43.483373
PAY_003425,CUST_03899,892.45,CARD,,SUCCESS,2026-08-25 13:51:43.483901
PAY_003426,CUST_02949,680.25,UPI,,SUCCESS,2026-07-31 02:42:43.484429
PAY_003427,CUST_04886,1784.78,WALLET,BANK_TIMEOUT,FAILED,2026-08-01 18:25:43.484946
PAY_003428,CUST_04619,1219.12,UPI,INSUFFICIENT_FUNDS,FAILED,2026-08-09 14:46:43.485457
PAY_003429,CUST_01342,1123.0,WALLET,,SUCCESS,2026-08-14 18:38:43.486004
PAY_003430,CUST_00398,1131.63,UPI,,SUCCESS,2026-08-07 21:02:43.486519
PAY_003431,CUST_00891,590.69,CARD,,SUCCESS,2026-08-08 22:58:43.487041
PAY_003432,CUST_01353,1427.89,NETBANKING,,SUCCESS,2026-08-20 16:36:43.487545
PAY_003433,CUST_04535,1240.31,UPI,,SUCCESS,2026-08-12 14:56:43.488064
PAY_003434,CUST_04880,1771.09,UPI,,SUCCESS,2026-08-02 20:23:43.489231
PAY_003435,CUST_02060,749.19,NETBANKING,,SUCCESS,2026-08-21 19:59:43.490221
PAY_003436,CUST_00941,2071.14,CARD,,SUCCESS,2026-08-16 06:11:43.491296
PAY_003437,CUST_02227,2143.14,WALLET,,SUCCESS,2026-08-11 04:17:43.492132
PAY_003438,CUST_04027,1045.54,CARD,,SUCCESS,2026-08-08 06:01:43.492955
PAY_003439,CUST_04118,2012.68,CARD,,SUCCESS,2026-08-16 23:24:43.493754
PAY_003440,CUST_02740,1415.07,CARD,,SUCCESS,2026-08-23 10:36:43.496404
PAY_003441,CUST_03065,1328.64,NETBANKING,,SUCCESS,2026-08-11 12:45:43.497435
PAY_003442,CUST_04945,994.76,UPI,,SUCCESS,2026-08-22 14:08:43.498122
PAY_003443,CUST_03960,1325.75,UPI,,SUCCESS,2026-08-13 09:48:43.498746
PAY_003444,CUST_01209,2488.1,WALLET,,SUCCESS,2026-08-24 20:04:43.499323
PAY_003445,CUST_03518,2009.54,UPI,,SUCCESS,2026-08-11 10:15:43.499934
PAY_003446,CUST_03453,618.77,WALLET,NETWORK_ERROR,FAILED,2026-08-06 23:20:43.500504
PAY_003447,CUST_04365,887.37,UPI,,SUCCESS,2026-08-03 03:37:43.501075
PAY_003448,CUST_04531,645.23,UPI,,SUCCESS,2026-08-20 22:12:43.501648
PAY_003449,CUST_01169,1566.1,UPI,,SUCCESS,2026-08-24 20:50:43.502239
PAY_003450,CUST_03039,1732.51,UPI,,SUCCESS,2026-08-03 02:37:43.502994
PAY_003451,CUST_03038,1740.76,NETBANKING,,SUCCESS,2026-08-09 00:15:43.503729
PAY_003452,CUST_01866,792.08,UPI,,SUCCESS,2026-08-25 13:05:43.504317
PAY_003453,CUST_04019,6119.35,WALLET,,SUCCESS,2026-08-23 11:29:43.504885
PAY_003454,CUST_01579,2289.86,CARD,,SUCCESS,2026-08-22 05:42:43.506523
PAY_003455,CUST_04855,7588.12,CARD,,SUCCESS,2026-08-15 05:25:43.507156
PAY_003456,CUST_02847,1621.16,NETBANKING,,SUCCESS,2026-08-24 10:01:43.507982
PAY_003457,CUST_04701,2075.82,CARD,,SUCCESS,2026-08-06 22:23:43.508744
PAY_003458,CUST_02390,859.64,WALLET,,SUCCESS,2026-07-29 06:42:43.509393
PAY_003459,CUST_04762,1260.91,WALLET,,SUCCESS,2026-08-01 05:42:43.510248
PAY_003460,CUST_03863,1103.67,CARD,,SUCCESS,2026-07-29 12:23:43.510937
PAY_003461,CUST_00809,1637.53,NETBANKING,,SUCCESS,2026-08-13 13:41:43.511493
PAY_003462,CUST_00235,1956.76,UPI,,SUCCESS,2026-08-21 12:22:43.512030
PAY_003463,CUST_02845,1787.07,UPI,,SUCCESS,2026-08-02 18:22:43.512550
PAY_003464,CUST_03589,386.57,CARD,,SUCCESS,2026-08-11 04:39:43.513073
PAY_003465,CUST_03034,1672.41,WALLET,,SUCCESS,2026-08-01 17:49:43.513588
PAY_003466,CUST_00092,1407.74,CARD,,SUCCESS,2026-08-08 05:49:43.514124
PAY_003467,CUST_02538,1439.13,CARD,,SUCCESS,2026-07-28 10:13:43.514634
PAY_003468,CUST_03689,1407.14,UPI,,SUCCESS,2026-08-24 08:33:43.515149
PAY_003469,CUST_00338,502.5,NETBANKING,NETWORK_ERROR,FAILED,2026-08-25 23:09:43.515664
PAY_003470,CUST_02541,1418.56,UPI,,SUCCESS,2026-08-03 16:40:43.516235
PAY_003471,CUST_00634,1232.65,UPI,,SUCCESS,2026-08-13 14:50:43.516937
PAY_003472,CUST_00485,2128.65,CARD,,SUCCESS,2026-08-26 01:39:43.517821
PAY_003473,CUST_01389,2346.63,WALLET,,SUCCESS,2026-08-15 04:05:43.518369
PAY_003474,CUST_01667,1197.88,CARD,,SUCCESS,2026-08-08 10:51:43.518897
PAY_003475,CUST_03985,1340.19,WALLET,,SUCCESS,2026-07-29 08:46:43.519414
PAY_003476,CUST_02194,3180.65,WALLET,,SUCCESS,2026-07-27 21:30:43.519944
PAY_003477,CUST_04199,1825.93,WALLET,,SUCCESS,2026-08-22 16:57:43.520456
PAY_003478,CUST_02630,2215.53,NETBANKING,,SUCCESS,2026-08-20 04:18:43.520974
PAY_003479,CUST_00007,1545.57,NETBANKING,,SUCCESS,2026-07-31 10:09:43.521480
PAY_003480,CUST_01504,1432.82,CARD,,SUCCESS,2026-08-20 02:23:43.522436
PAY_003481,CUST_00729,1880.59,UPI,,SUCCESS,2026-08-13 09:18:43.523247
PAY_003482,CUST_04378,1452.61,NETBANKING,AUTHENTICATION_FAILED,FAILED,2026-07-29 15:00:43.524300
PAY_003483,CUST_03587,7921.17,CARD,,SUCCESS,2026-08-18 19:36:43.525037
PAY_003484,CUST_01661,789.88,UPI,,SUCCESS,2026-08-18 08:51:43.525642
PAY_003485,CUST_01057,1522.19,CARD,,SUCCESS,2026-08-13 09:17:43.526243
PAY_003486,CUST_04686,1573.27,WALLET,,SUCCESS,2026-08-08 09:22:43.526808
PAY_003487,CUST_04168,1084.08,UPI,,SUCCESS,2026-08-08 05:26:43.527370
PAY_003488,CUST_00131,987.63,UPI,,SUCCESS,2026-08-01 09:29:43.527947
PAY_003489,CUST_04263,899.3,WALLET,,SUCCESS,2026-07-28 15:34:43.528508
PAY_003490,CUST_00069,1154.79,WALLET,BANK_TIMEOUT,FAILED,2026-07-28 13:43:43.529074
PAY_003491,CUST_00977,2590.26,CARD,,SUCCESS,2026-08-12 16:49:43.529647
PAY_003492,CUST_00434,1737.59,CARD,,SUCCESS,2026-08-03 02:54:43.530238
PAY_003493,CUST_01582,846.22,NETBANKING,,SUCCESS,2026-07-30 08:54:43.530831
PAY_003494,CUST_01586,829.18,CARD,,SUCCESS,2026-08-03 02:40:43.531493
PAY_003495,CUST_04811,779.13,UPI,,SUCCESS,2026-08-13 19:54:43.532209
PAY_003496,CUST_04090,947.57,NETBANKING,,SUCCESS,2026-08-08 05:48:43.532804
PAY_003497,CUST_03084,1229.67,UPI,,SUCCESS,2026-08-20 07:16:43.533367
PAY_003498,CUST_02677,1680.22,WALLET,,SUCCESS,2026-08-11 06:02:43.534025
PAY_003499,CUST_02065,2023.93,CARD,NETWORK_ERROR,FAILED,2026-07-30 21:53:43.534659
PAY_003500,CUST_03423,1744.83,CARD,,SUCCESS,2026-08-07 00:40:43.535257
PAY_003501,CUST_01532,1466.67,UPI,,SUCCESS,2026-08-01 17:27:43.535872
PAY_003502,CUST_04733,1883.58,WALLET,,SUCCESS,2026-08-11 02:21:43.536468
PAY_003503,CUST_03306,1595.05,UPI,,SUCCESS,2026-08-16 22:15:43.537057
PAY_003504,CUST_02114,1334.67,WALLET,NETWORK_ERROR,FAILED,2026-08-22 07:33:43.537698
PAY_003505,CUST_01639,2072.68,CARD,,SUCCESS,2026-08-18 03:02:43.538861
PAY_003506,CUST_00506,768.34,NETBANKING,,SUCCESS,2026-07-31 18:38:43.540230
PAY_003507,CUST_03418,1471.0,UPI,,SUCCESS,2026-08-15 07:42:43.541260
PAY_003508,CUST_02905,2104.45,NETBANKING,,SUCCESS,2026-08-08 15:25:43.542169
PAY_003509,CUST_02646,668.46,CARD,,SUCCESS,2026-07-31 01:03:43.543048
PAY_003510,CUST_01403,1560.61,NETBANKING,,SUCCESS,2026-08-03 14:53:43.543931
PAY_003511,CUST_01083,623.39,UPI,,SUCCESS,2026-08-25 10:42:43.544951
PAY_003512,CUST_03549,4707.73,CARD,,SUCCESS,2026-08-05 00:19:43.546024
PAY_003513,CUST_03201,596.34,UPI,,SUCCESS,2026-08-26 11:46:43.546760
PAY_003514,CUST_04150,1785.54,WALLET,,SUCCESS,2026-07-30 11:05:43.547438
PAY_003515,CUST_01264,1123.4,WALLET,,SUCCESS,2026-08-23 22:30:43.548097
PAY_003516,CUST_01495,1411.91,UPI,,SUCCESS,2026-08-09 03:58:43.548734
PAY_003517,CUST_01728,10112.85,UPI,,SUCCESS,2026-08-23 02:10:43.549393
PAY_003518,CUST_04910,1353.01,NETBANKING,,SUCCESS,2026-08-25 15:02:43.550035
PAY_003519,CUST_02328,5401.69,UPI,NETWORK_ERROR,FAILED,2026-08-02 18:22:43.550664
PAY_003520,CUST_04931,2298.55,NETBANKING,,SUCCESS,2026-08-23 03:23:43.551357
PAY_003521,CUST_00517,1517.5,UPI,,SUCCESS,2026-08-12 03:50:43.552188
PAY_003522,CUST_03342,1351.38,WALLET,,SUCCESS,2026-08-18 17:20:43.553057
PAY_003523,CUST_03975,2367.1,CARD,,SUCCESS,2026-07-31 06:40:43.553782
PAY_003524,CUST_04488,6151.86,WALLET,,SUCCESS,2026-07-29 06:03:43.554421
PAY_003525,CUST_02595,344.4,NETBANKING,INSUFFICIENT_FUNDS,FAILED,2026-07-28 18:33:43.555053
PAY_003526,CUST_01793,127.75,UPI,,SUCCESS,2026-08-04 05:55:43.556472
PAY_003527,CUST_04155,1626.64,NETBANKING,,SUCCESS,2026-08-09 00:05:43.557176
PAY_003528,CUST_00444,415.77,WALLET,INSUFFICIENT_FUNDS,FAILED,2026-08-08 10:27:43.558082
PAY_003529,CUST_04902,487.22,WALLET,,SUCCESS,2026-08-20 20:51:43.558898
PAY_003530,CUST_02754,1208.52,NETBANKING,,SUCCESS,2026-08-25 21:37:43.559704
PAY_003531,CUST_02778,2403.08,UPI,,SUCCESS,2026-08-04 09:23:43.560630
PAY_003532,CUST_00862,452.96,WALLET,,SUCCESS,2026-08-09 06:56:43.561602
PAY_003533,CUST_02151,1621.94,CARD,,SUCCESS,2026-08-01 01:17:43.562527
PAY_003534,CUST_03585,585.81,UPI,,SUCCESS,2026-08-14 19:01:43.563456
PAY_003535,CUST_02284,675.68,NETBANKING,BANK_TIMEOUT,FAILED,2026-08-17 21:35:43.564341
PAY_003536,CUST_00535,466.44,WALLET,,SUCCESS,2026-08-16 05:21:43.565295
PAY_003537,CUST_00257,2149.53,CARD,,SUCCESS,2026-08-12 11:41:43.566239
PAY_003538,CUST_01265,1525.33,CARD,,SUCCESS,2026-08-17 13:34:43.567250
PAY_003539,CUST_04693,1616.25,WALLET,,SUCCESS,2026-08-21 20:08:43.568142
PAY_003540,CUST_02635,8905.45,UPI,,SUCCESS,2026-08-05 15:47:43.569014
PAY_003541,CUST_02309,1528.98,CARD,BANK_TIMEOUT,FAILED,2026-08-23 05:02:43.569950
PAY_003542,CUST_00430,3256.37,UPI,,SUCCESS,2026-08-09 12:00:43.570876
PAY_003543,CUST_00920,8398.42,WALLET,,SUCCESS,2026-08-15 22:57:43.572598
PAY_003544,CUST_00673,811.43,NETBANKING,,SUCCESS,2026-08-20 18:18:43.573907
PAY_003545,CUST_00289,1464.59,NETBANKING,,SUCCESS,2026-08-09 16:12:43.575231
PAY_003546,CUST_04145,2433.99,CARD,,SUCCESS,2026-08-06 10:06:43.575991
PAY_003547,CUST_01543,771.88,NETBANKING,BANK_DECLINED,FAILED,2026-08-14 17:52:43.576686
PAY_003548,CUST_01210,405.25,CARD,,SUCCESS,2026-07-31 10:40:43.577383
PAY_003549,CUST_04513,665.97,CARD,,SUCCESS,2026-08-08 18:47:43.578057
PAY_003550,CUST_01144,1268.36,UPI,,SUCCESS,2026-08-22 11:38:43.578722
PAY_003551,CUST_02241,1031.06,NETBANKING,,SUCCESS,2026-08-24 09:06:43.579453
PAY_003552,CUST_01376,1236.22,CARD,,SUCCESS,2026-08-15 09:40:43.580217
PAY_003553,CUST_03140,456.79,WALLET,,SUCCESS,2026-08-05 09:04:43.581119
PAY_003554,CUST_02201,10436.96,CARD,,SUCCESS,2026-08-05 16:56:43.581850
PAY_003555,CUST_03580,1477.46,WALLET,,SUCCESS,2026-08-03 10:07:43.582525
PAY_003556,CUST_03444,2108.36,CARD,,SUCCESS,2026-08-23 08:46:43.583157
PAY_003557,CUST_03182,535.29,CARD,BANK_TIMEOUT,FAILED,2026-08-04 09:57:43.583776
PAY_003558,CUST_02926,1221.95,CARD,,SUCCESS,2026-08-22 03:06:43.584364
PAY_003559,CUST_00776,2638.04,NETBANKING,,SUCCESS,2026-08-03 03:31:43.585055
PAY_003560,CUST_00511,2934.06,WALLET,,SUCCESS,2026-08-18 23:25:43.585662
PAY_003561,CUST_04672,1610.41,NETBANKING,,SUCCESS,2026-08-04 10:14:43.586243
PAY_003562,CUST_03176,1718.26,WALLET,,SUCCESS,2026-08-16 03:26:43.586938
PAY_003563,CUST_03207,3290.28,CARD,,SUCCESS,2026-08-02 05:45:43.587948
PAY_003564,CUST_04355,2311.02,UPI,,SUCCESS,2026-08-03 08:02:43.589258
PAY_003565,CUST_04291,1062.33,NETBANKING,,SUCCESS,2026-08-08 04:46:43.590798
PAY_003566,CUST_04677,2851.15,CARD,AUTHENTICATION_FAILED,FAILED,2026-08-06 07:45:43.591775
PAY_003567,CUST_04834,1809.08,UPI,,SUCCESS,2026-08-04 08:35:43.592698
PAY_003568,CUST_04528,1451.81,WALLET,,SUCCESS,2026-08-08 10:56:43.593622
PAY_003569,CUST_00296,1000.59,UPI,,SUCCESS,2026-08-06 03:27:43.594682
PAY_003570,CUST_02834,1990.71,UPI,,SUCCESS,2026-08-08 11:04:43.595708
PAY_003571,CUST_03541,275.23,WALLET,,SUCCESS,2026-08-16 01:09:43.596632
PAY_003572,CUST_03631,2788.63,CARD,,SUCCESS,2026-08-26 01:59:43.597501
PAY_003573,CUST_03327,2552.51,UPI,,SUCCESS,2026-08-09 16:03:43.598390
PAY_003574,CUST_02176,677.56,UPI,,SUCCESS,2026-07-27 19:10:43.599248
PAY_003575,CUST_04052,633.54,CARD,,SUCCESS,2026-08-16 14:18:43.600189
PAY_003576,CUST_00598,1718.18,NETBANKING,,SUCCESS,2026-08-19 12:58:43.601470
PAY_003577,CUST_01234,1377.24,WALLET,BANK_DECLINED,FAILED,2026-08-26 02:40:43.602403
PAY_003578,CUST_02246,1559.45,WALLET,,SUCCESS,2026-08-22 00:18:43.603044
PAY_003579,CUST_02205,1088.63,WALLET,,SUCCESS,2026-07-31 20:54:43.603809
PAY_003580,CUST_04455,1543.35,UPI,,SUCCESS,2026-08-02 23:48:43.604442
PAY_003581,CUST_03116,1463.72,CARD,,SUCCESS,2026-08-23 11:25:43.605065
PAY_003582,CUST_01326,2333.8,CARD,,SUCCESS,2026-08-11 21:17:43.606300
PAY_003583,CUST_01715,875.0,WALLET,,SUCCESS,2026-07-30 17:53:43.607041
PAY_003584,CUST_04637,1039.77,NETBANKING,,SUCCESS,2026-08-16 01:57:43.607777
PAY_003585,CUST_00152,897.4,NETBANKING,,SUCCESS,2026-08-01 21:42:43.608541
PAY_003586,CUST_01501,1056.12,CARD,,SUCCESS,2026-08-21 00:18:43.609332
PAY_003587,CUST_04735,871.91,UPI,,SUCCESS,2026-08-11 17:28:43.610098
PAY_003588,CUST_01103,1943.31,CARD,,SUCCESS,2026-08-02 02:33:43.610777
PAY_003589,CUST_02972,2092.61,NETBANKING,,SUCCESS,2026-08-03 16:42:43.611356
PAY_003590,CUST_03016,1810.35,CARD,,SUCCESS,2026-08-13 05:14:43.612255
PAY_003591,CUST_04593,11630.98,NETBANKING,,SUCCESS,2026-07-30 00:53:43.613207
PAY_003592,CUST_01977,4347.27,UPI,,SUCCESS,2026-07-28 07:53:43.614020
PAY_003593,CUST_00832,1898.12,NETBANKING,NETWORK_ERROR,FAILED,2026-07-29 07:03:43.614626
PAY_003594,CUST_00172,817.61,WALLET,,SUCCESS,2026-08-25 03:46:43.615226
PAY_003595,CUST_02989,1503.28,WALLET,,SUCCESS,2026-08-22 14:45:43.615928
PAY_003596,CUST_04044,1786.37,CARD,,SUCCESS,2026-08-16 01:53:43.616602
PAY_003597,CUST_02380,1475.14,WALLET,,SUCCESS,2026-08-06 10:00:43.617230
PAY_003598,CUST_00306,1926.47,CARD,,SUCCESS,2026-08-02 05:51:43.617825
PAY_003599,CUST_04662,2833.53,CARD,,SUCCESS,2026-08-25 14:14:43.618431
PAY_003600,CUST_04188,922.98,WALLET,,SUCCESS,2026-08-14 06:37:43.619031
PAY_003601,CUST_03613,1585.36,UPI,,SUCCESS,2026-07-29 20:12:43.619882
PAY_003602,CUST_00314,1978.85,WALLET,,SUCCESS,2026-08-04 06:19:43.620882
PAY_003603,CUST_02557,1906.94,WALLET,,SUCCESS,2026-08-09 06:56:43.621548
PAY_003604,CUST_01829,1322.55,WALLET,,SUCCESS,2026-08-03 18:24:43.623695
PAY_003605,CUST_00437,1594.77,CARD,,SUCCESS,2026-08-20 21:26:43.625259
PAY_003606,CUST_00362,714.53,CARD,,SUCCESS,2026-08-04 07:24:43.626376
PAY_003607,CUST_01414,919.68,UPI,,SUCCESS,2026-07-28 12:13:43.627462
PAY_003608,CUST_03219,420.84,UPI,,SUCCESS,2026-08-08 15:30:43.628406
PAY_003609,CUST_00092,1685.79,CARD,,SUCCESS,2026-08-10 00:11:43.629430
PAY_003610,CUST_03442,896.28,NETBANKING,BANK_TIMEOUT,FAILED,2026-08-10 09:16:43.630527
PAY_003611,CUST_00688,1157.79,WALLET,,SUCCESS,2026-08-09 10:47:43.631281
PAY_003612,CUST_01607,211.93,NETBANKING,,SUCCESS,2026-08-06 00:06:43.631970
PAY_003613,CUST_01191,10086.25,UPI,,SUCCESS,2026-08-21 02:32:43.632610
PAY_003614,CUST_01668,788.74,CARD,,SUCCESS,2026-08-11 04:38:43.633220
PAY_003615,CUST_01336,1712.02,NETBANKING,,SUCCESS,2026-08-15 08:29:43.633814
PAY_003616,CUST_02496,1400.71,WALLET,,SUCCESS,2026-08-05 19:41:43.634479
PAY_003617,CUST_04354,1497.54,CARD,,SUCCESS,2026-08-20 09:34:43.635623
PAY_003618,CUST_04286,1669.17,NETBANKING,,SUCCESS,2026-08-18 08:03:43.636961
PAY_003619,CUST_02868,100.0,CARD,,SUCCESS,2026-08-02 13:01:43.638093
PAY_003620,CUST_01167,2494.72,NETBANKING,,SUCCESS,2026-08-08 23:23:43.641285
PAY_003621,CUST_04383,1228.75,CARD,,SUCCESS,2026-08-17 22:21:43.642517
PAY_003622,CUST_00711,1204.81,UPI,,SUCCESS,2026-08-11 07:18:43.643740
PAY_003623,CUST_03223,320.46,NETBANKING,,SUCCESS,2026-08-23 03:55:43.645045
PAY_003624,CUST_02790,1223.42,NETBANKING,,SUCCESS,2026-08-18 07:03:43.646268
PAY_003625,CUST_03006,556.19,NETBANKING,,SUCCESS,2026-08-04 18:59:43.647503
PAY_003626,CUST_03804,2041.54,NETBANKING,,SUCCESS,2026-08-09 01:54:43.649216
PAY_003627,CUST_00652,1823.56,CARD,,SUCCESS,2026-08-08 09:59:43.650599
PAY_003628,CUST_02285,2393.59,CARD,,SUCCESS,2026-08-16 16:06:43.651934
PAY_003629,CUST_01175,2923.53,NETBANKING,,SUCCESS,2026-08-22 03:13:43.653229
PAY_003630,CUST_01466,903.75,UPI,,SUCCESS,2026-08-01 07:17:43.654455
PAY_003631,CUST_00398,704.18,NETBANKING,,SUCCESS,2026-08-10 03:19:43.656242
PAY_003632,CUST_02649,1926.3,WALLET,AUTHENTICATION_FAILED,FAILED,2026-08-14 19:46:43.657466
PAY_003633,CUST_00342,2796.82,NETBANKING,,SUCCESS,2026-08-26 01:48:43.659842
PAY_003634,CUST_00299,1009.54,WALLET,,SUCCESS,2026-08-13 17:04:43.660890
PAY_003635,CUST_03176,1104.37,CARD,,SUCCESS,2026-08-26 10:34:43.661903
PAY_003636,CUST_00235,1236.12,UPI,,SUCCESS,2026-08-03 11:18:43.662878
PAY_003637,CUST_00374,952.04,UPI,,SUCCESS,2026-08-21 15:14:43.663976
PAY_003638,CUST_01359,889.27,WALLET,,SUCCESS,2026-08-19 06:51:43.665135
PAY_003639,CUST_03665,4933.25,NETBANKING,AUTHENTICATION_FAILED,FAILED,2026-08-16 01:05:43.666339
PAY_003640,CUST_00513,7887.78,UPI,,SUCCESS,2026-08-22 20:56:43.667624
PAY_003641,CUST_02068,1234.7,CARD,,SUCCESS,2026-08-08 19:57:43.668789
PAY_003642,CUST_00630,5688.44,NETBANKING,,SUCCESS,2026-08-13 10:08:43.669971
PAY_003643,CUST_02996,1229.99,NETBANKING,,SUCCESS,2026-08-11 20:52:43.671222
PAY_003644,CUST_03048,1689.32,CARD,,SUCCESS,2026-08-18 21:21:43.673941
PAY_003645,CUST_04872,1341.94,CARD,,SUCCESS,2026-08-07 16:41:43.675132
PAY_003646,CUST_00079,1859.96,UPI,,SUCCESS,2026-08-15 22:45:43.676009
PAY_003647,CUST_04246,2138.21,WALLET,,SUCCESS,2026-08-12 08:17:43.676803
PAY_003648,CUST_03205,1468.75,NETBANKING,,SUCCESS,2026-08-19 23:23:43.677424
PAY_003649,CUST_02744,6093.07,UPI,,SUCCESS,2026-08-13 21:14:43.678098
PAY_003650,CUST_03038,1927.17,UPI,,SUCCESS,2026-08-25 04:26:43.678991
PAY_003651,CUST_01163,1995.67,CARD,,SUCCESS,2026-08-06 00:07:43.679823
PAY_003652,CUST_03811,1469.83,UPI,,SUCCESS,2026-07-30 20:33:43.680486
PAY_003653,CUST_00706,1236.66,UPI,,SUCCESS,2026-07-30 05:59:43.681161
PAY_003654,CUST_03154,1647.3,CARD,,SUCCESS,2026-08-05 00:45:43.681805
PAY_003655,CUST_00825,613.91,NETBANKING,INSUFFICIENT_FUNDS,FAILED,2026-08-16 02:11:43.682406
PAY_003656,CUST_00742,1184.38,NETBANKING,,SUCCESS,2026-08-08 11:34:43.683189
PAY_003657,CUST_01744,4518.93,CARD,,SUCCESS,2026-08-11 17:27:43.683821
PAY_003658,CUST_01646,722.41,WALLET,,SUCCESS,2026-08-07 20:24:43.684425
PAY_003659,CUST_00148,11627.43,NETBANKING,AUTHENTICATION_FAILED,FAILED,2026-08-03 17:42:43.685030
PAY_003660,CUST_04147,189.64,WALLET,,SUCCESS,2026-08-02 06:14:43.685670
PAY_003661,CUST_03474,230.97,NETBANKING,,SUCCESS,2026-08-19 03:49:43.686432
PAY_003662,CUST_04978,1570.74,NETBANKING,AUTHENTICATION_FAILED,FAILED,2026-08-11 10:28:43.687332
PAY_003663,CUST_03945,1103.73,NETBANKING,,SUCCESS,2026-08-02 03:35:43.687963
PAY_003664,CUST_02313,652.52,WALLET,,SUCCESS,2026-08-10 05:36:43.689465
PAY_003665,CUST_03262,2250.85,NETBANKING,,SUCCESS,2026-07-29 20:36:43.690419
PAY_003666,CUST_03995,2245.55,CARD,,SUCCESS,2026-08-12 22:14:43.691279
PAY_003667,CUST_00962,589.08,UPI,,SUCCESS,2026-08-23 00:14:43.692164
PAY_003668,CUST_04737,1397.32,WALLET,,SUCCESS,2026-08-11 15:55:43.693129
PAY_003669,CUST_02419,718.37,UPI,BANK_TIMEOUT,FAILED,2026-08-24 20:03:43.694211
PAY_003670,CUST_01306,1237.4,NETBANKING,,SUCCESS,2026-08-09 20:00:43.695161
PAY_003671,CUST_01500,958.45,CARD,,SUCCESS,2026-08-23 11:25:43.695820
PAY_003672,CUST_00155,3214.99,CARD,,SUCCESS,2026-07-28 12:56:43.696465
PAY_003673,CUST_04216,2285.65,UPI,,SUCCESS,2026-08-11 22:49:43.697106
PAY_003674,CUST_03656,2134.39,UPI,,SUCCESS,2026-08-17 07:18:43.697755
PAY_003675,CUST_02755,870.32,NETBANKING,NETWORK_ERROR,FAILED,2026-08-25 05:58:43.698485
PAY_003676,CUST_04559,1264.52,WALLET,,SUCCESS,2026-08-01 12:04:43.699576
PAY_003677,CUST_03375,897.42,UPI,,SUCCESS,2026-08-13 20:46:43.700355
PAY_003678,CUST_03285,1000.16,WALLET,,SUCCESS,2026-08-09 05:27:43.701131
PAY_003679,CUST_00971,2079.28,WALLET,,SUCCESS,2026-08-20 05:31:43.701834
PAY_003680,CUST_01554,1883.57,CARD,,SUCCESS,2026-08-07 12:46:43.702480
PAY_003681,CUST_03941,2105.22,WALLET,,SUCCESS,2026-08-13 11:12:43.703100
PAY_003682,CUST_02001,1853.92,CARD,,SUCCESS,2026-08-26 11:55:43.703728
PAY_003683,CUST_04913,1932.9,CARD,,SUCCESS,2026-08-10 00:01:43.704358
PAY_003684,CUST_01225,4578.24,UPI,,SUCCESS,2026-08-02 20:32:43.704980
PAY_003685,CUST_00760,697.21,CARD,,SUCCESS,2026-08-02 01:23:43.706753
PAY_003686,CUST_02081,1133.97,UPI,,SUCCESS,2026-08-20 16:49:43.708096
PAY_003687,CUST_03496,1520.89,UPI,,SUCCESS,2026-08-21 00:56:43.709014
PAY_003688,CUST_01493,1546.54,CARD,BANK_TIMEOUT,FAILED,2026-07-29 06:07:43.710056
PAY_003689,CUST_02003,1225.92,UPI,,SUCCESS,2026-08-24 02:27:43.711020
PAY_003690,CUST_02757,1640.02,UPI,,SUCCESS,2026-08-22 16:44:43.711948
PAY_003691,CUST_01338,2404.91,WALLET,,SUCCESS,2026-08-14 20:16:43.712825
PAY_003692,CUST_02498,1758.98,CARD,,SUCCESS,2026-08-01 15:08:43.713749
PAY_003693,CUST_02107,948.96,UPI,,SUCCESS,2026-08-02 13:14:43.714966
PAY_003694,CUST_01387,2294.26,WALLET,NETWORK_ERROR,FAILED,2026-08-03 04:20:43.715672
PAY_003695,CUST_04420,1010.34,WALLET,,SUCCESS,2026-08-18 17:36:43.716324
PAY_003696,CUST_01334,1153.33,NETBANKING,,SUCCESS,2026-08-04 22:30:43.716948
PAY_003697,CUST_02246,1625.46,NETBANKING,,SUCCESS,2026-08-10 06:11:43.717550
PAY_003698,CUST_00869,1756.5,NETBANKING,,SUCCESS,2026-08-04 18:24:43.718143
PAY_003699,CUST_01553,963.56,CARD,,SUCCESS,2026-07-31 18:57:43.718741
PAY_003700,CUST_02097,2010.09,NETBANKING,,SUCCESS,2026-08-20 07:17:43.719333
PAY_003701,CUST_03898,1401.67,WALLET,,SUCCESS,2026-08-09 09:11:43.719943
PAY_003702,CUST_03231,1051.24,CARD,,SUCCESS,2026-08-22 03:11:43.720644
PAY_003703,CUST_03171,2465.58,CARD,,SUCCESS,2026-08-06 18:47:43.721631
PAY_003704,CUST_01899,612.54,WALLET,,SUCCESS,2026-08-18 19:08:43.722816
PAY_003705,CUST_04281,1409.77,CARD,INSUFFICIENT_FUNDS,FAILED,2026-08-06 15:07:43.723698
PAY_003706,CUST_00547,677.37,CARD,,SUCCESS,2026-08-01 02:18:43.725019
PAY_003707,CUST_03948,7561.85,CARD,,SUCCESS,2026-08-25 10:54:43.726025
PAY_003708,CUST_00905,863.08,CARD,,SUCCESS,2026-08-19 17:22:43.727029
PAY_003709,CUST_01336,1587.39,CARD,,SUCCESS,2026-08-08 00:56:43.727980
PAY_003710,CUST_01669,1153.48,UPI,,SUCCESS,2026-08-07 08:22:43.728652
PAY_003711,CUST_03487,919.24,UPI,,SUCCESS,2026-07-28 15:26:43.729313
PAY_003712,CUST_01163,1584.49,CARD,,SUCCESS,2026-08-16 00:36:43.730309
PAY_003713,CUST_02020,8603.12,NETBANKING,,SUCCESS,2026-07-28 01:17:43.731242
PAY_003714,CUST_01726,5274.12,CARD,,SUCCESS,2026-07-31 11:59:43.732123
PAY_003715,CUST_01951,1095.34,CARD,,SUCCESS,2026-08-12 05:08:43.733033
PAY_003716,CUST_03076,842.12,NETBANKING,,SUCCESS,2026-08-14 15:29:43.733938
PAY_003717,CUST_02693,1531.64,WALLET,,SUCCESS,2026-07-28 10:48:43.734753
PAY_003718,CUST_04091,1320.73,WALLET,,SUCCESS,2026-08-16 19:49:43.735399
PAY_003719,CUST_02359,1028.17,WALLET,BANK_DECLINED,FAILED,2026-08-15 12:56:43.736312
PAY_003720,CUST_01513,171.02,NETBANKING,,SUCCESS,2026-08-14 21:45:43.737064
PAY_003721,CUST_04836,2130.92,WALLET,,SUCCESS,2026-07-29 23:16:43.737664
PAY_003722,CUST_00743,1834.68,UPI,,SUCCESS,2026-08-18 13:46:43.738240
PAY_003723,CUST_00758,594.13,WALLET,,SUCCESS,2026-08-26 15:56:43.738900
PAY_003724,CUST_04037,1829.67,CARD,,SUCCESS,2026-08-06 18:07:43.739548
PAY_003725,CUST_02134,1502.29,UPI,,SUCCESS,2026-08-11 17:13:43.740125
PAY_003726,CUST_03559,1487.13,WALLET,,SUCCESS,2026-08-02 19:15:43.740707
PAY_003727,CUST_03539,2227.67,UPI,,SUCCESS,2026-08-17 00:52:43.741272
PAY_003728,CUST_03872,1486.9,NETBANKING,,SUCCESS,2026-08-20 11:50:43.741853
PAY_003729,CUST_00060,811.26,CARD,,SUCCESS,2026-08-20 20:09:43.742617
PAY_003730,CUST_02796,1034.9,UPI,,SUCCESS,2026-08-20 15:44:43.743358
PAY_003731,CUST_01733,100.0,WALLET,,SUCCESS,2026-08-24 07:35:43.743953
PAY_003732,CUST_03409,677.74,CARD,,SUCCESS,2026-08-25 01:45:43.744532
PAY_003733,CUST_03918,2085.22,NETBANKING,,SUCCESS,2026-08-01 13:32:43.745105
PAY_003734,CUST_03954,1316.89,WALLET,,SUCCESS,2026-08-03 04:24:43.745914
PAY_003735,CUST_03008,1161.28,WALLET,,SUCCESS,2026-08-10 21:20:43.746632
PAY_003736,CUST_02156,1665.34,NETBANKING,,SUCCESS,2026-08-03 09:05:43.747210
PAY_003737,CUST_00881,1685.16,CARD,,SUCCESS,2026-07-28 18:38:43.747791
PAY_003738,CUST_00707,5345.3,UPI,,SUCCESS,2026-08-24 22:42:43.748357
PAY_003739,CUST_02544,1558.52,NETBANKING,,SUCCESS,2026-08-13 00:54:43.748935
PAY_003740,CUST_00816,1530.12,WALLET,,SUCCESS,2026-07-28 09:55:43.749696
PAY_003741,CUST_00912,2294.19,NETBANKING,BANK_TIMEOUT,FAILED,2026-08-05 20:12:43.750433
PAY_003742,CUST_02025,320.83,CARD,INSUFFICIENT_FUNDS,FAILED,2026-07-31 19:43:43.751015
PAY_003743,CUST_01790,1360.06,UPI,,SUCCESS,2026-08-25 17:56:43.751599
PAY_003744,CUST_02441,2043.26,CARD,,SUCCESS,2026-07-31 01:51:43.752171
PAY_003745,CUST_03754,1225.74,UPI,,SUCCESS,2026-08-22 13:52:43.752740
PAY_003746,CUST_00847,1585.41,WALLET,,SUCCESS,2026-08-14 04:07:43.753306
PAY_003747,CUST_00861,1233.12,CARD,,SUCCESS,2026-08-24 04:57:43.753885
PAY_003748,CUST_01169,1338.85,CARD,,SUCCESS,2026-08-26 13:31:43.754461
PAY_003749,CUST_02827,1566.4,WALLET,,SUCCESS,2026-08-23 00:36:43.755028
PAY_003750,CUST_02454,2785.46,WALLET,,SUCCESS,2026-08-22 13:22:43.756055
PAY_003751,CUST_03488,1444.59,UPI,,SUCCESS,2026-08-20 04:18:43.757128
PAY_003752,CUST_02953,910.43,CARD,,SUCCESS,2026-08-19 21:05:43.758123
PAY_003753,CUST_01148,1171.36,CARD,BANK_TIMEOUT,FAILED,2026-08-05 20:03:43.758751
PAY_003754,CUST_00845,1120.0,CARD,,SUCCESS,2026-08-24 08:26:43.759354
PAY_003755,CUST_01217,1560.61,UPI,BANK_TIMEOUT,FAILED,2026-08-21 15:46:43.759927
PAY_003756,CUST_02186,1860.6,UPI,,SUCCESS,2026-08-20 21:25:43.760512
PAY_003757,CUST_01615,1520.72,UPI,,SUCCESS,2026-08-21 06:45:43.761071
PAY_003758,CUST_02020,7382.59,UPI,,SUCCESS,2026-08-06 11:11:43.761653
PAY_003759,CUST_02062,6465.25,NETBANKING,,SUCCESS,2026-08-02 16:54:43.762229
PAY_003760,CUST_01816,900.05,CARD,,SUCCESS,2026-08-17 18:40:43.762829
PAY_003761,CUST_04302,1092.33,CARD,,SUCCESS,2026-08-25 02:26:43.763513
PAY_003762,CUST_03728,1650.21,CARD,,SUCCESS,2026-08-07 03:37:43.764206
PAY_003763,CUST_00728,1983.87,CARD,,SUCCESS,2026-08-02 09:15:43.764794
PAY_003764,CUST_02752,1109.61,CARD,NETWORK_ERROR,FAILED,2026-07-28 04:13:43.765383
PAY_003765,CUST_03045,2070.42,NETBANKING,,SUCCESS,2026-08-03 01:49:43.765952
PAY_003766,CUST_01360,1110.61,NETBANKING,INSUFFICIENT_FUNDS,FAILED,2026-08-22 05:09:43.766520
PAY_003767,CUST_02572,1494.88,UPI,AUTHENTICATION_FAILED,FAILED,2026-08-08 19:40:43.767088
PAY_003768,CUST_01156,1033.22,CARD,,SUCCESS,2026-08-11 10:37:43.767672
PAY_003769,CUST_01927,1996.39,NETBANKING,,SUCCESS,2026-08-20 15:49:43.768243
PAY_003770,CUST_04274,919.0,NETBANKING,NETWORK_ERROR,FAILED,2026-08-20 22:11:43.768807
PAY_003771,CUST_01526,1272.67,CARD,BANK_DECLINED,FAILED,2026-08-10 20:37:43.769377
PAY_003772,CUST_00939,179.1,UPI,,SUCCESS,2026-07-27 23:16:43.769978
PAY_003773,CUST_01254,8274.38,CARD,AUTHENTICATION_FAILED,FAILED,2026-07-30 15:40:43.770556
PAY_003774,CUST_00693,1310.82,WALLET,,SUCCESS,2026-08-26 00:13:43.771218
PAY_003775,CUST_02107,815.72,CARD,,SUCCESS,2026-08-06 03:17:43.772575
PAY_003776,CUST_01955,1302.8,NETBANKING,INSUFFICIENT_FUNDS,FAILED,2026-08-07 11:54:43.773436
PAY_003777,CUST_02633,2063.86,NETBANKING,,SUCCESS,2026-08-02 05:27:43.774089
PAY_003778,CUST_04848,100.0,NETBANKING,,SUCCESS,2026-08-20 20:31:43.774784
PAY_003779,CUST_04581,9477.17,UPI,,SUCCESS,2026-08-14 23:35:43.775416
PAY_003780,CUST_01654,1609.82,CARD,,SUCCESS,2026-08-25 14:52:43.775990
PAY_003781,CUST_00738,1105.65,WALLET,,SUCCESS,2026-08-24 08:06:43.776681
PAY_003782,CUST_01564,681.41,NETBANKING,,SUCCESS,2026-07-29 19:57:43.777293
PAY_003783,CUST_02902,1033.58,CARD,,SUCCESS,2026-08-01 09:54:43.778007
PAY_003784,CUST_03873,684.88,UPI,,SUCCESS,2026-08-19 05:10:43.778874
PAY_003785,CUST_00062,876.26,UPI,,SUCCESS,2026-08-06 14:53:43.779471
PAY_003786,CUST_01433,5993.34,UPI,,SUCCESS,2026-08-07 03:52:43.780042
PAY_003787,CUST_04648,1365.01,UPI,,SUCCESS,2026-08-08 00:29:43.780637
PAY_003788,CUST_03284,9326.32,CARD,,SUCCESS,2026-08-13 23:31:43.781219
PAY_003789,CUST_03143,1557.17,UPI,,SUCCESS,2026-08-11 04:54:43.781804
PAY_003790,CUST_03489,2405.04,CARD,,SUCCESS,2026-07-29 00:51:43.782394
PAY_003791,CUST_01635,993.97,CARD,,SUCCESS,2026-08-13 19:05:43.782967
PAY_003792,CUST_01561,332.33,UPI,BANK_TIMEOUT,FAILED,2026-08-26 00:28:43.783544
PAY_003793,CUST_02063,1514.65,WALLET,,SUCCESS,2026-08-04 04:41:43.784115
PAY_003794,CUST_00143,2403.45,WALLET,,SUCCESS,2026-08-10 00:18:43.784839
PAY_003795,CUST_02399,1533.25,NETBANKING,,SUCCESS,2026-07-29 10:30:43.785688
PAY_003796,CUST_02856,2142.68,WALLET,,SUCCESS,2026-07-30 22:18:43.786294
PAY_003797,CUST_02826,1805.67,NETBANKING,,SUCCESS,2026-08-09 20:35:43.786875
PAY_003798,CUST_04573,951.46,CARD,,SUCCESS,2026-08-15 14:04:43.787451
PAY_003799,CUST_03874,1744.92,UPI,INSUFFICIENT_FUNDS,FAILED,2026-08-15 08:36:43.788020
PAY_003800,CUST_04061,467.61,UPI,,SUCCESS,2026-08-21 18:07:43.788777
PAY_003801,CUST_02150,1971.98,UPI,,SUCCESS,2026-08-21 09:26:43.790002
PAY_003802,CUST_02242,936.55,UPI,,SUCCESS,2026-08-25 00:34:43.791228
PAY_003803,CUST_04927,6561.38,WALLET,,SUCCESS,2026-08-01 13:56:43.792081
PAY_003804,CUST_02673,7056.75,WALLET,,SUCCESS,2026-08-08 15:27:43.792998
PAY_003805,CUST_03428,7028.76,UPI,,SUCCESS,2026-08-04 12:46:43.793608
PAY_003806,CUST_04804,1010.36,UPI,,SUCCESS,2026-08-02 00:16:43.794181
PAY_003807,CUST_01187,1005.68,UPI,BANK_DECLINED,FAILED,2026-08-06 09:48:43.794777
PAY_003808,CUST_00567,1491.03,UPI,,SUCCESS,2026-08-21 20:43:43.795345
PAY_003809,CUST_01747,4271.52,UPI,,SUCCESS,2026-08-05 16:39:43.795928
PAY_003810,CUST_00634,1047.45,UPI,,SUCCESS,2026-08-08 04:35:43.796510
PAY_003811,CUST_02133,1429.7,CARD,,SUCCESS,2026-08-24 08:01:43.797074
PAY_003812,CUST_04267,614.0,CARD,,SUCCESS,2026-08-11 16:05:43.797654
PAY_003813,CUST_02893,730.0,UPI,BANK_DECLINED,FAILED,2026-08-10 08:26:43.798240
PAY_003814,CUST_04247,945.61,NETBANKING,,SUCCESS,2026-08-04 09:27:43.799083
PAY_003815,CUST_04168,915.39,WALLET,,SUCCESS,2026-08-18 19:45:43.799869
PAY_003816,CUST_00890,882.02,CARD,BANK_TIMEOUT,FAILED,2026-08-25 23:50:43.800487
PAY_003817,CUST_02925,1823.7,CARD,,SUCCESS,2026-08-10 21:45:43.801060
PAY_003818,CUST_01164,404.99,NETBANKING,,SUCCESS,2026-08-06 10:50:43.801634
PAY_003819,CUST_01416,1721.22,WALLET,,SUCCESS,2026-07-30 15:43:43.802202
PAY_003820,CUST_04115,555.3,UPI,INSUFFICIENT_FUNDS,FAILED,2026-08-21 07:16:43.802821
PAY_003821,CUST_02355,804.06,NETBANKING,,SUCCESS,2026-08-17 17:33:43.803398
PAY_003822,CUST_01940,2003.33,CARD,,SUCCESS,2026-07-30 03:55:43.803965
PAY_003823,CUST_02301,1053.12,WALLET,,SUCCESS,2026-08-15 05:12:43.804557
PAY_003824,CUST_01323,1962.52,WALLET,,SUCCESS,2026-08-06 21:46:43.805135
PAY_003825,CUST_03368,1362.23,UPI,,SUCCESS,2026-08-10 17:03:43.807183
PAY_003826,CUST_00266,1711.76,CARD,,SUCCESS,2026-08-20 11:54:43.807952
PAY_003827,CUST_00035,1000.0,WALLET,,SUCCESS,2026-08-25 22:09:43.808709
PAY_003828,CUST_04594,100.0,NETBANKING,NETWORK_ERROR,FAILED,2026-08-07 21:48:43.809317
PAY_003829,CUST_02401,217.06,NETBANKING,,SUCCESS,2026-08-11 18:04:43.809898
PAY_003830,CUST_00400,1239.37,UPI,,SUCCESS,2026-08-23 16:48:43.810480
PAY_003831,CUST_03064,9364.09,UPI,,SUCCESS,2026-08-06 10:42:43.811051
PAY_003832,CUST_04381,5733.97,WALLET,,SUCCESS,2026-08-21 03:05:43.811630
PAY_003833,CUST_01004,482.95,UPI,,SUCCESS,2026-08-25 21:25:43.812201
PAY_003834,CUST_03384,1319.86,NETBANKING,,SUCCESS,2026-07-31 03:17:43.812789
PAY_003835,CUST_03559,661.26,UPI,,SUCCESS,2026-08-01 04:01:43.813404
PAY_003836,CUST_01669,1210.24,NETBANKING,,SUCCESS,2026-07-31 15:44:43.814303
PAY_003837,CUST_00248,2064.23,CARD,BANK_TIMEOUT,FAILED,2026-08-12 08:59:43.814918
PAY_003838,CUST_03812,1447.08,UPI,,SUCCESS,2026-08-15 03:47:43.815506
PAY_003839,CUST_03962,1938.95,UPI,,SUCCESS,2026-07-30 22:49:43.816079
PAY_003840,CUST_03936,900.16,WALLET,,SUCCESS,2026-08-08 19:26:43.816659
PAY_003841,CUST_02465,1313.62,WALLET,,SUCCESS,2026-07-28 17:03:43.817226
PAY_003842,CUST_02392,1067.02,UPI,,SUCCESS,2026-08-17 17:53:43.817815
PAY_003843,CUST_02925,1807.16,WALLET,,SUCCESS,2026-08-21 07:30:43.818395
PAY_003844,CUST_00497,1280.21,WALLET,,SUCCESS,2026-07-30 08:15:43.818989
PAY_003845,CUST_00672,1741.06,NETBANKING,,SUCCESS,2026-08-22 03:24:43.819571
PAY_003846,CUST_00391,1466.53,WALLET,,SUCCESS,2026-08-22 06:07:43.820489
PAY_003847,CUST_04455,1234.21,WALLET,,SUCCESS,2026-08-13 17:46:43.821148
PAY_003848,CUST_04802,1087.03,WALLET,,SUCCESS,2026-08-04 22:42:43.821755
PAY_003849,CUST_04957,632.86,CARD,,SUCCESS,2026-08-16 04:03:43.823506
PAY_003850,CUST_02994,1368.59,NETBANKING,,SUCCESS,2026-08-06 21:40:43.824232
PAY_003851,CUST_01347,767.15,NETBANKING,AUTHENTICATION_FAILED,FAILED,2026-07-31 21:58:43.825137
PAY_003852,CUST_00828,1241.13,WALLET,,SUCCESS,2026-08-26 02:52:43.825748
PAY_003853,CUST_00251,940.78,NETBANKING,INSUFFICIENT_FUNDS,FAILED,2026-08-07 04:20:43.826349
PAY_003854,CUST_03808,159.78,CARD,,SUCCESS,2026-08-25 14:08:43.827048
PAY_003855,CUST_03175,1752.47,UPI,,SUCCESS,2026-08-03 07:44:43.827881
PAY_003856,CUST_03371,1152.81,CARD,,SUCCESS,2026-08-21 23:26:43.828488
PAY_003857,CUST_02547,981.76,UPI,INSUFFICIENT_FUNDS,FAILED,2026-08-25 12:55:43.829062
PAY_003858,CUST_01982,1630.26,NETBANKING,,SUCCESS,2026-08-22 11:01:43.829676
PAY_003859,CUST_00238,2125.99,UPI,,SUCCESS,2026-08-16 01:58:43.830259
PAY_003860,CUST_01931,3297.98,WALLET,,SUCCESS,2026-08-20 02:45:43.830844
PAY_003861,CUST_02570,199.71,UPI,,SUCCESS,2026-08-06 13:25:43.831417
PAY_003862,CUST_00194,1459.33,NETBANKING,,SUCCESS,2026-08-03 15:46:43.831984
PAY_003863,CUST_04858,586.41,UPI,AUTHENTICATION_FAILED,FAILED,2026-08-08 15:04:43.832572
PAY_003864,CUST_02462,829.8,NETBANKING,,SUCCESS,2026-08-02 10:24:43.833146
PAY_003865,CUST_03985,805.22,UPI,,SUCCESS,2026-08-06 05:57:43.833732
PAY_003866,CUST_03689,1627.51,NETBANKING,,SUCCESS,2026-08-03 00:46:43.834702
PAY_003867,CUST_04590,1281.16,CARD,,SUCCESS,2026-07-31 19:06:43.835257
PAY_003868,CUST_01809,1023.86,NETBANKING,,SUCCESS,2026-08-06 20:50:43.835789
PAY_003869,CUST_02018,1077.25,CARD,,SUCCESS,2026-08-23 23:28:43.836321
PAY_003870,CUST_03661,1201.79,NETBANKING,,SUCCESS,2026-08-02 04:57:43.836849
PAY_003871,CUST_00121,6292.3,WALLET,BANK_DECLINED,FAILED,2026-08-05 05:56:43.837357
PAY_003872,CUST_04269,5884.82,CARD,,SUCCESS,2026-08-18 04:32:43.837914
PAY_003873,CUST_04217,1611.19,UPI,,SUCCESS,2026-08-13 03:41:43.838462
PAY_003874,CUST_02664,8362.79,UPI,,SUCCESS,2026-07-28 07:08:43.839644
PAY_003875,CUST_00398,991.92,CARD,,SUCCESS,2026-08-03 12:50:43.840905
PAY_003876,CUST_04773,980.67,NETBANKING,,SUCCESS,2026-08-19 06:16:43.842003
PAY_003877,CUST_00131,1483.45,WALLET,,SUCCESS,2026-08-01 07:33:43.842601
PAY_003878,CUST_04422,1973.87,CARD,,SUCCESS,2026-08-05 16:46:43.843115
PAY_003879,CUST_04702,1610.54,WALLET,,SUCCESS,2026-07-31 10:54:43.843636
PAY_003880,CUST_01923,1527.67,WALLET,,SUCCESS,2026-07-28 20:52:43.844156
PAY_003881,CUST_00293,290.14,UPI,AUTHENTICATION_FAILED,FAILED,2026-08-10 15:31:43.844686
PAY_003882,CUST_00236,2298.2,UPI,,SUCCESS,2026-08-15 00:22:43.845193
PAY_003883,CUST_03578,5625.14,UPI,,SUCCESS,2026-07-31 08:18:43.845719
PAY_003884,CUST_03476,1324.51,NETBANKING,,SUCCESS,2026-08-07 08:19:43.846235
PAY_003885,CUST_00649,1085.46,CARD,INSUFFICIENT_FUNDS,FAILED,2026-08-04 14:23:43.846771
PAY_003886,CUST_01764,960.01,CARD,,SUCCESS,2026-08-11 14:49:43.847277
PAY_003887,CUST_03547,1060.21,NETBANKING,,SUCCESS,2026-08-21 22:00:43.847844
PAY_003888,CUST_00438,1227.84,WALLET,,SUCCESS,2026-07-31 08:14:43.848400
PAY_003889,CUST_03417,1212.76,WALLET,,SUCCESS,2026-08-18 12:23:43.849336
PAY_003890,CUST_01338,2198.73,UPI,,SUCCESS,2026-07-30 06:20:43.849974
PAY_003891,CUST_01757,1138.92,NETBANKING,,SUCCESS,2026-07-30 00:47:43.850565
PAY_003892,CUST_02018,1062.65,CARD,,SUCCESS,2026-08-14 17:37:43.851080
PAY_003893,CUST_04200,557.08,WALLET,,SUCCESS,2026-08-25 14:53:43.851605
PAY_003894,CUST_03841,1253.09,NETBANKING,,SUCCESS,2026-08-19 21:11:43.852148
PAY_003895,CUST_00961,1630.15,UPI,INSUFFICIENT_FUNDS,FAILED,2026-08-01 06:18:43.852678
PAY_003896,CUST_04179,482.99,WALLET,,SUCCESS,2026-08-20 07:24:43.853188
PAY_003897,CUST_00285,957.88,NETBANKING,,SUCCESS,2026-07-31 09:22:43.853704
PAY_003898,CUST_00084,1786.96,WALLET,,SUCCESS,2026-08-14 06:16:43.854215
PAY_003899,CUST_01137,1450.26,CARD,,SUCCESS,2026-08-26 18:30:43.854794
PAY_003900,CUST_02260,1232.42,CARD,,SUCCESS,2026-08-14 16:25:43.856192
PAY_003901,CUST_00757,2336.26,CARD,,SUCCESS,2026-07-29 20:08:43.857402
PAY_003902,CUST_04863,7694.68,WALLET,INSUFFICIENT_FUNDS,FAILED,2026-08-15 00:29:43.858039
PAY_003903,CUST_01630,694.84,CARD,,SUCCESS,2026-08-02 19:01:43.858695
PAY_003904,CUST_01563,2053.86,UPI,,SUCCESS,2026-08-07 10:45:43.859356
PAY_003905,CUST_01388,931.64,UPI,BANK_TIMEOUT,FAILED,2026-08-13 03:18:43.859920
PAY_003906,CUST_04630,6647.26,UPI,,SUCCESS,2026-07-31 02:16:43.860438
PAY_003907,CUST_01856,1156.32,CARD,,SUCCESS,2026-08-10 12:07:43.860955
PAY_003908,CUST_00714,1379.47,CARD,,SUCCESS,2026-08-17 11:26:43.861526
PAY_003909,CUST_04935,1574.96,UPI,,SUCCESS,2026-08-16 04:46:43.862099
PAY_003910,CUST_04994,979.33,WALLET,BANK_TIMEOUT,FAILED,2026-08-11 05:37:43.863061
PAY_003911,CUST_00170,2214.63,CARD,,SUCCESS,2026-08-24 19:03:43.863630
PAY_003912,CUST_04246,2273.94,NETBANKING,,SUCCESS,2026-08-01 11:15:43.864172
PAY_003913,CUST_03284,9031.89,WALLET,,SUCCESS,2026-08-11 15:45:43.864697
PAY_003914,CUST_04069,7040.96,UPI,,SUCCESS,2026-08-19 06:01:43.865200
PAY_003915,CUST_01708,1057.5,NETBANKING,,SUCCESS,2026-08-13 00:55:43.865724
PAY_003916,CUST_02301,1119.4,NETBANKING,,SUCCESS,2026-08-21 02:49:43.866235
PAY_003917,CUST_03540,2490.85,WALLET,,SUCCESS,2026-08-12 07:40:43.866763
PAY_003918,CUST_04596,1588.87,CARD,,SUCCESS,2026-08-13 15:03:43.867279
PAY_003919,CUST_04235,1823.08,WALLET,,SUCCESS,2026-08-08 11:43:43.867799
PAY_003920,CUST_04511,1332.18,WALLET,,SUCCESS,2026-08-04 17:57:43.868346
PAY_003921,CUST_00364,1264.01,UPI,,SUCCESS,2026-08-03 07:30:43.868924
PAY_003922,CUST_02180,1236.28,NETBANKING,,SUCCESS,2026-07-30 17:28:43.869728
PAY_003923,CUST_02737,1970.39,UPI,,SUCCESS,2026-08-01 21:44:43.870501
PAY_003924,CUST_04367,632.83,UPI,,SUCCESS,2026-08-08 13:12:43.871033
PAY_003925,CUST_04956,1009.82,CARD,,SUCCESS,2026-08-22 09:02:43.871759
PAY_003926,CUST_04411,100.0,WALLET,BANK_DECLINED,FAILED,2026-08-07 23:00:43.873038
PAY_003927,CUST_03005,2208.26,UPI,,SUCCESS,2026-08-16 11:30:43.874306
PAY_003928,CUST_00405,5197.88,CARD,,SUCCESS,2026-08-08 19:57:43.874879
PAY_003929,CUST_04994,983.65,NETBANKING,,SUCCESS,2026-08-01 22:35:43.875543
PAY_003930,CUST_01201,2351.82,CARD,,SUCCESS,2026-07-31 07:26:43.876096
PAY_003931,CUST_03841,1200.51,WALLET,,SUCCESS,2026-08-12 14:30:43.877089
PAY_003932,CUST_01288,907.96,WALLET,,SUCCESS,2026-07-31 23:19:43.877754
PAY_003933,CUST_00959,1191.18,UPI,,SUCCESS,2026-08-11 21:21:43.878278
PAY_003934,CUST_00097,100.0,NETBANKING,BANK_DECLINED,FAILED,2026-08-24 13:02:43.878804
PAY_003935,CUST_04751,1808.89,CARD,,SUCCESS,2026-07-30 12:29:43.879311
PAY_003936,CUST_02496,1620.47,UPI,,SUCCESS,2026-08-05 01:02:43.879834
PAY_003937,CUST_03123,2141.98,CARD,,SUCCESS,2026-08-09 10:11:43.880351
PAY_003938,CUST_02056,1884.49,UPI,,SUCCESS,2026-08-10 19:12:43.880860
PAY_003939,CUST_04719,2535.58,WALLET,,SUCCESS,2026-08-23 05:01:43.881375
PAY_003940,CUST_04527,927.86,UPI,,SUCCESS,2026-08-16 10:51:43.881889
PAY_003941,CUST_00177,1355.04,WALLET,,SUCCESS,2026-08-17 08:37:43.882450
PAY_003942,CUST_02650,1087.06,CARD,,SUCCESS,2026-08-08 02:11:43.883010
PAY_003943,CUST_00854,1170.05,CARD,,SUCCESS,2026-08-22 05:38:43.883956
PAY_003944,CUST_01447,2085.42,NETBANKING,,SUCCESS,2026-08-11 20:59:43.884542
PAY_003945,CUST_04612,2197.77,UPI,,SUCCESS,2026-08-09 12:55:43.885064
PAY_003946,CUST_01452,1620.52,UPI,,SUCCESS,2026-08-25 15:49:43.885592
PAY_003947,CUST_02748,1509.4,NETBANKING,,SUCCESS,2026-08-20 14:27:43.886136
PAY_003948,CUST_00572,1211.28,NETBANKING,,SUCCESS,2026-08-18 15:26:43.886734
PAY_003949,CUST_01859,1997.1,WALLET,NETWORK_ERROR,FAILED,2026-08-14 07:37:43.887253
PAY_003950,CUST_04734,1875.46,WALLET,,SUCCESS,2026-08-07 03:44:43.888208
PAY_003951,CUST_04238,1374.22,UPI,,SUCCESS,2026-08-11 21:50:43.889612
PAY_003952,CUST_04809,1713.87,NETBANKING,,SUCCESS,2026-08-19 10:07:43.891181
PAY_003953,CUST_03242,1968.02,NETBANKING,BANK_DECLINED,FAILED,2026-08-07 12:12:43.892617
PAY_003954,CUST_01499,1055.29,WALLET,,SUCCESS,2026-08-06 14:54:43.893802
PAY_003955,CUST_02940,836.76,UPI,,SUCCESS,2026-07-31 18:58:43.894547
PAY_003956,CUST_00548,100.0,NETBANKING,,SUCCESS,2026-08-12 06:31:43.895679
PAY_003957,CUST_01880,1841.06,CARD,,SUCCESS,2026-08-03 17:44:43.896794
PAY_003958,CUST_01933,681.41,UPI,,SUCCESS,2026-08-07 10:30:43.898007
PAY_003959,CUST_04702,1705.11,NETBANKING,,SUCCESS,2026-08-15 00:58:43.899488
PAY_003960,CUST_00641,1463.48,WALLET,,SUCCESS,2026-08-20 20:00:43.900978
PAY_003961,CUST_03273,2476.83,CARD,,SUCCESS,2026-08-07 17:30:43.901784
PAY_003962,CUST_03884,1603.96,NETBANKING,,SUCCESS,2026-08-24 07:41:43.902619
PAY_003963,CUST_03245,718.34,NETBANKING,AUTHENTICATION_FAILED,FAILED,2026-07-30 02:31:43.903604
PAY_003964,CUST_05000,917.5,UPI,,SUCCESS,2026-08-26 08:52:43.904636
PAY_003965,CUST_00406,1686.47,WALLET,,SUCCESS,2026-08-19 11:49:43.906619
PAY_003966,CUST_04703,1420.1,UPI,,SUCCESS,2026-08-18 19:50:43.907512
PAY_003967,CUST_03593,753.56,CARD,,SUCCESS,2026-08-06 05:15:43.908219
PAY_003968,CUST_03319,390.29,WALLET,,SUCCESS,2026-07-27 21:39:43.909155
PAY_003969,CUST_00114,1876.04,WALLET,,SUCCESS,2026-08-20 16:09:43.910034
PAY_003970,CUST_01200,1964.87,UPI,,SUCCESS,2026-08-09 00:44:43.910955
PAY_003971,CUST_00897,1884.34,UPI,INSUFFICIENT_FUNDS,FAILED,2026-08-14 00:01:43.912032
PAY_003972,CUST_02311,1441.39,UPI,,SUCCESS,2026-08-22 14:04:43.912877
PAY_003973,CUST_01381,908.92,NETBANKING,,SUCCESS,2026-08-02 12:15:43.913531
PAY_003974,CUST_02105,1845.56,WALLET,,SUCCESS,2026-08-24 01:22:43.914391
PAY_003975,CUST_00838,1009.7,UPI,BANK_TIMEOUT,FAILED,2026-08-05 04:30:43.915030
PAY_003976,CUST_03573,1599.57,WALLET,,SUCCESS,2026-08-04 21:17:43.915624
PAY_003977,CUST_00903,450.1,CARD,,SUCCESS,2026-08-17 20:55:43.916212
PAY_003978,CUST_04822,1141.3,CARD,,SUCCESS,2026-07-31 11:43:43.917075
PAY_003979,CUST_01320,9413.63,NETBANKING,,SUCCESS,2026-08-06 13:49:43.918039
PAY_003980,CUST_04867,1913.39,UPI,,SUCCESS,2026-08-14 08:28:43.919389
PAY_003981,CUST_03541,508.12,WALLET,,SUCCESS,2026-08-14 19:29:43.920641
PAY_003982,CUST_01803,1612.35,WALLET,,SUCCESS,2026-08-23 07:43:43.921713
PAY_003983,CUST_02378,1430.3,UPI,,SUCCESS,2026-08-19 07:04:43.923398
PAY_003984,CUST_03262,2018.7,NETBANKING,,SUCCESS,2026-08-16 08:57:43.924172
PAY_003985,CUST_03493,937.32,WALLET,,SUCCESS,2026-08-11 05:09:43.925001
PAY_003986,CUST_04994,532.5,NETBANKING,AUTHENTICATION_FAILED,FAILED,2026-08-09 05:24:43.925789
PAY_003987,CUST_03740,2009.82,UPI,,SUCCESS,2026-08-05 19:07:43.926951
PAY_003988,CUST_01147,4210.99,CARD,,SUCCESS,2026-08-10 00:23:43.927900
PAY_003989,CUST_01430,1270.25,CARD,,SUCCESS,2026-08-12 16:32:43.928804
PAY_003990,CUST_03642,1488.46,CARD,AUTHENTICATION_FAILED,FAILED,2026-08-12 00:39:43.929687
PAY_003991,CUST_04770,2132.74,NETBANKING,,SUCCESS,2026-08-14 13:46:43.930594
PAY_003992,CUST_02817,572.15,WALLET,BANK_DECLINED,FAILED,2026-08-12 21:11:43.931468
PAY_003993,CUST_03164,782.64,NETBANKING,,SUCCESS,2026-07-28 02:29:43.932401
PAY_003994,CUST_02071,1689.43,CARD,,SUCCESS,2026-08-17 19:54:43.933636
PAY_003995,CUST_00510,1647.0,UPI,,SUCCESS,2026-08-21 17:12:43.934619
PAY_003996,CUST_04075,1596.38,CARD,INSUFFICIENT_FUNDS,FAILED,2026-08-06 10:08:43.935253
PAY_003997,CUST_03172,2285.39,WALLET,,SUCCESS,2026-07-29 12:48:43.935858
PAY_003998,CUST_00080,1999.49,UPI,,SUCCESS,2026-08-06 06:32:43.936456
PAY_003999,CUST_04640,2588.72,WALLET,,SUCCESS,2026-08-17 09:34:43.937230
PAY_004000,CUST_02060,544.91,NETBANKING,INSUFFICIENT_FUNDS,FAILED,2026-08-04 12:27:43.938091
PAY_004001,CUST_00904,1288.01,CARD,,SUCCESS,2026-08-01 12:34:43.939895
PAY_004002,CUST_00962,930.68,CARD,,SUCCESS,2026-08-23 11:23:43.941485
PAY_004003,CUST_04593,11841.1,NETBANKING,,SUCCESS,2026-08-26 05:06:43.942588
PAY_004004,CUST_02932,1243.87,UPI,,SUCCESS,2026-08-23 17:24:43.943486
PAY_004005,CUST_03009,2023.9,WALLET,,SUCCESS,2026-08-15 13:09:43.944380
PAY_004006,CUST_02386,1851.68,NETBANKING,,SUCCESS,2026-08-11 19:34:43.945414
PAY_004007,CUST_01018,1254.28,CARD,,SUCCESS,2026-08-25 06:37:43.946493
PAY_004008,CUST_01334,1466.8,CARD,,SUCCESS,2026-08-11 23:53:43.947657
PAY_004009,CUST_03151,1577.42,CARD,,SUCCESS,2026-08-14 15:30:43.948312
PAY_004010,CUST_02454,2745.14,CARD,,SUCCESS,2026-08-11 17:19:43.948902
PAY_004011,CUST_01825,100.0,NETBANKING,,SUCCESS,2026-08-26 05:58:43.949816
PAY_004012,CUST_00028,1834.13,UPI,AUTHENTICATION_FAILED,FAILED,2026-08-23 15:22:43.950679
PAY_004013,CUST_01727,539.6,WALLET,,SUCCESS,2026-08-06 17:41:43.951638
PAY_004014,CUST_02338,1262.24,NETBANKING,,SUCCESS,2026-08-03 09:15:43.952682
PAY_004015,CUST_00406,1465.09,WALLET,,SUCCESS,2026-08-11 01:40:43.953700
PAY_004016,CUST_02971,967.29,NETBANKING,,SUCCESS,2026-08-15 05:20:43.954793
PAY_004017,CUST_02042,1713.19,NETBANKING,,SUCCESS,2026-08-14 21:05:43.956314
PAY_004018,CUST_00350,1631.64,UPI,,SUCCESS,2026-08-02 14:05:43.957514
PAY_004019,CUST_03694,5261.47,NETBANKING,,SUCCESS,2026-08-23 18:50:43.958480
PAY_004020,CUST_01571,1281.28,CARD,,SUCCESS,2026-08-06 06:59:43.959259
PAY_004021,CUST_04198,10580.36,UPI,,SUCCESS,2026-08-26 01:52:43.959841
PAY_004022,CUST_04931,2426.84,NETBANKING,,SUCCESS,2026-08-15 19:43:43.960451
PAY_004023,CUST_03108,2218.98,UPI,,SUCCESS,2026-08-20 02:13:43.961204
PAY_004024,CUST_01734,940.36,NETBANKING,,SUCCESS,2026-08-02 06:17:43.961870
PAY_004025,CUST_01185,2178.38,WALLET,,SUCCESS,2026-07-31 02:27:43.962455
PAY_004026,CUST_02322,1050.1,CARD,,SUCCESS,2026-07-30 12:46:43.963027
PAY_004027,CUST_01885,703.75,NETBANKING,NETWORK_ERROR,FAILED,2026-07-31 10:42:43.963589
PAY_004028,CUST_02180,1094.82,WALLET,,SUCCESS,2026-08-22 00:34:43.964169
PAY_004029,CUST_01420,1236.69,WALLET,,SUCCESS,2026-08-20 12:39:43.964753
PAY_004030,CUST_04971,1103.48,CARD,BANK_TIMEOUT,FAILED,2026-08-22 17:04:43.965330
PAY_004031,CUST_03734,1751.12,WALLET,,SUCCESS,2026-08-15 06:56:43.965896
PAY_004032,CUST_02673,7005.48,CARD,,SUCCESS,2026-08-17 12:21:43.966467
PAY_004033,CUST_04564,1364.11,CARD,,SUCCESS,2026-07-30 19:49:43.967045
PAY_004034,CUST_00451,389.65,CARD,,SUCCESS,2026-08-15 22:37:43.967641
PAY_004035,CUST_01097,1143.28,UPI,,SUCCESS,2026-08-19 22:00:43.968252
PAY_004036,CUST_02563,7379.85,WALLET,,SUCCESS,2026-08-25 10:01:43.968984
PAY_004037,CUST_04342,1375.92,CARD,,SUCCESS,2026-08-01 00:01:43.969613
PAY_004038,CUST_03505,200.48,CARD,,SUCCESS,2026-08-03 06:05:43.970190
PAY_004039,CUST_00225,2342.1,UPI,,SUCCESS,2026-07-31 11:28:43.970753
PAY_004040,CUST_04052,440.84,CARD,,SUCCESS,2026-08-19 03:37:43.971339
PAY_004041,CUST_03722,553.86,UPI,BANK_TIMEOUT,FAILED,2026-08-26 02:36:43.972087
PAY_004042,CUST_04819,10312.67,CARD,,SUCCESS,2026-08-26 16:34:43.973290
PAY_004043,CUST_04203,614.83,WALLET,NETWORK_ERROR,FAILED,2026-08-07 00:52:43.974246
PAY_004044,CUST_03239,1137.11,UPI,,SUCCESS,2026-08-25 10:19:43.974941
PAY_004045,CUST_02085,2013.29,WALLET,,SUCCESS,2026-08-09 05:00:43.975684
PAY_004046,CUST_00041,7113.83,UPI,,SUCCESS,2026-08-13 08:08:43.976413
PAY_004047,CUST_01190,801.4,WALLET,,SUCCESS,2026-08-22 13:22:43.977011
PAY_004048,CUST_03290,875.88,CARD,,SUCCESS,2026-08-01 14:49:43.977598
PAY_004049,CUST_04783,251.71,NETBANKING,INSUFFICIENT_FUNDS,FAILED,2026-07-28 14:34:43.978166
PAY_004050,CUST_03037,1861.16,UPI,,SUCCESS,2026-08-04 19:46:43.978732
PAY_004051,CUST_00146,1599.27,CARD,,SUCCESS,2026-08-17 21:54:43.979300
PAY_004052,CUST_04943,747.06,WALLET,,SUCCESS,2026-07-30 23:51:43.980397
PAY_004053,CUST_01592,100.0,UPI,,SUCCESS,2026-08-25 04:47:43.981599
PAY_004054,CUST_04286,1569.08,UPI,NETWORK_ERROR,FAILED,2026-08-08 09:18:43.982980
PAY_004055,CUST_03457,1004.83,UPI,,SUCCESS,2026-08-09 22:40:43.983984
PAY_004056,CUST_01880,1116.17,NETBANKING,,SUCCESS,2026-08-11 19:03:43.985046
PAY_004057,CUST_00680,2323.67,WALLET,,SUCCESS,2026-08-06 20:58:43.986268
PAY_004058,CUST_00924,1679.89,NETBANKING,,SUCCESS,2026-08-25 21:32:43.987540
PAY_004059,CUST_01521,1601.2,UPI,,SUCCESS,2026-08-06 22:45:43.991092
PAY_004060,CUST_01020,2036.39,WALLET,,SUCCESS,2026-08-07 13:51:43.992618
PAY_004061,CUST_01381,1187.2,UPI,BANK_TIMEOUT,FAILED,2026-07-28 07:51:43.993605
PAY_004062,CUST_03847,2456.64,NETBANKING,,SUCCESS,2026-08-13 04:11:43.994308
PAY_004063,CUST_00813,2706.38,UPI,,SUCCESS,2026-08-16 13:20:43.994982
PAY_004064,CUST_02433,1516.26,UPI,,SUCCESS,2026-08-06 10:37:43.995890
PAY_004065,CUST_03306,1874.21,UPI,,SUCCESS,2026-08-08 15:15:43.996915
PAY_004066,CUST_04427,1337.18,NETBANKING,,SUCCESS,2026-07-29 15:11:43.997593
PAY_004067,CUST_02706,2655.51,UPI,,SUCCESS,2026-08-10 01:42:43.998202
PAY_004068,CUST_00992,2371.22,CARD,,SUCCESS,2026-08-07 05:19:43.998789
PAY_004069,CUST_01543,937.02,CARD,,SUCCESS,2026-08-13 09:32:43.999377
PAY_004070,CUST_00564,1243.75,WALLET,,SUCCESS,2026-08-02 11:17:43.999955
PAY_004071,CUST_01284,1782.18,WALLET,,SUCCESS,2026-08-19 12:52:44.000603
PAY_004072,CUST_02912,582.29,WALLET,,SUCCESS,2026-08-26 02:02:44.001649
PAY_004073,CUST_03716,485.51,WALLET,,SUCCESS,2026-08-01 09:21:44.002636
PAY_004074,CUST_00403,714.19,UPI,,SUCCESS,2026-08-05 06:48:44.004099
PAY_004075,CUST_01078,6913.46,WALLET,,SUCCESS,2026-07-29 19:49:44.004845
PAY_004076,CUST_03770,1161.39,UPI,BANK_DECLINED,FAILED,2026-07-30 20:57:44.007008
PAY_004077,CUST_02957,1331.73,NETBANKING,,SUCCESS,2026-08-06 03:30:44.008120
PAY_004078,CUST_02880,1486.06,WALLET,,SUCCESS,2026-08-09 15:02:44.008998
PAY_004079,CUST_04363,1921.57,CARD,INSUFFICIENT_FUNDS,FAILED,2026-08-25 18:33:44.010030
PAY_004080,CUST_00878,1407.36,CARD,,SUCCESS,2026-08-07 03:26:44.011304
PAY_004081,CUST_02318,671.02,NETBANKING,,SUCCESS,2026-08-06 02:23:44.012786
PAY_004082,CUST_00014,1401.72,CARD,,SUCCESS,2026-08-09 11:40:44.014004
PAY_004083,CUST_04143,1429.17,UPI,AUTHENTICATION_FAILED,FAILED,2026-08-26 12:29:44.015379
PAY_004084,CUST_01040,1814.68,NETBANKING,,SUCCESS,2026-08-20 10:50:44.016275
PAY_004085,CUST_04705,1932.8,WALLET,,SUCCESS,2026-08-10 08:20:44.017186
PAY_004086,CUST_04653,5943.23,NETBANKING,,SUCCESS,2026-08-21 10:14:44.018607
PAY_004087,CUST_01221,821.93,WALLET,,SUCCESS,2026-08-13 13:15:44.020007
PAY_004088,CUST_01066,1954.28,CARD,,SUCCESS,2026-08-04 13:33:44.021196
PAY_004089,CUST_03104,1422.54,CARD,,SUCCESS,2026-08-23 09:22:44.022623
PAY_004090,CUST_03477,327.54,CARD,BANK_DECLINED,FAILED,2026-08-22 14:30:44.024147
PAY_004091,CUST_00488,3773.7,WALLET,,SUCCESS,2026-08-20 12:24:44.025823
PAY_004092,CUST_04083,1797.0,CARD,,SUCCESS,2026-08-19 09:09:44.026984
PAY_004093,CUST_04363,2140.08,WALLET,,SUCCESS,2026-08-11 13:46:44.028110
PAY_004094,CUST_04155,1543.03,UPI,,SUCCESS,2026-08-06 08:09:44.029203
PAY_004095,CUST_02899,1992.54,NETBANKING,,SUCCESS,2026-08-10 02:37:44.030260
PAY_004096,CUST_02689,1079.4,CARD,,SUCCESS,2026-08-21 23:56:44.030955
PAY_004097,CUST_00803,447.88,NETBANKING,,SUCCESS,2026-08-13 10:08:44.031947
PAY_004098,CUST_01805,8127.42,UPI,,SUCCESS,2026-08-12 06:29:44.032692
PAY_004099,CUST_04564,1168.3,CARD,,SUCCESS,2026-08-26 15:43:44.033511
PAY_004100,CUST_04871,4099.66,CARD,,SUCCESS,2026-08-21 00:53:44.034751
PAY_004101,CUST_01289,901.53,NETBANKING,,SUCCESS,2026-08-04 04:05:44.036429
PAY_004102,CUST_00277,1729.06,UPI,,SUCCESS,2026-08-24 12:30:44.037585
PAY_004103,CUST_02912,1228.93,WALLET,INSUFFICIENT_FUNDS,FAILED,2026-08-11 05:08:44.038845
PAY_004104,CUST_01455,1486.48,UPI,,SUCCESS,2026-08-05 21:08:44.039934
PAY_004105,CUST_04968,2636.51,CARD,,SUCCESS,2026-08-14 02:44:44.040597
PAY_004106,CUST_01642,1076.83,WALLET,,SUCCESS,2026-08-18 16:52:44.041182
PAY_004107,CUST_02294,1427.51,NETBANKING,,SUCCESS,2026-08-14 01:03:44.042348
PAY_004108,CUST_00134,100.0,UPI,NETWORK_ERROR,FAILED,2026-08-03 02:43:44.043136
PAY_004109,CUST_01578,551.07,CARD,,SUCCESS,2026-08-19 11:07:44.043846
PAY_004110,CUST_03234,1871.16,WALLET,,SUCCESS,2026-08-15 20:20:44.044639
PAY_004111,CUST_00186,1481.21,WALLET,BANK_TIMEOUT,FAILED,2026-08-09 01:27:44.045311
PAY_004112,CUST_02965,1123.69,NETBANKING,,SUCCESS,2026-08-26 12:03:44.046098
PAY_004113,CUST_02840,100.0,UPI,,SUCCESS,2026-08-10 19:01:44.047177
PAY_004114,CUST_04679,5275.22,UPI,,SUCCESS,2026-08-22 14:58:44.047938
PAY_004115,CUST_01480,1278.49,NETBANKING,BANK_TIMEOUT,FAILED,2026-07-30 00:08:44.048689
PAY_004116,CUST_00180,1164.51,WALLET,,SUCCESS,2026-08-21 19:35:44.049300
PAY_004117,CUST_01359,935.3,UPI,,SUCCESS,2026-08-12 10:50:44.049895
PAY_004118,CUST_01690,1722.89,UPI,,SUCCESS,2026-08-24 19:14:44.050524
PAY_004119,CUST_01747,4130.93,CARD,,SUCCESS,2026-08-06 17:38:44.051130
PAY_004120,CUST_01073,1499.36,CARD,INSUFFICIENT_FUNDS,FAILED,2026-08-24 18:59:44.051726
PAY_004121,CUST_04962,1648.6,UPI,NETWORK_ERROR,FAILED,2026-07-30 18:27:44.052344
PAY_004122,CUST_04473,8931.76,UPI,,SUCCESS,2026-08-26 13:51:44.053047
PAY_004123,CUST_04967,6952.66,NETBANKING,,SUCCESS,2026-07-28 00:55:44.053689
PAY_004124,CUST_01949,825.44,NETBANKING,AUTHENTICATION_FAILED,FAILED,2026-08-11 21:27:44.054278
PAY_004125,CUST_03186,1411.61,CARD,,SUCCESS,2026-07-28 09:25:44.054879
PAY_004126,CUST_03127,1247.33,WALLET,,SUCCESS,2026-08-07 23:33:44.055679
PAY_004127,CUST_02895,1117.43,CARD,,SUCCESS,2026-08-08 00:43:44.056311
PAY_004128,CUST_03226,1625.48,NETBANKING,,SUCCESS,2026-08-14 02:06:44.056905
PAY_004129,CUST_04290,1483.55,UPI,,SUCCESS,2026-08-07 23:19:44.057682
PAY_004130,CUST_01313,1237.21,UPI,,SUCCESS,2026-07-29 08:51:44.058762
PAY_004131,CUST_04291,958.51,CARD,,SUCCESS,2026-08-05 05:00:44.059893
PAY_004132,CUST_03333,1455.77,NETBANKING,,SUCCESS,2026-08-02 06:47:44.061005
PAY_004133,CUST_00321,1832.83,UPI,BANK_TIMEOUT,FAILED,2026-08-15 01:16:44.061821
PAY_004134,CUST_01782,1171.75,CARD,,SUCCESS,2026-08-10 18:37:44.062422
PAY_004135,CUST_03510,1850.91,WALLET,,SUCCESS,2026-08-16 16:38:44.063019
PAY_004136,CUST_04858,939.19,UPI,,SUCCESS,2026-08-05 11:24:44.063633
PAY_004137,CUST_04203,100.0,CARD,,SUCCESS,2026-08-10 09:43:44.064223
PAY_004138,CUST_01922,521.64,CARD,,SUCCESS,2026-08-11 10:21:44.064843
PAY_004139,CUST_00129,1455.04,CARD,,SUCCESS,2026-08-07 15:23:44.065455
PAY_004140,CUST_01259,876.38,WALLET,,SUCCESS,2026-08-14 08:41:44.066037
PAY_004141,CUST_03834,1483.74,WALLET,,SUCCESS,2026-08-25 00:22:44.066718
PAY_004142,CUST_01691,1347.11,WALLET,,SUCCESS,2026-08-17 23:14:44.067577
PAY_004143,CUST_03603,1295.76,CARD,,SUCCESS,2026-08-15 08:19:44.068164
PAY_004144,CUST_03862,1591.51,CARD,,SUCCESS,2026-08-01 21:14:44.068740
PAY_004145,CUST_03525,1088.37,CARD,,SUCCESS,2026-08-12 07:37:44.069318
PAY_004146,CUST_02114,1538.88,WALLET,,SUCCESS,2026-07-29 02:04:44.069928
PAY_004147,CUST_00381,6755.79,NETBANKING,,SUCCESS,2026-08-08 07:32:44.070509
PAY_004148,CUST_02904,856.62,UPI,,SUCCESS,2026-08-11 17:30:44.071105
PAY_004149,CUST_04271,1473.09,WALLET,,SUCCESS,2026-08-06 13:33:44.071699
PAY_004150,CUST_03835,1282.55,UPI,,SUCCESS,2026-08-08 21:06:44.072713
PAY_004151,CUST_01209,2767.25,NETBANKING,,SUCCESS,2026-08-10 17:55:44.073930
PAY_004152,CUST_00421,491.84,WALLET,INSUFFICIENT_FUNDS,FAILED,2026-08-17 09:53:44.074730
PAY_004153,CUST_01383,937.63,UPI,,SUCCESS,2026-07-30 18:00:44.075361
PAY_004154,CUST_01234,1289.94,NETBANKING,BANK_DECLINED,FAILED,2026-08-21 21:51:44.075933
PAY_004155,CUST_00310,476.83,NETBANKING,BANK_TIMEOUT,FAILED,2026-07-30 11:25:44.076514
PAY_004156,CUST_04287,1244.07,CARD,,SUCCESS,2026-08-22 05:57:44.077094
PAY_004157,CUST_00719,1647.14,UPI,,SUCCESS,2026-08-05 17:29:44.077662
PAY_004158,CUST_00261,863.1,WALLET,,SUCCESS,2026-08-22 11:23:44.078241
PAY_004159,CUST_03923,808.94,UPI,,SUCCESS,2026-08-20 07:25:44.078806
PAY_004160,CUST_02529,1974.37,NETBANKING,,SUCCESS,2026-08-06 12:37:44.079377
PAY_004161,CUST_03390,2267.44,UPI,,SUCCESS,2026-08-18 17:23:44.079960
PAY_004162,CUST_00514,1189.35,UPI,,SUCCESS,2026-08-08 07:17:44.080620
PAY_004163,CUST_04773,702.05,NETBANKING,,SUCCESS,2026-08-16 03:30:44.081334
PAY_004164,CUST_01833,952.58,NETBANKING,BANK_TIMEOUT,FAILED,2026-08-18 17:24:44.081933
PAY_004165,CUST_04586,1328.54,UPI,,SUCCESS,2026-08-20 15:10:44.082512
PAY_004166,CUST_02577,6816.58,NETBANKING,,SUCCESS,2026-08-01 00:46:44.083084
PAY_004167,CUST_04720,922.75,UPI,,SUCCESS,2026-08-26 07:19:44.083657
PAY_004168,CUST_02456,1474.61,WALLET,,SUCCESS,2026-08-24 11:25:44.084236
PAY_004169,CUST_00127,2239.1,UPI,,SUCCESS,2026-08-11 10:30:44.084833
PAY_004170,CUST_04393,2111.27,CARD,,SUCCESS,2026-08-10 23:50:44.085396
PAY_004171,CUST_00410,1140.67,NETBANKING,,SUCCESS,2026-08-06 18:07:44.085963
PAY_004172,CUST_04049,7191.83,NETBANKING,,SUCCESS,2026-08-25 07:56:44.086545
PAY_004173,CUST_02594,2169.69,UPI,,SUCCESS,2026-08-04 09:08:44.087125
PAY_004174,CUST_03589,379.01,WALLET,INSUFFICIENT_FUNDS,FAILED,2026-08-20 21:49:44.087729
PAY_004175,CUST_03346,3861.31,UPI,,SUCCESS,2026-08-10 16:22:44.088830
PAY_004176,CUST_02205,1224.72,NETBANKING,,SUCCESS,2026-07-28 11:33:44.089780
PAY_004177,CUST_00688,1171.98,CARD,BANK_TIMEOUT,FAILED,2026-08-24 14:17:44.090458
PAY_004178,CUST_00742,1115.34,WALLET,BANK_DECLINED,FAILED,2026-07-29 11:26:44.091039
PAY_004179,CUST_00741,742.87,NETBANKING,,SUCCESS,2026-08-26 05:33:44.091620
PAY_004180,CUST_01458,1660.04,UPI,,SUCCESS,2026-08-26 15:36:44.092187
PAY_004181,CUST_04615,2379.31,CARD,,SUCCESS,2026-08-25 08:33:44.092772
PAY_004182,CUST_04384,1745.96,WALLET,,SUCCESS,2026-08-24 17:04:44.093340
PAY_004183,CUST_04285,2449.01,NETBANKING,,SUCCESS,2026-08-23 20:31:44.093922
PAY_004184,CUST_01352,1877.41,NETBANKING,AUTHENTICATION_FAILED,FAILED,2026-08-22 12:26:44.094491
PAY_004185,CUST_02635,8689.12,NETBANKING,,SUCCESS,2026-07-29 18:43:44.095051
PAY_004186,CUST_03147,404.07,CARD,,SUCCESS,2026-08-01 23:06:44.095884
PAY_004187,CUST_01804,1610.63,CARD,,SUCCESS,2026-08-09 18:35:44.096591
PAY_004188,CUST_02104,2737.06,NETBANKING,,SUCCESS,2026-08-20 02:51:44.097172
PAY_004189,CUST_02296,288.08,WALLET,BANK_TIMEOUT,FAILED,2026-08-25 06:33:44.097750
PAY_004190,CUST_04627,1011.93,WALLET,AUTHENTICATION_FAILED,FAILED,2026-07-31 11:58:44.098317
PAY_004191,CUST_03475,6371.77,UPI,NETWORK_ERROR,FAILED,2026-07-31 18:59:44.098893
PAY_004192,CUST_03436,465.85,UPI,,SUCCESS,2026-08-23 10:23:44.099498
PAY_004193,CUST_02434,1284.49,WALLET,,SUCCESS,2026-08-05 01:19:44.100098
PAY_004194,CUST_02100,951.13,CARD,NETWORK_ERROR,FAILED,2026-08-03 23:42:44.100674
PAY_004195,CUST_01827,1392.88,CARD,,SUCCESS,2026-08-16 20:58:44.101243
PAY_004196,CUST_00502,1851.93,NETBANKING,,SUCCESS,2026-08-12 19:49:44.101862
PAY_004197,CUST_03471,2295.16,NETBANKING,,SUCCESS,2026-08-16 13:05:44.102402
PAY_004198,CUST_00930,2017.45,WALLET,NETWORK_ERROR,FAILED,2026-08-05 22:06:44.102920
PAY_004199,CUST_04100,2472.27,CARD,,SUCCESS,2026-08-11 13:52:44.103444
PAY_004200,CUST_00248,1830.02,CARD,,SUCCESS,2026-08-19 11:22:44.103948
PAY_004201,CUST_03919,687.73,UPI,,SUCCESS,2026-08-23 11:16:44.104549
PAY_004202,CUST_00416,2015.1,WALLET,,SUCCESS,2026-08-12 12:53:44.105091
PAY_004203,CUST_02114,1847.45,WALLET,,SUCCESS,2026-08-18 10:17:44.105974
PAY_004204,CUST_03844,1341.19,WALLET,,SUCCESS,2026-08-02 08:04:44.106680
PAY_004205,CUST_00441,1432.23,UPI,,SUCCESS,2026-07-29 05:13:44.107282
PAY_004206,CUST_00454,1581.06,CARD,,SUCCESS,2026-08-16 19:51:44.107857
PAY_004207,CUST_02984,1873.48,NETBANKING,,SUCCESS,2026-08-11 17:18:44.108470
PAY_004208,CUST_03621,1373.61,UPI,,SUCCESS,2026-08-26 02:14:44.109233
PAY_004209,CUST_01374,2201.04,UPI,,SUCCESS,2026-07-31 18:51:44.109987
PAY_004210,CUST_00667,7681.64,WALLET,BANK_TIMEOUT,FAILED,2026-08-10 13:51:44.110574
PAY_004211,CUST_02908,1264.88,WALLET,,SUCCESS,2026-08-03 13:21:44.111160
PAY_004212,CUST_00187,864.23,UPI,,SUCCESS,2026-08-19 21:26:44.111725
PAY_004213,CUST_00035,1581.68,UPI,,SUCCESS,2026-08-22 18:20:44.112292
PAY_004214,CUST_01111,830.49,WALLET,,SUCCESS,2026-08-16 18:38:44.112858
PAY_004215,CUST_04807,6038.39,UPI,,SUCCESS,2026-08-13 23:18:44.113444
PAY_004216,CUST_01117,2221.84,NETBANKING,,SUCCESS,2026-08-06 00:13:44.114007
PAY_004217,CUST_02616,1026.38,WALLET,,SUCCESS,2026-08-12 01:46:44.114572
PAY_004218,CUST_04282,188.67,CARD,,SUCCESS,2026-08-22 19:03:44.115171
PAY_004219,CUST_00964,795.37,WALLET,BANK_DECLINED,FAILED,2026-08-19 03:56:44.115822
PAY_004220,CUST_01443,482.73,CARD,,SUCCESS,2026-08-15 20:26:44.116528
PAY_004221,CUST_01042,2186.25,CARD,,SUCCESS,2026-08-26 09:37:44.117161
PAY_004222,CUST_03250,907.98,CARD,,SUCCESS,2026-08-05 23:05:44.117730
PAY_004223,CUST_02309,1373.14,CARD,,SUCCESS,2026-08-23 05:58:44.118301
PAY_004224,CUST_03428,6751.87,WALLET,,SUCCESS,2026-08-25 15:56:44.118864
PAY_004225,CUST_03865,1665.0,CARD,,SUCCESS,2026-08-26 17:41:44.119483
PAY_004226,CUST_02222,999.03,UPI,,SUCCESS,2026-08-22 15:40:44.120063
PAY_004227,CUST_03844,990.62,CARD,,SUCCESS,2026-08-16 12:24:44.120633
PAY_004228,CUST_00079,1765.65,UPI,,SUCCESS,2026-08-18 13:15:44.121213
PAY_004229,CUST_01418,1078.85,CARD,,SUCCESS,2026-08-22 06:46:44.121830
PAY_004230,CUST_00740,1412.72,CARD,,SUCCESS,2026-08-23 17:07:44.122675
PAY_004231,CUST_01714,1937.36,UPI,,SUCCESS,2026-08-03 00:26:44.123674
PAY_004232,CUST_00086,2246.48,WALLET,,SUCCESS,2026-08-26 14:12:44.124382
PAY_004233,CUST_01433,5523.6,UPI,,SUCCESS,2026-08-07 01:07:44.124961
PAY_004234,CUST_04261,1310.27,UPI,,SUCCESS,2026-08-03 21:19:44.125548
PAY_004235,CUST_00003,1540.7,NETBANKING,,SUCCESS,2026-08-11 15:54:44.126115
PAY_004236,CUST_03789,5026.75,UPI,,SUCCESS,2026-07-31 00:02:44.126681
PAY_004237,CUST_04201,1216.28,WALLET,,SUCCESS,2026-08-05 09:01:44.127252
PAY_004238,CUST_02923,1292.31,UPI,,SUCCESS,2026-08-09 09:56:44.127832
PAY_004239,CUST_03615,1314.12,UPI,,SUCCESS,2026-08-24 11:53:44.128394
PAY_004240,CUST_00071,724.81,NETBANKING,,SUCCESS,2026-08-16 00:44:44.128960
PAY_004241,CUST_00976,247.99,CARD,,SUCCESS,2026-08-23 17:31:44.129565
PAY_004242,CUST_04836,2372.71,WALLET,,SUCCESS,2026-07-30 02:04:44.130153
PAY_004243,CUST_01553,1092.95,WALLET,,SUCCESS,2026-08-18 22:36:44.130845
PAY_004244,CUST_01903,1263.3,NETBANKING,,SUCCESS,2026-08-11 16:34:44.131580
PAY_004245,CUST_04701,1364.6,NETBANKING,,SUCCESS,2026-08-24 08:32:44.132173
PAY_004246,CUST_01658,1456.08,CARD,,SUCCESS,2026-08-19 03:14:44.132746
PAY_004247,CUST_02295,1515.27,WALLET,,SUCCESS,2026-08-19 09:22:44.133315
PAY_004248,CUST_03032,1839.56,CARD,AUTHENTICATION_FAILED,FAILED,2026-08-17 01:24:44.133886
PAY_004249,CUST_03607,1694.6,CARD,,SUCCESS,2026-07-29 07:55:44.134455
PAY_004250,CUST_00208,2447.95,CARD,,SUCCESS,2026-08-20 15:07:44.135022
PAY_004251,CUST_04383,666.48,CARD,,SUCCESS,2026-08-24 02:15:44.135654
PAY_004252,CUST_03755,1362.22,NETBANKING,,SUCCESS,2026-08-14 02:25:44.136226
PAY_004253,CUST_02739,113.82,NETBANKING,,SUCCESS,2026-07-27 23:37:44.136823
PAY_004254,CUST_04403,2717.55,CARD,,SUCCESS,2026-08-02 21:33:44.137462
PAY_004255,CUST_01211,1249.35,UPI,,SUCCESS,2026-08-07 14:32:44.138287
PAY_004256,CUST_01139,100.0,NETBANKING,,SUCCESS,2026-07-31 12:20:44.139388
PAY_004257,CUST_00560,1526.77,CARD,,SUCCESS,2026-08-26 07:44:44.140143
PAY_004258,CUST_04334,931.24,UPI,,SUCCESS,2026-08-20 23:31:44.140909
PAY_004259,CUST_03090,1753.25,CARD,BANK_TIMEOUT,FAILED,2026-08-14 04:19:44.141587
PAY_004260,CUST_02236,702.94,CARD,,SUCCESS,2026-08-16 19:39:44.142114
PAY_004261,CUST_02057,1968.16,CARD,,SUCCESS,2026-08-06 19:28:44.142652
PAY_004262,CUST_02362,851.34,CARD,,SUCCESS,2026-08-22 02:07:44.143169
PAY_004263,CUST_03954,870.1,CARD,,SUCCESS,2026-08-24 21:37:44.143742
PAY_004264,CUST_03592,1735.38,CARD,,SUCCESS,2026-08-03 21:06:44.144518
PAY_004265,CUST_04656,789.81,NETBANKING,BANK_TIMEOUT,FAILED,2026-08-08 06:09:44.145307
PAY_004266,CUST_04748,1606.9,CARD,,SUCCESS,2026-08-26 15:43:44.145847
PAY_004267,CUST_04899,1667.59,UPI,,SUCCESS,2026-08-11 02:40:44.146381
PAY_004268,CUST_03526,1766.83,CARD,,SUCCESS,2026-08-06 18:19:44.146898
PAY_004269,CUST_03103,1446.64,NETBANKING,,SUCCESS,2026-08-08 16:17:44.147423
PAY_004270,CUST_00413,895.31,UPI,,SUCCESS,2026-07-29 23:23:44.147932
PAY_004271,CUST_00057,1611.77,CARD,,SUCCESS,2026-08-23 13:17:44.148459
PAY_004272,CUST_00493,1100.64,CARD,,SUCCESS,2026-07-30 13:28:44.148975
PAY_004273,CUST_03521,900.07,UPI,NETWORK_ERROR,FAILED,2026-08-13 04:48:44.149499
PAY_004274,CUST_01807,8208.38,UPI,,SUCCESS,2026-08-19 13:04:44.150014
PAY_004275,CUST_03854,1489.38,CARD,,SUCCESS,2026-08-21 08:32:44.150799
PAY_004276,CUST_04559,826.88,UPI,,SUCCESS,2026-08-14 18:53:44.151792
PAY_004277,CUST_02594,2449.35,NETBANKING,,SUCCESS,2026-08-23 17:49:44.152455
PAY_004278,CUST_04619,1077.63,WALLET,,SUCCESS,2026-08-19 09:42:44.152984
PAY_004279,CUST_01476,1414.1,UPI,INSUFFICIENT_FUNDS,FAILED,2026-08-21 09:25:44.153513
PAY_004280,CUST_03870,2205.61,UPI,,SUCCESS,2026-08-03 23:33:44.154026
PAY_004281,CUST_00830,2153.31,WALLET,AUTHENTICATION_FAILED,FAILED,2026-08-10 00:18:44.154558
PAY_004282,CUST_03561,126.5,WALLET,,SUCCESS,2026-08-08 21:20:44.155061
PAY_004283,CUST_00810,1571.42,UPI,,SUCCESS,2026-08-09 08:21:44.155927
PAY_004284,CUST_00192,2648.42,WALLET,,SUCCESS,2026-08-19 19:47:44.156748
PAY_004285,CUST_03554,847.52,WALLET,BANK_DECLINED,FAILED,2026-08-10 07:50:44.157568
PAY_004286,CUST_02252,1502.53,NETBANKING,BANK_DECLINED,FAILED,2026-08-13 02:39:44.158263
PAY_004287,CUST_00288,2366.18,WALLET,,SUCCESS,2026-08-07 03:35:44.159263
PAY_004288,CUST_01185,2309.24,CARD,,SUCCESS,2026-08-12 20:27:44.159931
PAY_004289,CUST_02928,1787.67,CARD,,SUCCESS,2026-08-16 13:25:44.160572
PAY_004290,CUST_01433,5999.92,NETBANKING,,SUCCESS,2026-08-26 09:33:44.161161
PAY_004291,CUST_01096,6877.67,WALLET,,SUCCESS,2026-08-19 04:10:44.161731
PAY_004292,CUST_01519,1987.21,CARD,,SUCCESS,2026-08-19 02:21:44.162293
PAY_004293,CUST_02704,2097.72,WALLET,,SUCCESS,2026-08-21 10:34:44.162859
PAY_004294,CUST_01951,1193.2,CARD,BANK_DECLINED,FAILED,2026-08-16 22:28:44.163435
PAY_004295,CUST_00147,1006.23,CARD,,SUCCESS,2026-08-11 03:39:44.164010
PAY_004296,CUST_03803,1323.15,NETBANKING,,SUCCESS,2026-08-14 15:44:44.164592
PAY_004297,CUST_02602,867.14,UPI,,SUCCESS,2026-08-03 08:42:44.165293
PAY_004298,CUST_02180,1470.67,UPI,,SUCCESS,2026-08-02 11:49:44.165993
PAY_004299,CUST_00120,1332.24,UPI,,SUCCESS,2026-07-29 10:38:44.166690
PAY_004300,CUST_02362,1374.12,CARD,,SUCCESS,2026-07-28 16:24:44.167234
PAY_004301,CUST_01925,2229.72,NETBANKING,,SUCCESS,2026-08-22 22:26:44.167758
PAY_004302,CUST_03923,1086.45,WALLET,,SUCCESS,2026-08-14 18:53:44.168275
PAY_004303,CUST_03271,1707.5,NETBANKING,,SUCCESS,2026-08-15 21:22:44.168799
PAY_004304,CUST_01731,1038.34,NETBANKING,,SUCCESS,2026-08-05 19:25:44.169310
PAY_004305,CUST_02743,2016.35,CARD,,SUCCESS,2026-08-10 03:30:44.169834
PAY_004306,CUST_03315,2854.11,NETBANKING,,SUCCESS,2026-08-02 14:12:44.170346
PAY_004307,CUST_01075,5262.2,CARD,,SUCCESS,2026-08-14 22:05:44.170864
PAY_004308,CUST_00704,1255.96,UPI,,SUCCESS,2026-08-15 19:46:44.171382
PAY_004309,CUST_01891,1684.43,NETBANKING,,SUCCESS,2026-08-02 17:04:44.171999
PAY_004310,CUST_03954,1560.27,UPI,,SUCCESS,2026-08-09 18:31:44.173111
PAY_004311,CUST_01476,773.34,NETBANKING,,SUCCESS,2026-08-09 22:58:44.173952
PAY_004312,CUST_02115,1056.97,WALLET,,SUCCESS,2026-08-01 03:09:44.174527
PAY_004313,CUST_02822,1951.91,WALLET,,SUCCESS,2026-08-11 17:32:44.175053
PAY_004314,CUST_02672,8255.57,WALLET,,SUCCESS,2026-07-31 01:54:44.175578
PAY_004315,CUST_01090,1734.04,NETBANKING,,SUCCESS,2026-07-28 20:29:44.176093
PAY_004316,CUST_04244,6834.62,CARD,,SUCCESS,2026-08-10 09:07:44.176614
PAY_004317,CUST_01123,1316.37,WALLET,,SUCCESS,2026-08-09 21:57:44.177125
PAY_004318,CUST_02271,747.8,NETBANKING,,SUCCESS,2026-08-08 21:35:44.177640
PAY_004319,CUST_01620,1025.82,WALLET,,SUCCESS,2026-08-23 21:26:44.178153
PAY_004320,CUST_01248,1332.53,NETBANKING,,SUCCESS,2026-08-21 00:44:44.178700
PAY_004321,CUST_01273,1415.42,NETBANKING,,SUCCESS,2026-08-13 18:59:44.179227
PAY_004322,CUST_00219,2242.63,UPI,,SUCCESS,2026-07-31 17:21:44.179998
PAY_004323,CUST_04595,430.97,NETBANKING,,SUCCESS,2026-08-03 15:57:44.180693
PAY_004324,CUST_01660,1333.7,NETBANKING,INSUFFICIENT_FUNDS,FAILED,2026-08-08 14:57:44.181219
PAY_004325,CUST_01053,2142.01,NETBANKING,,SUCCESS,2026-08-09 21:25:44.181743
PAY_004326,CUST_02155,2243.67,WALLET,,SUCCESS,2026-08-13 00:55:44.182265
PAY_004327,CUST_01815,1963.73,CARD,,SUCCESS,2026-08-21 15:37:44.182949
PAY_004328,CUST_03031,1112.47,CARD,,SUCCESS,2026-08-26 04:05:44.183471
PAY_004329,CUST_01943,3264.26,NETBANKING,,SUCCESS,2026-08-20 13:33:44.183985
PAY_004330,CUST_04846,1028.28,UPI,BANK_DECLINED,FAILED,2026-08-18 12:32:44.184520
PAY_004331,CUST_00353,955.82,NETBANKING,,SUCCESS,2026-08-24 09:23:44.185031
PAY_004332,CUST_01659,553.1,NETBANKING,,SUCCESS,2026-07-28 04:11:44.185577
PAY_004333,CUST_03632,2402.75,CARD,,SUCCESS,2026-08-15 12:12:44.186109
PAY_004334,CUST_01811,1568.37,CARD,,SUCCESS,2026-08-07 21:05:44.186716
PAY_004335,CUST_02828,1163.32,NETBANKING,,SUCCESS,2026-08-12 08:55:44.187242
PAY_004336,CUST_00766,1086.73,CARD,,SUCCESS,2026-08-24 05:53:44.187812
PAY_004337,CUST_04288,1539.19,WALLET,,SUCCESS,2026-08-16 18:34:44.188339
PAY_004338,CUST_02828,1441.72,WALLET,,SUCCESS,2026-08-16 12:01:44.189068
PAY_004339,CUST_02646,424.79,UPI,BANK_TIMEOUT,FAILED,2026-08-02 11:26:44.189794
PAY_004340,CUST_03351,951.65,UPI,,SUCCESS,2026-08-04 05:27:44.190462
PAY_004341,CUST_01539,1952.41,NETBANKING,,SUCCESS,2026-08-19 04:27:44.190986
PAY_004342,CUST_01104,658.81,UPI,BANK_TIMEOUT,FAILED,2026-08-10 00:32:44.191538
PAY_004343,CUST_03513,608.18,WALLET,,SUCCESS,2026-08-22 13:58:44.192054
PAY_004344,CUST_03873,100.0,NETBANKING,,SUCCESS,2026-08-12 07:10:44.192655
PAY_004345,CUST_00400,668.98,NETBANKING,,SUCCESS,2026-07-27 20:14:44.193257
PAY_004346,CUST_02451,1916.89,CARD,,SUCCESS,2026-08-07 01:59:44.194276
PAY_004347,CUST_00746,477.9,WALLET,,SUCCESS,2026-08-14 23:09:44.194890
PAY_004348,CUST_02943,1862.57,WALLET,,SUCCESS,2026-08-24 13:47:44.195453
PAY_004349,CUST_04326,1046.17,CARD,INSUFFICIENT_FUNDS,FAILED,2026-07-28 06:58:44.195974
PAY_004350,CUST_03139,8508.48,UPI,,SUCCESS,2026-08-02 17:02:44.196539
PAY_004351,CUST_02347,815.25,NETBANKING,,SUCCESS,2026-08-20 01:40:44.197053
PAY_004352,CUST_01695,1465.39,WALLET,,SUCCESS,2026-08-05 17:22:44.197747
PAY_004353,CUST_03759,5160.96,WALLET,,SUCCESS,2026-08-08 13:38:44.198277
PAY_004354,CUST_04192,877.63,WALLET,,SUCCESS,2026-08-18 05:12:44.198829
PAY_004355,CUST_03259,1023.14,UPI,,SUCCESS,2026-08-21 17:07:44.199357
PAY_004356,CUST_01059,1480.17,UPI,,SUCCESS,2026-07-28 09:36:44.200011
PAY_004357,CUST_04715,1118.22,NETBANKING,,SUCCESS,2026-08-19 20:18:44.200785
PAY_004358,CUST_01849,1812.48,UPI,,SUCCESS,2026-08-25 16:01:44.201546
PAY_004359,CUST_02256,459.62,NETBANKING,,SUCCESS,2026-08-11 23:22:44.202098
PAY_004360,CUST_02145,1915.59,UPI,,SUCCESS,2026-08-25 03:09:44.202650
PAY_004361,CUST_01181,1471.55,CARD,NETWORK_ERROR,FAILED,2026-08-18 16:15:44.203164
PAY_004362,CUST_01688,1657.25,UPI,,SUCCESS,2026-08-12 17:10:44.203721
PAY_004363,CUST_01752,323.59,WALLET,,SUCCESS,2026-08-17 22:02:44.204237
PAY_004364,CUST_02470,2128.99,UPI,AUTHENTICATION_FAILED,FAILED,2026-08-13 01:58:44.204789
PAY_004365,CUST_02153,901.19,UPI,,SUCCESS,2026-08-16 21:11:44.205448
PAY_004366,CUST_00500,1334.62,UPI,,SUCCESS,2026-08-04 06:53:44.206211
PAY_004367,CUST_02839,975.97,UPI,,SUCCESS,2026-08-17 18:06:44.206963
PAY_004368,CUST_01395,2503.35,WALLET,AUTHENTICATION_FAILED,FAILED,2026-08-11 01:06:44.207602
PAY_004369,CUST_03759,5392.27,CARD,,SUCCESS,2026-08-03 04:58:44.208280
PAY_004370,CUST_04975,1715.07,CARD,,SUCCESS,2026-08-25 13:37:44.208819
PAY_004371,CUST_04412,1126.35,CARD,,SUCCESS,2026-07-31 14:09:44.209356
PAY_004372,CUST_02827,1469.58,WALLET,,SUCCESS,2026-08-15 14:02:44.209875
PAY_004373,CUST_00330,1495.9,NETBANKING,,SUCCESS,2026-07-29 18:44:44.210391
PAY_004374,CUST_01754,1234.69,CARD,,SUCCESS,2026-08-16 02:36:44.210907
PAY_004375,CUST_02438,2101.69,CARD,,SUCCESS,2026-07-28 15:54:44.211436
PAY_004376,CUST_04724,986.82,WALLET,,SUCCESS,2026-08-16 11:06:44.211947
PAY_004377,CUST_01350,1815.75,CARD,,SUCCESS,2026-08-03 00:29:44.212513
PAY_004378,CUST_01755,2319.42,CARD,,SUCCESS,2026-08-26 17:19:44.213038
PAY_004379,CUST_03868,2177.03,WALLET,,SUCCESS,2026-08-16 16:20:44.213658
PAY_004380,CUST_02554,2609.97,CARD,,SUCCESS,2026-08-20 21:45:44.214186
PAY_004381,CUST_01681,702.85,WALLET,,SUCCESS,2026-08-22 19:44:44.214767
PAY_004382,CUST_04608,100.0,UPI,,SUCCESS,2026-08-05 10:01:44.215617
PAY_004383,CUST_02886,1933.7,UPI,,SUCCESS,2026-08-01 16:47:44.216476
PAY_004384,CUST_01999,1091.91,UPI,,SUCCESS,2026-08-03 12:14:44.217038
PAY_004385,CUST_00888,1795.17,WALLET,,SUCCESS,2026-08-21 06:56:44.217573
PAY_004386,CUST_04494,1327.09,CARD,,SUCCESS,2026-08-17 16:32:44.218090
PAY_004387,CUST_02414,1673.68,UPI,,SUCCESS,2026-08-26 03:25:44.218608
PAY_004388,CUST_03525,1254.27,CARD,,SUCCESS,2026-08-08 17:52:44.219127
PAY_004389,CUST_03914,116.9,CARD,AUTHENTICATION_FAILED,FAILED,2026-08-01 06:58:44.219675
PAY_004390,CUST_00491,2885.79,CARD,,SUCCESS,2026-08-22 16:58:44.220196
PAY_004391,CUST_04865,776.84,WALLET,,SUCCESS,2026-07-29 02:27:44.220721
PAY_004392,CUST_02801,1153.15,NETBANKING,,SUCCESS,2026-08-02 11:28:44.221291
PAY_004393,CUST_04647,1698.75,WALLET,,SUCCESS,2026-08-05 00:15:44.222014
PAY_004394,CUST_03638,367.83,WALLET,,SUCCESS,2026-08-14 19:59:44.222793
PAY_004395,CUST_04662,2969.46,CARD,,SUCCESS,2026-08-16 22:11:44.223526
PAY_004396,CUST_00429,8444.21,CARD,,SUCCESS,2026-08-20 08:10:44.224153
PAY_004397,CUST_00334,2745.93,UPI,,SUCCESS,2026-07-28 21:34:44.224710
PAY_004398,CUST_02683,2270.75,NETBANKING,,SUCCESS,2026-08-15 05:42:44.225218
PAY_004399,CUST_01213,389.9,NETBANKING,,SUCCESS,2026-08-01 06:58:44.225776
PAY_004400,CUST_02841,2228.13,CARD,,SUCCESS,2026-07-29 01:17:44.226290
PAY_004401,CUST_01543,1270.83,CARD,,SUCCESS,2026-08-10 16:30:44.226834
PAY_004402,CUST_02146,783.76,WALLET,,SUCCESS,2026-08-18 10:57:44.227348
PAY_004403,CUST_02785,2046.09,NETBANKING,,SUCCESS,2026-08-17 04:20:44.227960
PAY_004404,CUST_01393,1937.84,UPI,,SUCCESS,2026-08-09 01:19:44.228616
PAY_004405,CUST_00644,1676.76,WALLET,,SUCCESS,2026-08-15 15:40:44.229293
PAY_004406,CUST_00060,1408.14,UPI,AUTHENTICATION_FAILED,FAILED,2026-08-24 06:20:44.229873
PAY_004407,CUST_04905,9197.07,WALLET,,SUCCESS,2026-08-14 05:39:44.230417
PAY_004408,CUST_04613,1650.9,CARD,BANK_TIMEOUT,FAILED,2026-08-04 16:30:44.230944
PAY_004409,CUST_03641,6642.17,CARD,,SUCCESS,2026-08-01 08:25:44.231484
PAY_004410,CUST_03916,11201.46,UPI,,SUCCESS,2026-07-28 01:24:44.232015
PAY_004411,CUST_02829,1949.39,CARD,,SUCCESS,2026-08-26 04:04:44.232562
PAY_004412,CUST_04183,1434.14,UPI,,SUCCESS,2026-08-16 18:51:44.233076
PAY_004413,CUST_04762,1390.95,CARD,,SUCCESS,2026-08-08 12:33:44.233655
PAY_004414,CUST_04240,1304.07,NETBANKING,,SUCCESS,2026-08-08 14:44:44.234165
PAY_004415,CUST_04691,935.34,WALLET,,SUCCESS,2026-07-27 21:25:44.234718
PAY_004416,CUST_04193,147.08,UPI,,SUCCESS,2026-08-12 12:05:44.235294
PAY_004417,CUST_02341,1217.16,WALLET,,SUCCESS,2026-08-24 17:41:44.236166
PAY_004418,CUST_00506,970.91,NETBANKING,,SUCCESS,2026-07-31 21:44:44.236870
PAY_004419,CUST_03566,394.22,CARD,BANK_TIMEOUT,FAILED,2026-08-10 00:36:44.237434
PAY_004420,CUST_03925,1114.39,NETBANKING,BANK_TIMEOUT,FAILED,2026-08-23 06:14:44.237976
PAY_004421,CUST_04527,547.31,NETBANKING,,SUCCESS,2026-08-11 18:29:44.238602
PAY_004422,CUST_01967,2166.84,UPI,,SUCCESS,2026-07-31 20:45:44.239388
PAY_004423,CUST_04077,1375.37,UPI,,SUCCESS,2026-07-31 13:29:44.240162
PAY_004424,CUST_01028,1795.44,CARD,,SUCCESS,2026-07-30 21:25:44.240745
PAY_004425,CUST_03769,730.01,WALLET,,SUCCESS,2026-08-10 12:07:44.241268
PAY_004426,CUST_04184,2123.2,UPI,,SUCCESS,2026-08-05 01:41:44.241814
PAY_004427,CUST_04456,737.87,CARD,,SUCCESS,2026-08-25 23:02:44.242357
PAY_004428,CUST_01517,1549.75,WALLET,,SUCCESS,2026-08-19 13:58:44.243054
PAY_004429,CUST_01543,1395.55,UPI,,SUCCESS,2026-07-29 10:40:44.243590
PAY_004430,CUST_04148,1015.77,WALLET,,SUCCESS,2026-08-22 09:55:44.244120
PAY_004431,CUST_04667,963.98,UPI,,SUCCESS,2026-08-19 23:24:44.244838
PAY_004432,CUST_02387,702.99,CARD,,SUCCESS,2026-07-31 18:34:44.245560
PAY_004433,CUST_03543,1728.68,WALLET,,SUCCESS,2026-07-29 13:20:44.246083
PAY_004434,CUST_03918,1293.17,WALLET,,SUCCESS,2026-08-08 07:26:44.246619
PAY_004435,CUST_00970,100.0,WALLET,INSUFFICIENT_FUNDS,FAILED,2026-08-23 09:50:44.247127
PAY_004436,CUST_00982,1722.3,WALLET,NETWORK_ERROR,FAILED,2026-08-16 06:12:44.247645
PAY_004437,CUST_03341,958.18,CARD,INSUFFICIENT_FUNDS,FAILED,2026-08-06 20:38:44.248155
PAY_004438,CUST_02079,2359.74,UPI,,SUCCESS,2026-08-05 20:01:44.248686
PAY_004439,CUST_00622,775.67,WALLET,,SUCCESS,2026-07-28 06:16:44.249194
PAY_004440,CUST_04523,1736.93,NETBANKING,,SUCCESS,2026-08-15 23:45:44.249784
PAY_004441,CUST_02845,2576.35,CARD,,SUCCESS,2026-07-29 01:42:44.250362
PAY_004442,CUST_03069,647.42,NETBANKING,,SUCCESS,2026-08-17 13:08:44.251296
PAY_004443,CUST_01544,1774.8,UPI,,SUCCESS,2026-07-29 02:47:44.251850
PAY_004444,CUST_00195,2002.81,NETBANKING,,SUCCESS,2026-08-12 17:37:44.252387
PAY_004445,CUST_04597,100.0,NETBANKING,INSUFFICIENT_FUNDS,FAILED,2026-08-16 04:11:44.252908
PAY_004446,CUST_03211,351.64,UPI,INSUFFICIENT_FUNDS,FAILED,2026-08-21 06:39:44.253425
PAY_004447,CUST_02649,2335.62,NETBANKING,,SUCCESS,2026-08-25 17:11:44.253930
PAY_004448,CUST_04233,1010.28,WALLET,,SUCCESS,2026-08-09 13:51:44.254457
PAY_004449,CUST_00351,1305.17,NETBANKING,AUTHENTICATION_FAILED,FAILED,2026-07-28 15:44:44.254983
PAY_004450,CUST_01995,8475.35,NETBANKING,,SUCCESS,2026-08-04 22:39:44.255709
PAY_004451,CUST_02171,1087.83,UPI,BANK_TIMEOUT,FAILED,2026-08-20 09:39:44.256278
PAY_004452,CUST_02517,1525.32,WALLET,,SUCCESS,2026-08-08 18:44:44.256864
PAY_004453,CUST_02020,7493.62,WALLET,,SUCCESS,2026-08-04 04:40:44.257531
PAY_004454,CUST_03729,1495.88,WALLET,,SUCCESS,2026-07-30 19:04:44.258073
PAY_004455,CUST_01811,1737.09,NETBANKING,,SUCCESS,2026-08-22 17:38:44.258634
PAY_004456,CUST_03221,1271.18,CARD,,SUCCESS,2026-08-09 05:38:44.259160
PAY_004457,CUST_04611,1188.33,WALLET,,SUCCESS,2026-08-25 05:59:44.259816
PAY_004458,CUST_03495,1584.23,NETBANKING,,SUCCESS,2026-08-25 06:48:44.260395
PAY_004459,CUST_01932,774.11,CARD,BANK_DECLINED,FAILED,2026-08-12 11:06:44.260982
PAY_004460,CUST_03326,637.85,WALLET,,SUCCESS,2026-08-17 17:19:44.261562
PAY_004461,CUST_00563,1121.3,WALLET,BANK_DECLINED,FAILED,2026-08-01 01:42:44.262078
PAY_004462,CUST_02680,6520.2,CARD,,SUCCESS,2026-08-05 15:37:44.262631
PAY_004463,CUST_04345,347.35,UPI,,SUCCESS,2026-07-28 21:18:44.263229
PAY_004464,CUST_03013,3486.15,NETBANKING,,SUCCESS,2026-08-20 12:51:44.263880
PAY_004465,CUST_01261,1732.91,WALLET,,SUCCESS,2026-08-16 15:35:44.264467
PAY_004466,CUST_03542,1413.73,UPI,,SUCCESS,2026-08-09 21:41:44.264987
PAY_004467,CUST_02979,1915.42,UPI,,SUCCESS,2026-08-18 15:05:44.265551
PAY_004468,CUST_03630,1792.19,UPI,,SUCCESS,2026-08-19 10:28:44.266064
PAY_004469,CUST_04285,2720.68,WALLET,,SUCCESS,2026-08-07 23:12:44.266622
PAY_004470,CUST_02010,1710.08,WALLET,,SUCCESS,2026-08-13 03:31:44.267127
PAY_004471,CUST_00406,1086.34,UPI,,SUCCESS,2026-08-12 11:53:44.267690
PAY_004472,CUST_04982,1366.68,NETBANKING,,SUCCESS,2026-07-29 22:43:44.268205
PAY_004473,CUST_00833,594.36,NETBANKING,,SUCCESS,2026-08-07 22:44:44.268754
PAY_004474,CUST_03983,7220.41,CARD,,SUCCESS,2026-08-13 04:48:44.269268
PAY_004475,CUST_02225,1519.14,NETBANKING,,SUCCESS,2026-08-13 11:46:44.269818
PAY_004476,CUST_01049,1229.86,NETBANKING,,SUCCESS,2026-08-15 01:44:44.270415
PAY_004477,CUST_03804,1335.25,NETBANKING,,SUCCESS,2026-07-29 22:25:44.271059
PAY_004478,CUST_02072,698.84,CARD,AUTHENTICATION_FAILED,FAILED,2026-08-15 18:03:44.271632
PAY_004479,CUST_03994,1573.84,NETBANKING,,SUCCESS,2026-08-14 05:38:44.272399
PAY_004480,CUST_00114,1273.59,NETBANKING,,SUCCESS,2026-08-16 11:34:44.272961
PAY_004481,CUST_01186,2288.16,NETBANKING,,SUCCESS,2026-08-08 03:08:44.273511
PAY_004482,CUST_03557,6779.81,CARD,,SUCCESS,2026-08-20 03:17:44.274038
PAY_004483,CUST_00641,1746.48,NETBANKING,AUTHENTICATION_FAILED,FAILED,2026-08-07 15:59:44.274558
PAY_004484,CUST_01278,613.36,WALLET,INSUFFICIENT_FUNDS,FAILED,2026-07-31 14:09:44.275074
PAY_004485,CUST_03609,476.44,NETBANKING,,SUCCESS,2026-08-22 05:55:44.275706
PAY_004486,CUST_00159,1579.66,UPI,,SUCCESS,2026-08-26 10:10:44.276237
PAY_004487,CUST_01634,2227.42,WALLET,,SUCCESS,2026-08-20 21:53:44.276762
PAY_004488,CUST_03730,946.52,CARD,BANK_TIMEOUT,FAILED,2026-08-04 23:58:44.277330
PAY_004489,CUST_03720,1326.86,WALLET,,SUCCESS,2026-08-11 21:54:44.277896
PAY_004490,CUST_04646,1290.13,NETBANKING,,SUCCESS,2026-08-18 00:23:44.278866
PAY_004491,CUST_03243,2102.37,WALLET,,SUCCESS,2026-08-09 22:09:44.279513
PAY_004492,CUST_00181,8609.4,CARD,,SUCCESS,2026-08-21 01:37:44.280051
PAY_004493,CUST_00986,6204.48,UPI,BANK_TIMEOUT,FAILED,2026-08-13 01:16:44.280572
PAY_004494,CUST_03415,6715.82,WALLET,,SUCCESS,2026-08-12 22:24:44.281088
PAY_004495,CUST_01283,1493.41,UPI,,SUCCESS,2026-08-20 00:48:44.281611
PAY_004496,CUST_01637,1504.3,CARD,,SUCCESS,2026-08-01 00:02:44.282130
PAY_004497,CUST_04472,4774.16,UPI,INSUFFICIENT_FUNDS,FAILED,2026-08-10 14:17:44.282647
PAY_004498,CUST_03539,1483.07,UPI,INSUFFICIENT_FUNDS,FAILED,2026-08-05 18:50:44.283161
PAY_004499,CUST_00156,853.28,WALLET,,SUCCESS,2026-08-10 13:46:44.283686
PAY_004500,CUST_03906,778.19,WALLET,,SUCCESS,2026-08-18 03:00:44.284199
PAY_004501,CUST_03033,1651.68,NETBANKING,,SUCCESS,2026-07-29 04:56:44.284769
PAY_004502,CUST_02032,1275.29,WALLET,,SUCCESS,2026-08-26 16:21:44.285373
PAY_004503,CUST_00437,1156.85,WALLET,,SUCCESS,2026-08-23 04:43:44.285915
PAY_004504,CUST_04157,927.11,CARD,,SUCCESS,2026-08-23 15:45:44.286430
PAY_004505,CUST_00039,100.0,NETBANKING,,SUCCESS,2026-08-01 15:21:44.286944
PAY_004506,CUST_00456,1317.54,NETBANKING,,SUCCESS,2026-08-11 21:25:44.287459
PAY_004507,CUST_04999,609.37,CARD,,SUCCESS,2026-08-22 22:25:44.287979
PAY_004508,CUST_04737,1731.13,NETBANKING,,SUCCESS,2026-08-24 14:23:44.288555
PAY_004509,CUST_01417,965.58,NETBANKING,,SUCCESS,2026-08-18 10:22:44.289243
PAY_004510,CUST_02528,2132.15,WALLET,,SUCCESS,2026-08-19 14:46:44.289788
PAY_004511,CUST_02679,1374.41,CARD,,SUCCESS,2026-08-25 06:18:44.290306
PAY_004512,CUST_03243,2569.73,CARD,,SUCCESS,2026-08-12 16:15:44.291067
PAY_004513,CUST_00964,1012.75,CARD,,SUCCESS,2026-08-14 17:17:44.291595
PAY_004514,CUST_00430,3626.67,UPI,,SUCCESS,2026-08-25 22:26:44.292168
PAY_004515,CUST_00291,2095.31,WALLET,,SUCCESS,2026-07-31 09:58:44.292763
PAY_004516,CUST_04097,1800.0,WALLET,,SUCCESS,2026-08-02 04:45:44.293304
PAY_004517,CUST_01670,1240.21,UPI,,SUCCESS,2026-08-01 15:46:44.293829
PAY_004518,CUST_01659,303.57,NETBANKING,,SUCCESS,2026-08-20 09:01:44.294345
PAY_004519,CUST_03937,518.63,NETBANKING,,SUCCESS,2026-08-09 10:15:44.294865
PAY_004520,CUST_01027,1964.66,UPI,,SUCCESS,2026-08-19 19:46:44.295382
PAY_004521,CUST_00279,1525.37,UPI,,SUCCESS,2026-07-28 08:35:44.295895
PAY_004522,CUST_03699,125.76,WALLET,,SUCCESS,2026-08-06 20:18:44.296411
PAY_004523,CUST_03301,1350.91,UPI,,SUCCESS,2026-08-05 14:05:44.296917
PAY_004524,CUST_03515,763.04,UPI,,SUCCESS,2026-08-13 00:54:44.297433
PAY_004525,CUST_00256,1294.28,NETBANKING,BANK_TIMEOUT,FAILED,2026-08-19 17:24:44.297943
PAY_004526,CUST_04527,783.07,NETBANKING,,SUCCESS,2026-08-24 15:37:44.298510
PAY_004527,CUST_02756,2071.04,NETBANKING,,SUCCESS,2026-08-07 13:48:44.299069
PAY_004528,CUST_02409,1618.77,CARD,,SUCCESS,2026-08-06 09:03:44.299639
PAY_004529,CUST_02861,2290.07,CARD,,SUCCESS,2026-08-17 17:33:44.300156
PAY_004530,CUST_04105,9104.64,CARD,,SUCCESS,2026-07-29 09:44:44.300681
PAY_004531,CUST_01536,1222.94,UPI,,SUCCESS,2026-08-20 14:00:44.301187
PAY_004532,CUST_02365,1627.59,NETBANKING,NETWORK_ERROR,FAILED,2026-07-31 16:20:44.301706
PAY_004533,CUST_03790,1619.72,CARD,,SUCCESS,2026-08-17 11:36:44.302217
PAY_004534,CUST_01165,864.62,CARD,,SUCCESS,2026-08-25 18:53:44.302736
PAY_004535,CUST_01575,1315.44,NETBANKING,,SUCCESS,2026-08-08 04:55:44.303243
PAY_004536,CUST_03062,1665.82,UPI,,SUCCESS,2026-08-21 04:41:44.303758
PAY_004537,CUST_03014,295.75,WALLET,,SUCCESS,2026-08-06 00:29:44.304268
PAY_004538,CUST_00668,1708.65,UPI,,SUCCESS,2026-08-06 20:58:44.304787
PAY_004539,CUST_03978,7754.95,CARD,,SUCCESS,2026-08-05 00:21:44.305391
PAY_004540,CUST_02988,1944.82,NETBANKING,,SUCCESS,2026-08-12 10:36:44.306129
PAY_004541,CUST_03309,9117.5,UPI,,SUCCESS,2026-08-18 21:18:44.306841
PAY_004542,CUST_02432,104.74,NETBANKING,,SUCCESS,2026-08-17 04:50:44.307379
PAY_004543,CUST_02450,6136.82,CARD,INSUFFICIENT_FUNDS,FAILED,2026-07-31 07:29:44.307902
PAY_004544,CUST_00637,1392.12,NETBANKING,,SUCCESS,2026-08-04 14:15:44.308435
PAY_004545,CUST_00698,1238.48,UPI,INSUFFICIENT_FUNDS,FAILED,2026-08-14 11:02:44.308948
PAY_004546,CUST_04210,1414.69,CARD,,SUCCESS,2026-08-24 15:54:44.309494
PAY_004547,CUST_03167,2112.32,NETBANKING,,SUCCESS,2026-08-05 22:07:44.310008
PAY_004548,CUST_04038,997.62,UPI,BANK_TIMEOUT,FAILED,2026-08-06 02:45:44.310539
PAY_004549,CUST_00450,1697.22,CARD,,SUCCESS,2026-08-20 18:15:44.311047
PAY_004550,CUST_04155,1635.66,NETBANKING,,SUCCESS,2026-08-24 02:59:44.311576
PAY_004551,CUST_02650,1430.9,WALLET,,SUCCESS,2026-08-15 00:02:44.312091
PAY_004552,CUST_03430,5616.64,WALLET,,SUCCESS,2026-08-22 03:55:44.312680
PAY_004553,CUST_00965,2106.72,WALLET,,SUCCESS,2026-07-28 13:26:44.313231
PAY_004554,CUST_01794,619.29,WALLET,,SUCCESS,2026-08-12 04:08:44.313848
PAY_004555,CUST_04352,1329.75,WALLET,,SUCCESS,2026-08-21 23:14:44.314390
PAY_004556,CUST_02437,1414.36,CARD,,SUCCESS,2026-08-14 18:50:44.314901
PAY_004557,CUST_00459,1580.02,NETBANKING,AUTHENTICATION_FAILED,FAILED,2026-08-16 10:30:44.315449
PAY_004558,CUST_03203,1699.45,WALLET,,SUCCESS,2026-08-19 18:34:44.315988
PAY_004559,CUST_04290,1725.52,WALLET,,SUCCESS,2026-07-29 03:55:44.316518
PAY_004560,CUST_04424,823.95,UPI,,SUCCESS,2026-08-18 14:24:44.317030
PAY_004561,CUST_00588,763.93,UPI,AUTHENTICATION_FAILED,FAILED,2026-08-11 03:58:44.317550
PAY_004562,CUST_02459,1365.85,NETBANKING,,SUCCESS,2026-08-15 04:39:44.318059
PAY_004563,CUST_04907,1626.93,CARD,,SUCCESS,2026-08-15 12:39:44.318591
PAY_004564,CUST_01352,1340.32,CARD,,SUCCESS,2026-08-06 05:52:44.319096
PAY_004565,CUST_02612,1217.52,UPI,,SUCCESS,2026-08-18 07:23:44.319663
PAY_004566,CUST_04606,997.08,UPI,BANK_TIMEOUT,FAILED,2026-08-24 15:23:44.320274
PAY_004567,CUST_04179,639.06,WALLET,AUTHENTICATION_FAILED,FAILED,2026-08-24 21:02:44.321215
PAY_004568,CUST_00772,1315.85,NETBANKING,,SUCCESS,2026-08-01 15:04:44.321778
PAY_004569,CUST_02228,1290.02,UPI,,SUCCESS,2026-08-23 10:07:44.322643
PAY_004570,CUST_00363,1176.76,UPI,,SUCCESS,2026-08-04 17:25:44.323394
PAY_004571,CUST_03109,1128.58,UPI,,SUCCESS,2026-07-29 03:32:44.323920
PAY_004572,CUST_01055,301.63,CARD,,SUCCESS,2026-08-10 17:50:44.324455
PAY_004573,CUST_00862,1097.46,NETBANKING,BANK_DECLINED,FAILED,2026-08-18 16:14:44.324969
PAY_004574,CUST_01881,1648.43,UPI,,SUCCESS,2026-08-04 07:18:44.325488
PAY_004575,CUST_04945,1138.86,CARD,INSUFFICIENT_FUNDS,FAILED,2026-08-04 09:14:44.325997
PAY_004576,CUST_03357,1288.11,NETBANKING,,SUCCESS,2026-08-15 10:03:44.326528
PAY_004577,CUST_03391,6723.05,WALLET,,SUCCESS,2026-08-18 12:19:44.327104
PAY_004578,CUST_03625,1890.38,NETBANKING,,SUCCESS,2026-08-13 14:55:44.327731
PAY_004579,CUST_03958,511.48,UPI,NETWORK_ERROR,FAILED,2026-08-18 18:28:44.328275
PAY_004580,CUST_02585,1181.5,NETBANKING,,SUCCESS,2026-08-14 22:09:44.328808
PAY_004581,CUST_03673,2031.98,WALLET,,SUCCESS,2026-08-18 00:46:44.329328
PAY_004582,CUST_03491,936.09,UPI,,SUCCESS,2026-08-02 05:31:44.329851
PAY_004583,CUST_04713,1299.67,CARD,,SUCCESS,2026-08-13 14:14:44.330371
PAY_004584,CUST_03086,271.41,WALLET,,SUCCESS,2026-08-25 22:39:44.330884
PAY_004585,CUST_02271,627.31,WALLET,,SUCCESS,2026-08-03 15:23:44.331428
PAY_004586,CUST_04034,1096.54,NETBANKING,,SUCCESS,2026-08-26 06:03:44.331967
PAY_004587,CUST_04313,4378.49,UPI,,SUCCESS,2026-08-19 05:20:44.332496
PAY_004588,CUST_04265,2679.98,NETBANKING,AUTHENTICATION_FAILED,FAILED,2026-08-09 14:31:44.333006
PAY_004589,CUST_00195,2061.61,NETBANKING,,SUCCESS,2026-08-23 12:55:44.333521
PAY_004590,CUST_03219,1333.92,NETBANKING,,SUCCESS,2026-08-18 03:56:44.334031
PAY_004591,CUST_02723,551.62,WALLET,,SUCCESS,2026-08-04 04:12:44.334611
PAY_004592,CUST_00196,1842.67,CARD,,SUCCESS,2026-08-08 16:58:44.335224
PAY_004593,CUST_04471,1224.41,CARD,,SUCCESS,2026-08-19 12:09:44.335764
PAY_004594,CUST_00831,2177.09,NETBANKING,,SUCCESS,2026-08-07 22:33:44.336292
PAY_004595,CUST_00981,1477.12,CARD,,SUCCESS,2026-08-06 04:47:44.336817
PAY_004596,CUST_03829,931.49,WALLET,,SUCCESS,2026-08-12 06:33:44.337326
PAY_004597,CUST_03708,8688.76,CARD,,SUCCESS,2026-08-10 11:05:44.337837
PAY_004598,CUST_04218,1691.23,UPI,,SUCCESS,2026-08-07 17:55:44.338365
PAY_004599,CUST_00405,4885.15,WALLET,,SUCCESS,2026-08-10 21:21:44.339358
PAY_004600,CUST_03126,1669.3,CARD,,SUCCESS,2026-07-30 06:30:44.340142
PAY_004601,CUST_02157,981.03,NETBANKING,,SUCCESS,2026-07-31 17:20:44.340796
PAY_004602,CUST_00994,486.76,CARD,,SUCCESS,2026-08-19 22:03:44.341357
PAY_004603,CUST_02366,2093.7,UPI,,SUCCESS,2026-08-23 12:57:44.341934
PAY_004604,CUST_02987,1300.12,WALLET,,SUCCESS,2026-08-16 20:22:44.342468
PAY_004605,CUST_00512,881.17,NETBANKING,BANK_DECLINED,FAILED,2026-07-31 07:39:44.342983
PAY_004606,CUST_02017,1340.06,WALLET,,SUCCESS,2026-08-15 15:58:44.343506
PAY_004607,CUST_02274,1744.37,CARD,,SUCCESS,2026-07-28 09:32:44.344016
PAY_004608,CUST_03009,1973.21,NETBANKING,,SUCCESS,2026-08-18 14:24:44.344545
PAY_004609,CUST_00139,7720.62,WALLET,BANK_TIMEOUT,FAILED,2026-08-11 12:43:44.345057
PAY_004610,CUST_02518,9515.44,UPI,,SUCCESS,2026-07-28 08:56:44.345569
PAY_004611,CUST_03354,1297.84,NETBANKING,,SUCCESS,2026-08-22 08:49:44.346080
PAY_004612,CUST_03660,1294.59,UPI,,SUCCESS,2026-08-16 15:16:44.346604
PAY_004613,CUST_04587,6939.18,UPI,,SUCCESS,2026-08-24 19:15:44.347126
PAY_004614,CUST_02236,907.2,CARD,,SUCCESS,2026-08-19 15:21:44.347672
PAY_004615,CUST_03924,1264.0,UPI,INSUFFICIENT_FUNDS,FAILED,2026-08-19 21:02:44.348203
PAY_004616,CUST_01368,1419.57,CARD,,SUCCESS,2026-08-23 07:34:44.348844
PAY_004617,CUST_01834,1066.83,NETBANKING,,SUCCESS,2026-08-03 12:20:44.349367
PAY_004618,CUST_01867,736.51,UPI,,SUCCESS,2026-08-09 20:01:44.349891
PAY_004619,CUST_04769,1203.87,WALLET,,SUCCESS,2026-08-02 01:18:44.350424
PAY_004620,CUST_00115,1235.39,WALLET,,SUCCESS,2026-08-08 12:22:44.350936
PAY_004621,CUST_00116,1973.52,UPI,,SUCCESS,2026-08-22 01:18:44.351439
PAY_004622,CUST_02767,1383.19,UPI,,SUCCESS,2026-08-02 15:03:44.351946
PAY_004623,CUST_04831,6076.85,UPI,,SUCCESS,2026-08-09 01:29:44.352517
PAY_004624,CUST_03831,2347.76,NETBANKING,,SUCCESS,2026-08-20 16:59:44.353048
PAY_004625,CUST_00039,414.95,UPI,,SUCCESS,2026-08-24 20:22:44.353567
PAY_004626,CUST_00371,1235.31,CARD,,SUCCESS,2026-07-31 20:16:44.354075
PAY_004627,CUST_02197,1488.94,WALLET,,SUCCESS,2026-08-06 15:50:44.354707
PAY_004628,CUST_00515,6030.41,WALLET,,SUCCESS,2026-08-15 15:46:44.355375
PAY_004629,CUST_03907,1148.43,NETBANKING,,SUCCESS,2026-08-09 03:23:44.356502
PAY_004630,CUST_02270,1471.3,NETBANKING,,SUCCESS,2026-08-08 14:44:44.357084
PAY_004631,CUST_03998,1788.0,UPI,,SUCCESS,2026-07-30 16:07:44.357633
PAY_004632,CUST_00673,100.0,CARD,,SUCCESS,2026-08-16 21:05:44.358151
PAY_004633,CUST_03897,1027.41,CARD,BANK_TIMEOUT,FAILED,2026-07-30 00:02:44.358674
PAY_004634,CUST_04427,1123.85,WALLET,,SUCCESS,2026-08-20 04:41:44.359189
PAY_004635,CUST_03397,1900.12,CARD,,SUCCESS,2026-08-18 10:58:44.359720
PAY_004636,CUST_03515,633.64,UPI,BANK_TIMEOUT,FAILED,2026-08-13 20:19:44.360227
PAY_004637,CUST_03883,5946.77,NETBANKING,,SUCCESS,2026-08-02 13:54:44.360750
PAY_004638,CUST_04860,389.91,UPI,,SUCCESS,2026-08-13 23:30:44.361257
PAY_004639,CUST_02554,1961.39,UPI,,SUCCESS,2026-08-22 16:31:44.361833
PAY_004640,CUST_04399,5084.34,WALLET,,SUCCESS,2026-08-19 19:18:44.362392
PAY_004641,CUST_02342,1570.35,WALLET,,SUCCESS,2026-07-31 00:29:44.362961
PAY_004642,CUST_02105,1163.58,NETBANKING,,SUCCESS,2026-07-31 14:25:44.363547
PAY_004643,CUST_00796,7636.93,UPI,,SUCCESS,2026-07-28 03:03:44.364056
PAY_004644,CUST_02391,735.32,CARD,,SUCCESS,2026-08-21 17:45:44.364578
PAY_004645,CUST_01952,781.29,UPI,,SUCCESS,2026-08-24 04:36:44.365087
PAY_004646,CUST_00973,977.98,WALLET,,SUCCESS,2026-08-07 13:40:44.365615
PAY_004647,CUST_00552,878.49,CARD,,SUCCESS,2026-08-26 16:33:44.366131
PAY_004648,CUST_03717,735.39,NETBANKING,INSUFFICIENT_FUNDS,FAILED,2026-08-19 10:42:44.366651
PAY_004649,CUST_01222,100.0,CARD,,SUCCESS,2026-08-02 00:43:44.367163
PAY_004650,CUST_01343,100.0,UPI,,SUCCESS,2026-08-26 14:40:44.367685
PAY_004651,CUST_01077,1023.37,UPI,,SUCCESS,2026-08-11 22:06:44.368198
PAY_004652,CUST_03119,805.3,NETBANKING,,SUCCESS,2026-08-15 16:04:44.368729
PAY_004653,CUST_00781,477.86,CARD,,SUCCESS,2026-08-01 18:19:44.369240
PAY_004654,CUST_04547,2729.29,NETBANKING,,SUCCESS,2026-08-01 14:41:44.370125
PAY_004655,CUST_04446,765.27,WALLET,,SUCCESS,2026-07-29 18:06:44.371013
PAY_004656,CUST_04040,1636.26,UPI,,SUCCESS,2026-08-24 01:44:44.371680
PAY_004657,CUST_03639,1036.56,WALLET,,SUCCESS,2026-08-19 07:44:44.372449
PAY_004658,CUST_00985,1272.09,WALLET,,SUCCESS,2026-08-15 16:17:44.373017
PAY_004659,CUST_03221,1891.92,CARD,,SUCCESS,2026-08-01 11:47:44.373598
PAY_004660,CUST_02159,358.16,CARD,,SUCCESS,2026-08-03 23:00:44.374121
PAY_004661,CUST_03000,1966.51,WALLET,,SUCCESS,2026-08-17 12:13:44.374650
PAY_004662,CUST_03804,1175.99,WALLET,,SUCCESS,2026-08-08 05:46:44.375164
PAY_004663,CUST_02240,426.71,UPI,,SUCCESS,2026-08-03 18:34:44.375694
PAY_004664,CUST_04357,1642.34,UPI,AUTHENTICATION_FAILED,FAILED,2026-08-08 11:15:44.376217
PAY_004665,CUST_00787,100.0,WALLET,BANK_TIMEOUT,FAILED,2026-08-15 12:11:44.376789
PAY_004666,CUST_02988,1897.41,NETBANKING,,SUCCESS,2026-08-21 20:11:44.377444
PAY_004667,CUST_04764,691.08,UPI,INSUFFICIENT_FUNDS,FAILED,2026-08-19 17:31:44.378305
PAY_004668,CUST_01517,1580.41,CARD,,SUCCESS,2026-08-17 15:12:44.378864
PAY_004669,CUST_01989,1406.9,CARD,,SUCCESS,2026-08-22 06:35:44.379392
PAY_004670,CUST_04960,1489.42,CARD,,SUCCESS,2026-08-10 21:19:44.379921
PAY_004671,CUST_02878,1009.23,WALLET,,SUCCESS,2026-07-30 11:25:44.380433
PAY_004672,CUST_01967,1681.81,UPI,,SUCCESS,2026-08-02 17:46:44.380941
PAY_004673,CUST_01977,3726.91,UPI,,SUCCESS,2026-08-08 07:21:44.381451
PAY_004674,CUST_02530,622.12,WALLET,,SUCCESS,2026-08-04 08:23:44.381967
PAY_004675,CUST_01801,152.61,UPI,,SUCCESS,2026-08-07 13:24:44.382486
PAY_004676,CUST_03928,289.15,NETBANKING,,SUCCESS,2026-07-31 07:10:44.383048
PAY_004677,CUST_01294,1335.41,UPI,,SUCCESS,2026-07-28 00:20:44.383602
PAY_004678,CUST_02651,575.73,CARD,,SUCCESS,2026-08-23 08:53:44.384189
PAY_004679,CUST_03166,548.82,WALLET,,SUCCESS,2026-07-30 04:12:44.384729
PAY_004680,CUST_04629,1641.17,WALLET,,SUCCESS,2026-08-21 11:19:44.385251
PAY_004681,CUST_01802,726.91,UPI,,SUCCESS,2026-08-10 18:01:44.386221
PAY_004682,CUST_03575,1164.62,WALLET,,SUCCESS,2026-07-31 09:51:44.387101
PAY_004683,CUST_04069,6992.16,CARD,,SUCCESS,2026-08-02 03:56:44.387658
PAY_004684,CUST_04106,752.3,NETBANKING,,SUCCESS,2026-08-04 03:30:44.388173
PAY_004685,CUST_04820,651.4,UPI,,SUCCESS,2026-08-19 22:18:44.388812
PAY_004686,CUST_02621,683.52,WALLET,,SUCCESS,2026-08-10 00:13:44.389504
PAY_004687,CUST_04751,1997.14,WALLET,,SUCCESS,2026-08-02 11:45:44.390123
PAY_004688,CUST_00444,1138.01,CARD,,SUCCESS,2026-07-29 22:48:44.390706
PAY_004689,CUST_00018,1118.25,UPI,,SUCCESS,2026-08-20 11:45:44.391696
PAY_004690,CUST_04513,604.19,CARD,,SUCCESS,2026-08-12 18:24:44.392276
PAY_004691,CUST_04788,1853.19,CARD,,SUCCESS,2026-08-11 03:46:44.392879
PAY_004692,CUST_02900,1400.99,NETBANKING,,SUCCESS,2026-08-06 23:34:44.393395
PAY_004693,CUST_01784,1500.81,UPI,,SUCCESS,2026-08-06 13:32:44.393907
PAY_004694,CUST_02974,905.26,CARD,,SUCCESS,2026-07-31 10:05:44.394428
PAY_004695,CUST_04607,793.36,UPI,,SUCCESS,2026-08-06 12:46:44.394952
PAY_004696,CUST_04534,1029.14,WALLET,INSUFFICIENT_FUNDS,FAILED,2026-07-29 16:34:44.395468
PAY_004697,CUST_04241,1634.02,NETBANKING,,SUCCESS,2026-08-23 22:08:44.395983
PAY_004698,CUST_02965,1314.6,WALLET,,SUCCESS,2026-08-04 17:45:44.396509
PAY_004699,CUST_00914,8028.08,UPI,AUTHENTICATION_FAILED,FAILED,2026-07-30 16:40:44.397061
PAY_004700,CUST_00128,406.17,WALLET,,SUCCESS,2026-08-15 04:27:44.397602
PAY_004701,CUST_04709,2858.91,NETBANKING,,SUCCESS,2026-08-08 07:49:44.398391
PAY_004702,CUST_04699,9381.85,CARD,,SUCCESS,2026-07-30 02:29:44.399187
PAY_004703,CUST_00216,1098.5,NETBANKING,,SUCCESS,2026-08-21 15:57:44.399779
PAY_004704,CUST_00264,1671.07,CARD,,SUCCESS,2026-08-13 15:14:44.400302
PAY_004705,CUST_01531,1701.95,NETBANKING,,SUCCESS,2026-08-17 09:35:44.400835
PAY_004706,CUST_00142,786.91,UPI,,SUCCESS,2026-08-09 10:55:44.401341
PAY_004707,CUST_04830,508.09,UPI,,SUCCESS,2026-08-14 17:11:44.402041
PAY_004708,CUST_02849,1477.36,UPI,,SUCCESS,2026-07-30 06:08:44.402589
PAY_004709,CUST_02848,425.72,WALLET,,SUCCESS,2026-08-26 08:03:44.403123
PAY_004710,CUST_02606,2375.13,CARD,,SUCCESS,2026-08-21 09:42:44.403645
PAY_004711,CUST_02954,1692.89,UPI,,SUCCESS,2026-08-19 07:43:44.404217
PAY_004712,CUST_02528,2530.86,WALLET,,SUCCESS,2026-08-25 00:11:44.404850
PAY_004713,CUST_01961,2086.59,NETBANKING,,SUCCESS,2026-08-01 14:59:44.405901
PAY_004714,CUST_04890,9300.32,UPI,,SUCCESS,2026-08-25 23:08:44.406547
PAY_004715,CUST_00636,2381.39,CARD,,SUCCESS,2026-08-14 11:21:44.407340
PAY_004716,CUST_00267,100.0,NETBANKING,,SUCCESS,2026-08-10 11:13:44.407942
PAY_004717,CUST_00030,211.28,CARD,,SUCCESS,2026-08-26 18:17:44.408496
PAY_004718,CUST_04021,1862.84,CARD,,SUCCESS,2026-08-24 21:56:44.409009
PAY_004719,CUST_03120,655.95,NETBANKING,AUTHENTICATION_FAILED,FAILED,2026-08-01 16:58:44.409566
PAY_004720,CUST_00203,1610.3,WALLET,,SUCCESS,2026-08-14 20:48:44.410067
PAY_004721,CUST_03564,1917.91,UPI,,SUCCESS,2026-08-01 14:29:44.410610
PAY_004722,CUST_02832,731.35,CARD,,SUCCESS,2026-08-26 02:58:44.411129
PAY_004723,CUST_01018,1501.98,WALLET,BANK_DECLINED,FAILED,2026-08-26 04:59:44.411686
PAY_004724,CUST_02157,1384.11,CARD,BANK_TIMEOUT,FAILED,2026-08-11 02:08:44.412271
PAY_004725,CUST_00096,1089.83,WALLET,,SUCCESS,2026-08-22 03:39:44.412980
PAY_004726,CUST_03478,349.51,NETBANKING,,SUCCESS,2026-07-28 10:19:44.413567
PAY_004727,CUST_00091,690.86,NETBANKING,,SUCCESS,2026-08-09 03:44:44.414087
PAY_004728,CUST_01850,2129.59,NETBANKING,,SUCCESS,2026-08-01 01:23:44.414634
PAY_004729,CUST_04416,2282.66,WALLET,,SUCCESS,2026-08-02 03:34:44.415136
PAY_004730,CUST_02364,935.97,NETBANKING,,SUCCESS,2026-08-07 03:01:44.415729
PAY_004731,CUST_03193,7478.8,UPI,,SUCCESS,2026-08-03 21:51:44.416245
PAY_004732,CUST_00044,2574.31,UPI,,SUCCESS,2026-07-28 00:56:44.416937
PAY_004733,CUST_03331,1166.09,WALLET,INSUFFICIENT_FUNDS,FAILED,2026-08-07 22:11:44.417545
PAY_004734,CUST_01102,1474.2,UPI,,SUCCESS,2026-08-25 08:46:44.418063
PAY_004735,CUST_02007,736.08,CARD,NETWORK_ERROR,FAILED,2026-08-09 20:09:44.418626
PAY_004736,CUST_03085,784.09,UPI,,SUCCESS,2026-08-24 14:53:44.419191
PAY_004737,CUST_04656,1421.88,NETBANKING,,SUCCESS,2026-08-12 23:54:44.419961
PAY_004738,CUST_04188,544.53,NETBANKING,,SUCCESS,2026-08-20 19:13:44.420814
PAY_004739,CUST_00166,1879.28,UPI,,SUCCESS,2026-08-08 21:11:44.421445
PAY_004740,CUST_03624,964.07,NETBANKING,,SUCCESS,2026-08-07 14:00:44.422424
PAY_004741,CUST_03473,5713.78,WALLET,,SUCCESS,2026-08-09 18:07:44.423400
PAY_004742,CUST_04026,1296.3,UPI,,SUCCESS,2026-08-09 14:11:44.424283
PAY_004743,CUST_04015,5975.71,CARD,,SUCCESS,2026-08-21 11:16:44.424891
PAY_004744,CUST_01807,8074.14,NETBANKING,,SUCCESS,2026-07-29 23:12:44.425502
PAY_004745,CUST_02151,1301.79,WALLET,,SUCCESS,2026-08-20 13:19:44.426158
PAY_004746,CUST_01111,836.57,WALLET,,SUCCESS,2026-08-18 16:10:44.426880
PAY_004747,CUST_04372,1027.95,CARD,,SUCCESS,2026-08-21 02:28:44.427499
PAY_004748,CUST_03191,2125.96,NETBANKING,,SUCCESS,2026-08-16 01:12:44.428073
PAY_004749,CUST_01905,742.2,NETBANKING,,SUCCESS,2026-08-06 18:44:44.428639
PAY_004750,CUST_03310,1589.09,NETBANKING,,SUCCESS,2026-08-04 01:56:44.429203
PAY_004751,CUST_03505,279.08,WALLET,,SUCCESS,2026-08-12 23:17:44.429803
PAY_004752,CUST_04956,836.84,NETBANKING,,SUCCESS,2026-08-09 20:09:44.430372
PAY_004753,CUST_02749,426.07,WALLET,,SUCCESS,2026-08-11 22:31:44.430940
PAY_004754,CUST_01787,9512.87,CARD,,SUCCESS,2026-08-02 11:12:44.431507
PAY_004755,CUST_01825,658.35,UPI,NETWORK_ERROR,FAILED,2026-08-23 01:29:44.432062
PAY_004756,CUST_03034,1765.76,NETBANKING,,SUCCESS,2026-08-11 15:08:44.432686
PAY_004757,CUST_04027,2069.52,CARD,,SUCCESS,2026-08-22 03:52:44.433424
PAY_004758,CUST_02192,1776.99,UPI,,SUCCESS,2026-08-26 15:15:44.434108
PAY_004759,CUST_03491,600.21,WALLET,,SUCCESS,2026-08-20 23:22:44.434688
PAY_004760,CUST_01857,8142.98,UPI,,SUCCESS,2026-08-23 16:37:44.435249
PAY_004761,CUST_00542,1764.81,WALLET,,SUCCESS,2026-08-16 00:12:44.435832
PAY_004762,CUST_02057,2608.96,CARD,,SUCCESS,2026-07-28 23:08:44.436401
PAY_004763,CUST_02793,752.63,WALLET,,SUCCESS,2026-08-19 15:20:44.436969
PAY_004764,CUST_04293,1356.91,NETBANKING,,SUCCESS,2026-08-02 09:21:44.437552
PAY_004765,CUST_02720,6175.73,CARD,,SUCCESS,2026-07-29 16:25:44.438112
PAY_004766,CUST_02463,1403.04,NETBANKING,,SUCCESS,2026-08-12 04:00:44.438754
PAY_004767,CUST_00406,1361.55,CARD,,SUCCESS,2026-08-18 13:14:44.439434
PAY_004768,CUST_04824,1610.77,NETBANKING,,SUCCESS,2026-08-19 00:51:44.440014
PAY_004769,CUST_01370,875.14,NETBANKING,,SUCCESS,2026-08-20 10:01:44.440975
PAY_004770,CUST_02094,1354.84,NETBANKING,,SUCCESS,2026-08-22 04:07:44.441548
PAY_004771,CUST_01858,2043.91,NETBANKING,,SUCCESS,2026-08-04 12:29:44.442073
PAY_004772,CUST_03463,1209.64,UPI,,SUCCESS,2026-08-06 08:51:44.442607
PAY_004773,CUST_04780,2576.77,NETBANKING,,SUCCESS,2026-08-24 09:50:44.443127
PAY_004774,CUST_01073,1116.09,UPI,,SUCCESS,2026-08-10 06:05:44.443653
PAY_004775,CUST_00594,7296.91,UPI,,SUCCESS,2026-08-15 00:43:44.444171
PAY_004776,CUST_03369,1653.08,NETBANKING,,SUCCESS,2026-08-14 12:47:44.444701
PAY_004777,CUST_02730,1640.89,NETBANKING,,SUCCESS,2026-07-28 17:19:44.445216
PAY_004778,CUST_04839,1633.87,CARD,,SUCCESS,2026-08-13 05:51:44.445731
PAY_004779,CUST_04401,1909.9,NETBANKING,,SUCCESS,2026-08-21 16:24:44.446231
PAY_004780,CUST_02820,142.55,WALLET,,SUCCESS,2026-08-21 08:48:44.446801
PAY_004781,CUST_02133,1992.14,NETBANKING,,SUCCESS,2026-07-31 19:06:44.447370
PAY_004782,CUST_00507,1538.09,NETBANKING,,SUCCESS,2026-08-13 14:47:44.448167
PAY_004783,CUST_01212,286.53,CARD,,SUCCESS,2026-08-25 02:51:44.448750
PAY_004784,CUST_03719,508.52,WALLET,AUTHENTICATION_FAILED,FAILED,2026-08-02 11:16:44.449273
PAY_004785,CUST_04160,100.0,CARD,BANK_TIMEOUT,FAILED,2026-08-02 16:08:44.449794
PAY_004786,CUST_04607,1297.81,UPI,,SUCCESS,2026-08-23 15:54:44.450302
PAY_004787,CUST_04771,1352.84,CARD,,SUCCESS,2026-07-28 11:07:44.450864
PAY_004788,CUST_00558,618.47,CARD,,SUCCESS,2026-08-07 08:21:44.451375
PAY_004789,CUST_00642,921.57,WALLET,,SUCCESS,2026-08-03 18:09:44.451889
PAY_004790,CUST_04723,274.55,CARD,,SUCCESS,2026-08-01 10:41:44.452411
PAY_004791,CUST_02491,335.68,CARD,NETWORK_ERROR,FAILED,2026-08-02 01:26:44.452927
PAY_004792,CUST_03305,579.18,UPI,,SUCCESS,2026-08-13 19:19:44.453442
PAY_004793,CUST_02356,1390.16,WALLET,,SUCCESS,2026-08-18 09:57:44.453956
PAY_004794,CUST_01062,1665.2,UPI,,SUCCESS,2026-08-12 12:30:44.454649
PAY_004795,CUST_02939,549.18,WALLET,BANK_DECLINED,FAILED,2026-08-08 04:35:44.455844
PAY_004796,CUST_02979,2389.56,CARD,,SUCCESS,2026-08-11 21:14:44.456569
PAY_004797,CUST_04852,1582.79,WALLET,,SUCCESS,2026-08-03 11:47:44.457162
PAY_004798,CUST_00125,1346.69,UPI,,SUCCESS,2026-08-10 13:46:44.457750
PAY_004799,CUST_02212,1244.64,WALLET,,SUCCESS,2026-08-18 05:32:44.458321
PAY_004800,CUST_01907,1553.77,WALLET,,SUCCESS,2026-08-04 04:30:44.458890
PAY_004801,CUST_02992,870.06,WALLET,NETWORK_ERROR,FAILED,2026-08-09 13:01:44.459494
PAY_004802,CUST_02192,1512.04,WALLET,,SUCCESS,2026-07-30 23:42:44.460068
PAY_004803,CUST_00579,1463.6,NETBANKING,,SUCCESS,2026-08-16 13:41:44.460659
PAY_004804,CUST_03721,1248.78,WALLET,,SUCCESS,2026-08-20 13:43:44.461303
PAY_004805,CUST_03575,1172.05,NETBANKING,,SUCCESS,2026-08-09 16:06:44.462069
PAY_004806,CUST_04669,2437.88,WALLET,,SUCCESS,2026-08-14 20:43:44.462692
PAY_004807,CUST_03598,815.66,NETBANKING,,SUCCESS,2026-08-24 09:21:44.463268
PAY_004808,CUST_02053,240.39,UPI,,SUCCESS,2026-08-25 02:32:44.463910
PAY_004809,CUST_02061,679.51,NETBANKING,NETWORK_ERROR,FAILED,2026-08-16 09:58:44.464489
PAY_004810,CUST_04108,728.32,CARD,,SUCCESS,2026-08-11 07:05:44.465053
PAY_004811,CUST_00315,6066.02,UPI,,SUCCESS,2026-08-02 04:43:44.465636
PAY_004812,CUST_04110,5853.75,NETBANKING,,SUCCESS,2026-08-13 16:52:44.466202
PAY_004813,CUST_04552,584.62,NETBANKING,NETWORK_ERROR,FAILED,2026-08-14 04:23:44.466770
PAY_004814,CUST_00471,1490.3,NETBANKING,,SUCCESS,2026-07-29 14:29:44.467336
PAY_004815,CUST_04114,739.02,WALLET,,SUCCESS,2026-07-31 06:16:44.467937
PAY_004816,CUST_03036,1553.04,CARD,,SUCCESS,2026-08-01 06:04:44.468628
PAY_004817,CUST_02071,1446.69,NETBANKING,,SUCCESS,2026-08-04 11:22:44.469349
PAY_004818,CUST_04798,100.0,NETBANKING,AUTHENTICATION_FAILED,FAILED,2026-08-21 00:48:44.469965
PAY_004819,CUST_04173,1820.71,UPI,,SUCCESS,2026-07-30 19:53:44.470540
PAY_004820,CUST_02434,1561.1,CARD,BANK_TIMEOUT,FAILED,2026-08-06 17:04:44.471105
PAY_004821,CUST_02190,823.32,WALLET,,SUCCESS,2026-08-02 06:21:44.471687
PAY_004822,CUST_03305,513.54,UPI,,SUCCESS,2026-08-20 12:31:44.472421
PAY_004823,CUST_00433,1579.49,CARD,,SUCCESS,2026-07-28 16:35:44.472970
PAY_004824,CUST_04898,8124.49,WALLET,,SUCCESS,2026-08-23 01:22:44.473496
PAY_004825,CUST_00680,2507.08,NETBANKING,,SUCCESS,2026-07-31 08:42:44.474024
PAY_004826,CUST_02013,911.21,NETBANKING,,SUCCESS,2026-08-11 19:49:44.474567
PAY_004827,CUST_02133,1226.47,NETBANKING,,SUCCESS,2026-08-17 09:45:44.475108
PAY_004828,CUST_00693,1137.84,CARD,,SUCCESS,2026-08-02 23:32:44.475911
PAY_004829,CUST_00743,2533.66,UPI,,SUCCESS,2026-08-23 00:13:44.476913
PAY_004830,CUST_02887,746.99,CARD,BANK_TIMEOUT,FAILED,2026-08-17 05:35:44.477503
PAY_004831,CUST_03537,8166.33,NETBANKING,,SUCCESS,2026-08-07 00:23:44.478182
PAY_004832,CUST_01670,1198.97,UPI,,SUCCESS,2026-08-23 01:24:44.479000
PAY_004833,CUST_03823,1430.74,WALLET,,SUCCESS,2026-08-02 06:24:44.479542
PAY_004834,CUST_00618,1668.56,NETBANKING,AUTHENTICATION_FAILED,FAILED,2026-08-26 06:28:44.480064
PAY_004835,CUST_02474,793.31,UPI,,SUCCESS,2026-07-29 16:44:44.480658
PAY_004836,CUST_01957,1949.26,CARD,,SUCCESS,2026-08-21 23:47:44.481173
PAY_004837,CUST_01491,1288.39,UPI,,SUCCESS,2026-08-09 22:18:44.481753
PAY_004838,CUST_03121,844.97,WALLET,,SUCCESS,2026-08-07 12:53:44.482340
PAY_004839,CUST_04704,429.09,CARD,,SUCCESS,2026-08-09 18:44:44.483262
PAY_004840,CUST_04529,5140.6,NETBANKING,,SUCCESS,2026-08-03 19:44:44.483811
PAY_004841,CUST_00777,920.29,UPI,,SUCCESS,2026-08-05 15:19:44.484327
PAY_004842,CUST_01631,1606.69,UPI,,SUCCESS,2026-08-12 07:05:44.484852
PAY_004843,CUST_03212,1609.39,WALLET,,SUCCESS,2026-08-25 21:03:44.485361
PAY_004844,CUST_03477,100.16,UPI,,SUCCESS,2026-08-21 05:46:44.485873
PAY_004845,CUST_01392,1189.71,UPI,,SUCCESS,2026-08-26 07:29:44.486394
PAY_004846,CUST_02494,1144.88,CARD,AUTHENTICATION_FAILED,FAILED,2026-08-05 04:48:44.486908
PAY_004847,CUST_03547,1167.78,NETBANKING,,SUCCESS,2026-08-10 21:04:44.487426
PAY_004848,CUST_04186,1019.59,WALLET,BANK_TIMEOUT,FAILED,2026-07-31 15:57:44.487936
PAY_004849,CUST_01712,6022.61,NETBANKING,AUTHENTICATION_FAILED,FAILED,2026-08-22 04:29:44.488448
PAY_004850,CUST_01404,6706.65,UPI,,SUCCESS,2026-08-24 20:13:44.489371
PAY_004851,CUST_04637,337.66,UPI,,SUCCESS,2026-08-20 14:44:44.490382
PAY_004852,CUST_00915,1392.29,WALLET,,SUCCESS,2026-08-17 09:14:44.491402
PAY_004853,CUST_03187,1042.94,NETBANKING,,SUCCESS,2026-08-02 14:57:44.492047
PAY_004854,CUST_03197,1128.03,WALLET,,SUCCESS,2026-08-08 11:43:44.492626
PAY_004855,CUST_02861,1512.25,WALLET,,SUCCESS,2026-08-23 04:44:44.493179
PAY_004856,CUST_04508,1157.35,NETBANKING,,SUCCESS,2026-08-03 14:12:44.493751
PAY_004857,CUST_01707,3234.65,WALLET,,SUCCESS,2026-07-31 22:05:44.494313
PAY_004858,CUST_00171,382.95,NETBANKING,INSUFFICIENT_FUNDS,FAILED,2026-07-29 15:07:44.495041
PAY_004859,CUST_00523,822.89,UPI,BANK_DECLINED,FAILED,2026-08-02 00:05:44.495680
PAY_004860,CUST_01879,100.0,WALLET,,SUCCESS,2026-08-22 16:11:44.496334
PAY_004861,CUST_00100,1336.29,NETBANKING,,SUCCESS,2026-08-06 06:58:44.497634
PAY_004862,CUST_03594,5607.88,UPI,,SUCCESS,2026-07-28 04:11:44.498876
PAY_004863,CUST_00730,7732.83,WALLET,,SUCCESS,2026-08-09 16:39:44.500037
PAY_004864,CUST_01739,2193.99,WALLET,,SUCCESS,2026-07-31 22:22:44.500750
PAY_004865,CUST_04665,1148.04,NETBANKING,,SUCCESS,2026-08-21 12:31:44.501472
PAY_004866,CUST_02667,2033.74,NETBANKING,,SUCCESS,2026-08-15 14:04:44.502326
PAY_004867,CUST_00114,1990.48,UPI,,SUCCESS,2026-08-20 16:29:44.503527
PAY_004868,CUST_00144,1316.58,CARD,,SUCCESS,2026-08-05 07:50:44.505039
PAY_004869,CUST_03121,705.88,WALLET,,SUCCESS,2026-08-25 12:06:44.506634
PAY_004870,CUST_01472,1996.71,WALLET,,SUCCESS,2026-07-28 04:44:44.507694
PAY_004871,CUST_01675,1176.63,UPI,,SUCCESS,2026-08-11 04:06:44.508536
PAY_004872,CUST_02726,1540.89,NETBANKING,,SUCCESS,2026-08-18 17:27:44.509208
PAY_004873,CUST_01645,1066.76,WALLET,,SUCCESS,2026-08-15 04:28:44.510049
PAY_004874,CUST_00833,839.97,WALLET,,SUCCESS,2026-08-23 07:16:44.510668
PAY_004875,CUST_04001,995.84,UPI,AUTHENTICATION_FAILED,FAILED,2026-08-05 18:26:44.511576
PAY_004876,CUST_00176,1584.03,NETBANKING,,SUCCESS,2026-07-28 21:43:44.512128
PAY_004877,CUST_01201,1394.93,NETBANKING,,SUCCESS,2026-08-02 10:04:44.512653
PAY_004878,CUST_01466,945.8,NETBANKING,,SUCCESS,2026-08-08 03:29:44.513184
PAY_004879,CUST_00980,1880.35,UPI,,SUCCESS,2026-08-09 19:08:44.513698
PAY_004880,CUST_04308,1629.52,UPI,,SUCCESS,2026-08-18 04:32:44.514211
PAY_004881,CUST_00764,2369.31,UPI,,SUCCESS,2026-08-20 15:01:44.514781
PAY_004882,CUST_04625,899.32,CARD,,SUCCESS,2026-08-26 09:50:44.515306
PAY_004883,CUST_04676,3074.4,WALLET,,SUCCESS,2026-08-07 16:27:44.515829
PAY_004884,CUST_00098,2481.0,CARD,,SUCCESS,2026-08-03 14:47:44.516338
PAY_004885,CUST_03254,1927.44,NETBANKING,,SUCCESS,2026-07-28 22:38:44.516950
PAY_004886,CUST_01909,1037.27,NETBANKING,,SUCCESS,2026-08-06 03:46:44.517493
PAY_004887,CUST_03000,1095.57,CARD,AUTHENTICATION_FAILED,FAILED,2026-08-12 08:38:44.518331
PAY_004888,CUST_02581,1028.32,UPI,,SUCCESS,2026-07-31 14:27:44.518997
PAY_004889,CUST_03558,2050.37,UPI,,SUCCESS,2026-08-07 17:53:44.519568
PAY_004890,CUST_04009,1612.35,NETBANKING,,SUCCESS,2026-07-30 04:04:44.520089
PAY_004891,CUST_02616,1807.69,UPI,,SUCCESS,2026-07-31 20:39:44.520611
PAY_004892,CUST_00755,738.98,NETBANKING,AUTHENTICATION_FAILED,FAILED,2026-08-03 14:45:44.521127
PAY_004893,CUST_03607,1500.0,NETBANKING,,SUCCESS,2026-08-12 05:27:44.521661
PAY_004894,CUST_00558,815.87,NETBANKING,,SUCCESS,2026-08-21 16:40:44.522684
PAY_004895,CUST_02391,1127.99,CARD,,SUCCESS,2026-08-11 19:54:44.523588
PAY_004896,CUST_03522,1069.15,WALLET,,SUCCESS,2026-08-20 14:34:44.524250
PAY_004897,CUST_00991,1077.49,UPI,,SUCCESS,2026-08-06 03:31:44.524934
PAY_004898,CUST_00428,1371.37,CARD,,SUCCESS,2026-08-25 19:38:44.525532
PAY_004899,CUST_04326,513.66,WALLET,,SUCCESS,2026-08-01 15:04:44.526100
PAY_004900,CUST_03979,1273.67,UPI,,SUCCESS,2026-08-21 23:28:44.526681
PAY_004901,CUST_03950,2228.81,NETBANKING,,SUCCESS,2026-08-25 04:31:44.527247
PAY_004902,CUST_00512,1778.28,CARD,,SUCCESS,2026-07-30 21:44:44.527814
PAY_004903,CUST_04820,659.1,UPI,,SUCCESS,2026-08-03 16:49:44.528389
PAY_004904,CUST_02108,6594.48,WALLET,,SUCCESS,2026-08-06 14:48:44.528968
PAY_004905,CUST_02696,1677.79,NETBANKING,,SUCCESS,2026-08-03 11:40:44.529536
PAY_004906,CUST_02276,1486.88,CARD,INSUFFICIENT_FUNDS,FAILED,2026-08-08 08:50:44.530100
PAY_004907,CUST_00206,2355.87,WALLET,,SUCCESS,2026-08-06 07:54:44.530673
PAY_004908,CUST_03683,7269.45,NETBANKING,BANK_TIMEOUT,FAILED,2026-08-16 04:52:44.531229
PAY_004909,CUST_04862,1238.59,UPI,,SUCCESS,2026-07-29 10:44:44.531806
PAY_004910,CUST_01463,2159.41,NETBANKING,,SUCCESS,2026-08-18 00:04:44.532411
PAY_004911,CUST_02023,1157.01,WALLET,,SUCCESS,2026-08-25 17:33:44.532998
PAY_004912,CUST_04857,1373.11,CARD,,SUCCESS,2026-08-08 18:27:44.533563
PAY_004913,CUST_01319,1086.58,NETBANKING,,SUCCESS,2026-08-19 04:37:44.534150
PAY_004914,CUST_03566,833.47,NETBANKING,,SUCCESS,2026-08-23 16:48:44.534727
PAY_004915,CUST_00386,1116.51,CARD,,SUCCESS,2026-08-16 04:46:44.535296
PAY_004916,CUST_02461,1997.16,UPI,,SUCCESS,2026-07-28 02:19:44.535863
PAY_004917,CUST_01648,100.0,WALLET,,SUCCESS,2026-08-20 16:34:44.536433
PAY_004918,CUST_03328,2181.26,NETBANKING,BANK_TIMEOUT,FAILED,2026-08-25 21:23:44.537007
PAY_004919,CUST_03388,2553.94,WALLET,,SUCCESS,2026-07-30 20:44:44.537567
PAY_004920,CUST_04998,1279.31,NETBANKING,,SUCCESS,2026-08-22 05:58:44.538140
PAY_004921,CUST_02472,947.56,CARD,,SUCCESS,2026-08-14 11:10:44.539137
PAY_004922,CUST_03612,372.81,CARD,,SUCCESS,2026-08-01 17:13:44.540218
PAY_004923,CUST_01386,757.61,UPI,,SUCCESS,2026-07-29 12:09:44.541068
PAY_004924,CUST_01589,1471.5,NETBANKING,,SUCCESS,2026-08-22 06:58:44.541630
PAY_004925,CUST_02983,1244.99,CARD,,SUCCESS,2026-08-20 05:22:44.542143
PAY_004926,CUST_02719,1785.33,WALLET,,SUCCESS,2026-08-25 12:07:44.542661
PAY_004927,CUST_02919,1361.95,WALLET,,SUCCESS,2026-08-19 21:55:44.543174
PAY_004928,CUST_02618,2359.03,NETBANKING,,SUCCESS,2026-07-31 15:33:44.543708
PAY_004929,CUST_03847,1839.97,CARD,,SUCCESS,2026-08-18 17:03:44.544221
PAY_004930,CUST_02165,1143.58,WALLET,,SUCCESS,2026-08-13 04:47:44.544738
PAY_004931,CUST_02141,1359.22,CARD,,SUCCESS,2026-08-13 14:32:44.545309
PAY_004932,CUST_02700,2400.85,CARD,INSUFFICIENT_FUNDS,FAILED,2026-08-07 16:59:44.545894
PAY_004933,CUST_00627,1347.95,UPI,,SUCCESS,2026-08-25 04:10:44.546459
PAY_004934,CUST_01708,1342.94,WALLET,,SUCCESS,2026-08-02 20:31:44.546978
PAY_004935,CUST_01544,2331.25,WALLET,,SUCCESS,2026-08-16 23:55:44.547496
PAY_004936,CUST_02616,1115.99,UPI,INSUFFICIENT_FUNDS,FAILED,2026-08-01 22:20:44.548008
PAY_004937,CUST_01716,910.47,CARD,,SUCCESS,2026-08-24 05:37:44.548532
PAY_004938,CUST_00839,788.62,CARD,,SUCCESS,2026-08-25 04:29:44.549043
PAY_004939,CUST_01579,2701.02,NETBANKING,INSUFFICIENT_FUNDS,FAILED,2026-08-08 23:53:44.549592
PAY_004940,CUST_03196,2038.02,WALLET,,SUCCESS,2026-08-20 14:50:44.550099
PAY_004941,CUST_02174,820.72,NETBANKING,INSUFFICIENT_FUNDS,FAILED,2026-08-08 03:51:44.550621
PAY_004942,CUST_00800,969.74,UPI,,SUCCESS,2026-08-26 07:59:44.551133
PAY_004943,CUST_03398,929.95,WALLET,,SUCCESS,2026-07-30 06:09:44.551653
PAY_004944,CUST_03003,189.91,UPI,,SUCCESS,2026-08-22 10:15:44.552216
PAY_004945,CUST_02303,1423.63,CARD,,SUCCESS,2026-08-11 14:34:44.552764
PAY_004946,CUST_04535,1867.75,UPI,,SUCCESS,2026-08-25 14:29:44.553331
PAY_004947,CUST_00781,504.22,CARD,,SUCCESS,2026-07-29 18:46:44.553856
PAY_004948,CUST_01838,1120.84,CARD,,SUCCESS,2026-08-25 05:04:44.554373
PAY_004949,CUST_04272,649.5,CARD,,SUCCESS,2026-08-19 11:51:44.554887
PAY_004950,CUST_04279,2881.31,CARD,,SUCCESS,2026-08-02 04:28:44.555626
PAY_004951,CUST_04114,1081.17,UPI,,SUCCESS,2026-08-03 14:34:44.556260
PAY_004952,CUST_04052,146.15,UPI,,SUCCESS,2026-07-27 23:21:44.557077
PAY_004953,CUST_01934,266.06,CARD,,SUCCESS,2026-08-18 08:07:44.557889
PAY_004954,CUST_03031,903.6,NETBANKING,,SUCCESS,2026-08-12 09:29:44.558675
PAY_004955,CUST_00242,1178.41,NETBANKING,,SUCCESS,2026-08-08 05:46:44.559384
PAY_004956,CUST_00994,236.93,WALLET,,SUCCESS,2026-08-21 17:41:44.560130
PAY_004957,CUST_04724,1950.36,UPI,,SUCCESS,2026-08-05 05:11:44.560791
PAY_004958,CUST_02799,1044.93,WALLET,,SUCCESS,2026-08-15 02:21:44.561376
PAY_004959,CUST_03270,1917.42,WALLET,,SUCCESS,2026-08-24 08:07:44.561951
PAY_004960,CUST_02144,1394.82,CARD,,SUCCESS,2026-08-16 12:29:44.562537
PAY_004961,CUST_00582,354.45,NETBANKING,,SUCCESS,2026-08-20 18:58:44.563103
PAY_004962,CUST_00547,1005.05,CARD,BANK_TIMEOUT,FAILED,2026-07-28 07:09:44.563670
PAY_004963,CUST_03938,2035.95,CARD,,SUCCESS,2026-08-11 04:58:44.564252
PAY_004964,CUST_05000,1013.23,NETBANKING,,SUCCESS,2026-08-23 01:00:44.564824
PAY_004965,CUST_03419,100.0,UPI,AUTHENTICATION_FAILED,FAILED,2026-08-14 10:13:44.565387
PAY_004966,CUST_04738,1386.35,WALLET,,SUCCESS,2026-08-05 04:38:44.565945
PAY_004967,CUST_04414,1256.42,WALLET,,SUCCESS,2026-07-29 16:55:44.566541
PAY_004968,CUST_00802,1885.91,CARD,NETWORK_ERROR,FAILED,2026-07-28 14:08:44.567186
PAY_004969,CUST_01091,562.45,NETBANKING,,SUCCESS,2026-08-22 11:48:44.567892
PAY_004970,CUST_03681,2478.35,CARD,,SUCCESS,2026-08-05 09:09:44.568506
PAY_004971,CUST_04147,573.65,WALLET,,SUCCESS,2026-07-30 08:35:44.569072
PAY_004972,CUST_02623,2044.44,UPI,,SUCCESS,2026-08-20 16:35:44.569633
PAY_004973,CUST_04862,1317.24,NETBANKING,,SUCCESS,2026-08-10 10:39:44.570200
PAY_004974,CUST_03543,751.9,NETBANKING,,SUCCESS,2026-08-21 16:36:44.570774
PAY_004975,CUST_01209,2543.39,CARD,,SUCCESS,2026-08-21 23:21:44.571341
PAY_004976,CUST_04744,1420.26,UPI,BANK_DECLINED,FAILED,2026-08-02 08:18:44.572130
PAY_004977,CUST_04524,1647.35,UPI,,SUCCESS,2026-08-19 00:24:44.572811
PAY_004978,CUST_03706,1980.73,WALLET,,SUCCESS,2026-08-13 19:00:44.573472
PAY_004979,CUST_02175,1067.32,WALLET,,SUCCESS,2026-08-15 04:01:44.574193
PAY_004980,CUST_01420,1920.21,WALLET,,SUCCESS,2026-08-03 09:47:44.574938
PAY_004981,CUST_03741,1780.91,CARD,,SUCCESS,2026-08-17 01:15:44.575567
PAY_004982,CUST_00212,5848.18,UPI,,SUCCESS,2026-08-26 08:19:44.576172
PAY_004983,CUST_02733,1786.11,NETBANKING,,SUCCESS,2026-08-12 14:08:44.576757
PAY_004984,CUST_02259,1479.46,UPI,,SUCCESS,2026-08-03 12:32:44.577336
PAY_004985,CUST_03025,1053.75,WALLET,,SUCCESS,2026-07-27 20:52:44.577939
PAY_004986,CUST_02315,1332.84,UPI,,SUCCESS,2026-08-01 02:14:44.578533
PAY_004987,CUST_03410,2188.96,UPI,NETWORK_ERROR,FAILED,2026-08-13 12:24:44.579113
PAY_004988,CUST_04259,883.96,CARD,,SUCCESS,2026-08-22 21:13:44.579751
PAY_004989,CUST_04991,563.62,UPI,,SUCCESS,2026-08-24 11:53:44.580388
PAY_004990,CUST_01179,5065.98,CARD,,SUCCESS,2026-08-08 21:34:44.581010
PAY_004991,CUST_00901,1080.95,CARD,,SUCCESS,2026-08-17 19:17:44.582098
PAY_004992,CUST_01964,906.51,CARD,,SUCCESS,2026-08-14 02:34:44.583172
PAY_004993,CUST_01864,1024.89,WALLET,,SUCCESS,2026-08-14 11:30:44.584195
PAY_004994,CUST_00538,1045.55,UPI,,SUCCESS,2026-08-03 20:11:44.585183
PAY_004995,CUST_02725,366.19,CARD,AUTHENTICATION_FAILED,FAILED,2026-08-02 18:24:44.586201
PAY_004996,CUST_00931,1840.52,NETBANKING,,SUCCESS,2026-08-07 03:21:44.587214
PAY_004997,CUST_04566,1628.66,UPI,,SUCCESS,2026-08-19 03:11:44.588286
PAY_004998,CUST_00692,782.45,CARD,INSUFFICIENT_FUNDS,FAILED,2026-08-04 09:51:44.589590
PAY_004999,CUST_02200,598.14,CARD,,SUCCESS,2026-08-26 02:59:44.590308
PAY_005000,CUST_00292,5643.21,NETBANKING,,SUCCESS,2026-08-26 17:15:44.590934
PAY_005001,CUST_04881,2029.18,CARD,,SUCCESS,2026-08-26 16:43:44.591664
PAY_005002,CUST_03905,841.12,UPI,,SUCCESS,2026-08-01 19:43:44.592318
PAY_005003,CUST_02727,1107.41,CARD,,SUCCESS,2026-08-13 12:16:44.592937
PAY_005004,CUST_03527,649.55,WALLET,,SUCCESS,2026-08-06 03:36:44.593566
PAY_005005,CUST_00123,7040.54,UPI,,SUCCESS,2026-07-29 22:12:44.594152
PAY_005006,CUST_02584,2394.33,UPI,BANK_TIMEOUT,FAILED,2026-08-15 07:29:44.594782
PAY_005007,CUST_02894,2001.26,UPI,,SUCCESS,2026-08-25 17:36:44.595526
PAY_005008,CUST_03022,877.56,UPI,,SUCCESS,2026-08-09 06:55:44.596296
PAY_005009,CUST_03656,1781.49,CARD,,SUCCESS,2026-08-16 02:05:44.596954
PAY_005010,CUST_02002,695.87,WALLET,INSUFFICIENT_FUNDS,FAILED,2026-08-05 23:59:44.597573
PAY_005011,CUST_03493,762.29,WALLET,,SUCCESS,2026-07-29 16:06:44.598152
PAY_005012,CUST_04484,859.8,UPI,AUTHENTICATION_FAILED,FAILED,2026-08-11 10:57:44.598739
PAY_005013,CUST_03592,1930.95,UPI,,SUCCESS,2026-08-01 20:44:44.599329
PAY_005014,CUST_04803,1291.59,NETBANKING,,SUCCESS,2026-08-09 02:31:44.599913
PAY_005015,CUST_00334,2367.86,UPI,,SUCCESS,2026-08-25 17:41:44.600506
PAY_005016,CUST_02880,703.19,NETBANKING,,SUCCESS,2026-08-16 19:32:44.601106
PAY_005017,CUST_03517,783.77,UPI,,SUCCESS,2026-08-22 09:10:44.601759
PAY_005018,CUST_04099,1483.63,CARD,,SUCCESS,2026-08-06 12:05:44.602559
PAY_005019,CUST_02563,7452.29,UPI,,SUCCESS,2026-08-02 23:12:44.603720
PAY_005020,CUST_04012,1567.71,NETBANKING,,SUCCESS,2026-08-22 13:53:44.604372
PAY_005021,CUST_01556,6115.25,NETBANKING,,SUCCESS,2026-08-14 23:50:44.605092
PAY_005022,CUST_00868,1566.68,CARD,,SUCCESS,2026-07-31 16:39:44.606470
PAY_005023,CUST_01174,1900.31,NETBANKING,,SUCCESS,2026-08-19 22:57:44.607201
PAY_005024,CUST_03339,2357.42,CARD,,SUCCESS,2026-07-28 20:17:44.607912
PAY_005025,CUST_02250,2454.12,UPI,,SUCCESS,2026-08-23 16:09:44.608609
PAY_005026,CUST_00201,604.91,NETBANKING,,SUCCESS,2026-08-15 21:38:44.609277
PAY_005027,CUST_01329,1135.19,WALLET,,SUCCESS,2026-08-25 10:08:44.610032
PAY_005028,CUST_04744,1746.41,WALLET,,SUCCESS,2026-07-31 15:05:44.610812
PAY_005029,CUST_00321,1937.52,NETBANKING,,SUCCESS,2026-08-13 21:21:44.611484
PAY_005030,CUST_00734,787.93,NETBANKING,,SUCCESS,2026-08-08 09:08:44.612134
PAY_005031,CUST_00685,1774.67,CARD,,SUCCESS,2026-08-24 08:15:44.612741
PAY_005032,CUST_04112,3219.91,CARD,,SUCCESS,2026-08-14 15:15:44.613334
PAY_005033,CUST_04595,609.85,UPI,,SUCCESS,2026-08-20 10:45:44.613965
PAY_005034,CUST_01278,357.02,UPI,,SUCCESS,2026-08-03 17:06:44.614590
PAY_005035,CUST_02334,474.54,CARD,,SUCCESS,2026-07-28 02:03:44.615182
PAY_005036,CUST_02395,436.35,WALLET,,SUCCESS,2026-07-30 15:23:44.615786
PAY_005037,CUST_03379,1371.23,NETBANKING,,SUCCESS,2026-08-26 17:39:44.616421
PAY_005038,CUST_04198,10390.84,WALLET,,SUCCESS,2026-08-20 09:09:44.617179
PAY_005039,CUST_00494,748.81,NETBANKING,AUTHENTICATION_FAILED,FAILED,2026-08-23 14:23:44.617993
PAY_005040,CUST_04564,545.95,NETBANKING,,SUCCESS,2026-08-20 14:23:44.618903
PAY_005041,CUST_00357,720.46,NETBANKING,,SUCCESS,2026-07-28 18:55:44.619606
PAY_005042,CUST_02956,1608.5,WALLET,,SUCCESS,2026-08-12 14:33:44.620255
PAY_005043,CUST_04634,7919.08,CARD,,SUCCESS,2026-08-11 02:39:44.620919
PAY_005044,CUST_03280,1544.71,UPI,,SUCCESS,2026-08-26 09:41:44.621570
PAY_005045,CUST_02306,2035.46,CARD,,SUCCESS,2026-07-29 13:56:44.623149
PAY_005046,CUST_00478,697.97,CARD,AUTHENTICATION_FAILED,FAILED,2026-08-11 16:14:44.624389
PAY_005047,CUST_02748,1608.5,UPI,,SUCCESS,2026-08-07 17:34:44.625460
PAY_005048,CUST_04786,2063.21,CARD,,SUCCESS,2026-07-29 01:03:44.626418
PAY_005049,CUST_00074,453.49,NETBANKING,,SUCCESS,2026-08-01 02:20:44.627316
PAY_005050,CUST_03969,961.19,WALLET,BANK_TIMEOUT,FAILED,2026-08-25 08:15:44.627977
PAY_005051,CUST_04987,1910.73,CARD,,SUCCESS,2026-08-16 19:36:44.628532
PAY_005052,CUST_04694,1663.0,WALLET,,SUCCESS,2026-08-08 04:48:44.629050
PAY_005053,CUST_04372,1372.62,UPI,INSUFFICIENT_FUNDS,FAILED,2026-08-01 05:30:44.629618
PAY_005054,CUST_00226,954.1,CARD,,SUCCESS,2026-08-05 22:19:44.630212
PAY_005055,CUST_00992,2415.16,UPI,,SUCCESS,2026-08-18 18:53:44.631122
PAY_005056,CUST_01957,1978.87,CARD,,SUCCESS,2026-07-31 22:41:44.631907
PAY_005057,CUST_01801,751.95,WALLET,,SUCCESS,2026-08-23 15:54:44.632448
PAY_005058,CUST_02014,670.52,CARD,,SUCCESS,2026-08-25 10:48:44.632983
PAY_005059,CUST_03176,1290.18,NETBANKING,,SUCCESS,2026-08-02 13:24:44.633498
PAY_005060,CUST_04346,2659.22,UPI,,SUCCESS,2026-08-04 03:11:44.634021
PAY_005061,CUST_00001,871.78,WALLET,,SUCCESS,2026-08-11 23:47:44.634609
PAY_005062,CUST_02888,1461.55,NETBANKING,,SUCCESS,2026-08-12 14:02:44.635206
PAY_005063,CUST_04464,923.77,UPI,,SUCCESS,2026-08-12 21:14:44.635769
PAY_005064,CUST_04097,1568.24,CARD,,SUCCESS,2026-08-06 18:29:44.636285
PAY_005065,CUST_02626,976.85,CARD,,SUCCESS,2026-07-28 22:22:44.636856
PAY_005066,CUST_00436,1182.06,UPI,,SUCCESS,2026-08-21 21:55:44.637416
PAY_005067,CUST_02702,1076.82,NETBANKING,,SUCCESS,2026-08-16 00:27:44.638227
PAY_005068,CUST_03677,888.18,WALLET,INSUFFICIENT_FUNDS,FAILED,2026-08-12 17:14:44.639605
PAY_005069,CUST_00643,560.32,CARD,,SUCCESS,2026-08-14 23:28:44.640403
PAY_005070,CUST_04044,1286.93,WALLET,,SUCCESS,2026-08-23 00:08:44.641085
PAY_005071,CUST_02058,811.72,WALLET,,SUCCESS,2026-08-02 10:47:44.641817
PAY_005072,CUST_03520,1070.25,NETBANKING,,SUCCESS,2026-08-22 03:57:44.642336
PAY_005073,CUST_04445,2190.78,CARD,,SUCCESS,2026-08-05 21:41:44.642870
PAY_005074,CUST_04006,968.07,CARD,,SUCCESS,2026-08-08 20:16:44.643391
PAY_005075,CUST_02204,424.54,UPI,,SUCCESS,2026-08-03 14:29:44.643948
PAY_005076,CUST_00837,1466.74,WALLET,,SUCCESS,2026-08-09 03:42:44.644574
PAY_005077,CUST_03908,2401.58,WALLET,,SUCCESS,2026-08-19 20:09:44.645492
PAY_005078,CUST_02331,1958.83,NETBANKING,,SUCCESS,2026-08-23 07:13:44.646045
PAY_005079,CUST_00127,2626.7,WALLET,,SUCCESS,2026-08-08 04:23:44.646572
PAY_005080,CUST_02007,1019.79,WALLET,,SUCCESS,2026-08-03 13:07:44.647099
PAY_005081,CUST_00646,1620.16,NETBANKING,,SUCCESS,2026-07-29 09:48:44.647624
PAY_005082,CUST_04515,1125.53,WALLET,,SUCCESS,2026-08-23 02:56:44.648132
PAY_005083,CUST_04601,991.9,UPI,,SUCCESS,2026-07-28 16:48:44.648658
PAY_005084,CUST_02292,1014.04,UPI,,SUCCESS,2026-08-25 03:00:44.649175
PAY_005085,CUST_04094,1974.73,UPI,,SUCCESS,2026-08-03 13:32:44.649804
PAY_005086,CUST_03826,1265.3,WALLET,,SUCCESS,2026-08-13 01:44:44.650413
PAY_005087,CUST_01246,1860.36,CARD,,SUCCESS,2026-08-16 01:52:44.650956
PAY_005088,CUST_01060,411.02,NETBANKING,,SUCCESS,2026-08-17 06:04:44.651533
PAY_005089,CUST_02331,1566.6,NETBANKING,,SUCCESS,2026-08-07 16:55:44.652082
PAY_005090,CUST_01367,797.16,WALLET,,SUCCESS,2026-08-01 20:39:44.653003
PAY_005091,CUST_04386,771.77,UPI,,SUCCESS,2026-08-19 22:09:44.653587
PAY_005092,CUST_01191,9529.94,WALLET,,SUCCESS,2026-08-15 06:46:44.654101
PAY_005093,CUST_04174,1313.28,NETBANKING,,SUCCESS,2026-08-19 08:09:44.654630
PAY_005094,CUST_03516,969.5,CARD,,SUCCESS,2026-08-26 00:06:44.655166
PAY_005095,CUST_03139,8462.77,NETBANKING,,SUCCESS,2026-08-13 21:42:44.656373
PAY_005096,CUST_01195,1440.03,UPI,,SUCCESS,2026-08-21 03:44:44.657268
PAY_005097,CUST_00942,1911.68,WALLET,INSUFFICIENT_FUNDS,FAILED,2026-08-01 21:44:44.657828
PAY_005098,CUST_01720,8021.72,CARD,,SUCCESS,2026-08-05 16:30:44.658468
PAY_005099,CUST_01049,1903.2,WALLET,INSUFFICIENT_FUNDS,FAILED,2026-08-12 19:51:44.659102
PAY_005100,CUST_02546,1479.99,NETBANKING,,SUCCESS,2026-08-04 00:15:44.660028
PAY_005101,CUST_00085,1513.79,CARD,,SUCCESS,2026-08-23 20:08:44.660589
PAY_005102,CUST_04590,656.48,NETBANKING,,SUCCESS,2026-07-31 02:03:44.661107
PAY_005103,CUST_03252,1079.89,UPI,,SUCCESS,2026-08-08 08:20:44.661635
PAY_005104,CUST_02877,552.01,UPI,,SUCCESS,2026-08-10 23:31:44.662151
PAY_005105,CUST_03852,6080.59,UPI,,SUCCESS,2026-08-24 19:06:44.662670
PAY_005106,CUST_02936,4806.3,CARD,,SUCCESS,2026-08-09 21:34:44.663178
PAY_005107,CUST_03709,2191.39,NETBANKING,,SUCCESS,2026-08-23 01:01:44.663697
PAY_005108,CUST_04060,8228.39,CARD,,SUCCESS,2026-08-15 12:56:44.664207
PAY_005109,CUST_00527,1164.14,UPI,,SUCCESS,2026-08-08 12:23:44.664724
PAY_005110,CUST_02794,1486.78,WALLET,,SUCCESS,2026-08-26 14:18:44.665288
PAY_005111,CUST_03218,2273.71,CARD,,SUCCESS,2026-08-04 04:23:44.666156
PAY_005112,CUST_01646,764.41,WALLET,BANK_TIMEOUT,FAILED,2026-08-24 03:02:44.666889
PAY_005113,CUST_01919,1161.05,UPI,,SUCCESS,2026-08-17 14:38:44.667493
PAY_005114,CUST_03220,744.3,WALLET,AUTHENTICATION_FAILED,FAILED,2026-07-30 20:00:44.668065
PAY_005115,CUST_03567,1397.83,UPI,,SUCCESS,2026-08-23 03:18:44.668643
PAY_005116,CUST_00357,1231.83,NETBANKING,BANK_TIMEOUT,FAILED,2026-08-26 04:27:44.669226
PAY_005117,CUST_01545,573.28,WALLET,,SUCCESS,2026-08-21 11:19:44.669823
PAY_005118,CUST_02255,2054.33,WALLET,,SUCCESS,2026-08-22 06:51:44.670395
PAY_005119,CUST_00847,1365.78,WALLET,,SUCCESS,2026-07-28 02:28:44.670965
PAY_005120,CUST_00350,1721.74,UPI,,SUCCESS,2026-08-22 00:14:44.671540
PAY_005121,CUST_04679,5125.94,WALLET,,SUCCESS,2026-08-19 16:56:44.672473
PAY_005122,CUST_04196,1180.93,NETBANKING,,SUCCESS,2026-07-29 17:07:44.673665
PAY_005123,CUST_04921,2461.38,UPI,,SUCCESS,2026-08-03 16:44:44.674503
PAY_005124,CUST_00026,483.04,NETBANKING,,SUCCESS,2026-07-28 20:03:44.675249
PAY_005125,CUST_02794,1209.54,NETBANKING,,SUCCESS,2026-08-10 04:34:44.675826
PAY_005126,CUST_00402,1996.46,UPI,,SUCCESS,2026-08-23 06:44:44.676399
PAY_005127,CUST_02308,1503.38,WALLET,,SUCCESS,2026-08-11 06:43:44.676969
PAY_005128,CUST_03342,1802.33,CARD,,SUCCESS,2026-08-21 08:29:44.677544
PAY_005129,CUST_01832,1157.71,CARD,AUTHENTICATION_FAILED,FAILED,2026-08-02 17:38:44.678114
PAY_005130,CUST_00093,6809.88,WALLET,,SUCCESS,2026-08-03 00:04:44.678684
PAY_005131,CUST_01091,739.79,WALLET,,SUCCESS,2026-08-20 12:35:44.679270
PAY_005132,CUST_04558,1652.77,UPI,,SUCCESS,2026-08-16 11:16:44.679935
PAY_005133,CUST_01156,1020.61,WALLET,,SUCCESS,2026-08-21 23:20:44.680729
PAY_005134,CUST_02644,1382.44,UPI,,SUCCESS,2026-07-29 18:31:44.681353
PAY_005135,CUST_00815,933.15,CARD,,SUCCESS,2026-08-20 21:07:44.681920
PAY_005136,CUST_02110,2141.01,WALLET,,SUCCESS,2026-08-15 08:22:44.682500
PAY_005137,CUST_02084,1466.74,UPI,,SUCCESS,2026-08-02 10:00:44.683063
PAY_005138,CUST_04461,1251.14,NETBANKING,,SUCCESS,2026-08-16 11:16:44.683630
PAY_005139,CUST_03732,2517.25,WALLET,,SUCCESS,2026-08-01 07:35:44.684211
PAY_005140,CUST_02624,1016.26,UPI,,SUCCESS,2026-08-18 12:01:44.684777
PAY_005141,CUST_02642,551.1,UPI,,SUCCESS,2026-08-01 19:11:44.685347
PAY_005142,CUST_02681,4967.45,NETBANKING,,SUCCESS,2026-08-05 14:24:44.685912
PAY_005143,CUST_00738,1055.91,UPI,,SUCCESS,2026-08-26 02:47:44.686502
PAY_005144,CUST_04218,1052.99,NETBANKING,,SUCCESS,2026-08-13 10:40:44.687196
PAY_005145,CUST_01307,1250.12,CARD,,SUCCESS,2026-08-17 01:55:44.687897
PAY_005146,CUST_03732,2710.63,CARD,,SUCCESS,2026-08-19 09:38:44.688586
PAY_005147,CUST_03239,1701.07,UPI,,SUCCESS,2026-08-09 00:07:44.689628
PAY_005148,CUST_01183,959.55,WALLET,,SUCCESS,2026-07-30 08:49:44.690614
PAY_005149,CUST_04841,1698.45,WALLET,,SUCCESS,2026-08-01 16:30:44.691211
PAY_005150,CUST_04987,1438.57,WALLET,,SUCCESS,2026-08-14 23:21:44.691832
PAY_005151,CUST_04819,10437.18,WALLET,,SUCCESS,2026-08-25 21:07:44.692422
PAY_005152,CUST_02562,100.0,WALLET,,SUCCESS,2026-08-10 13:28:44.692993
PAY_005153,CUST_01266,5040.03,UPI,INSUFFICIENT_FUNDS,FAILED,2026-07-31 11:28:44.693557
PAY_005154,CUST_02529,2265.95,NETBANKING,,SUCCESS,2026-08-20 07:44:44.694143
PAY_005155,CUST_02515,100.0,UPI,BANK_TIMEOUT,FAILED,2026-08-08 06:47:44.694878
PAY_005156,CUST_01168,938.41,CARD,,SUCCESS,2026-08-09 02:39:44.695578
PAY_005157,CUST_02530,719.55,WALLET,BANK_TIMEOUT,FAILED,2026-08-16 21:13:44.696161
PAY_005158,CUST_00829,752.37,UPI,,SUCCESS,2026-07-28 06:14:44.697452
PAY_005159,CUST_02788,728.23,NETBANKING,,SUCCESS,2026-08-19 15:53:44.698070
PAY_005160,CUST_00047,1337.36,CARD,,SUCCESS,2026-08-21 15:59:44.698910
PAY_005161,CUST_01912,701.66,CARD,,SUCCESS,2026-07-31 11:40:44.699531
PAY_005162,CUST_01613,1020.81,NETBANKING,AUTHENTICATION_FAILED,FAILED,2026-08-23 18:50:44.700320
PAY_005163,CUST_02296,164.2,UPI,,SUCCESS,2026-08-13 01:38:44.701104
PAY_005164,CUST_01790,1010.08,WALLET,,SUCCESS,2026-07-30 10:46:44.701834
PAY_005165,CUST_04139,1226.33,UPI,,SUCCESS,2026-08-26 01:59:44.702452
PAY_005166,CUST_04302,982.94,CARD,,SUCCESS,2026-08-24 15:42:44.703020
PAY_005167,CUST_04719,1883.5,NETBANKING,,SUCCESS,2026-08-23 13:02:44.703585
PAY_005168,CUST_03114,1058.03,NETBANKING,,SUCCESS,2026-08-01 18:04:44.704158
PAY_005169,CUST_03272,2301.49,NETBANKING,,SUCCESS,2026-08-08 09:18:44.704719
PAY_005170,CUST_03280,1611.99,CARD,,SUCCESS,2026-08-16 06:28:44.705400
PAY_005171,CUST_00975,1507.44,NETBANKING,,SUCCESS,2026-08-16 04:44:44.706381
PAY_005172,CUST_01223,500.78,UPI,,SUCCESS,2026-08-22 12:47:44.707066
PAY_005173,CUST_00515,6226.12,UPI,BANK_TIMEOUT,FAILED,2026-08-14 05:16:44.707759
PAY_005174,CUST_02558,1137.95,WALLET,,SUCCESS,2026-08-14 23:21:44.708720
PAY_005175,CUST_01399,1456.08,CARD,,SUCCESS,2026-08-04 11:02:44.709567
PAY_005176,CUST_02581,1409.63,WALLET,,SUCCESS,2026-08-21 05:19:44.710122
PAY_005177,CUST_00729,1894.41,CARD,,SUCCESS,2026-08-01 16:09:44.710680
PAY_005178,CUST_04523,1279.4,UPI,,SUCCESS,2026-08-20 13:26:44.711196
PAY_005179,CUST_01358,853.07,UPI,,SUCCESS,2026-08-06 08:24:44.711892
PAY_005180,CUST_01065,1907.68,NETBANKING,,SUCCESS,2026-08-22 07:18:44.712431
PAY_005181,CUST_02366,2320.08,NETBANKING,,SUCCESS,2026-08-01 04:10:44.712950
PAY_005182,CUST_03029,6916.3,UPI,,SUCCESS,2026-08-11 06:01:44.713485
PAY_005183,CUST_04898,8784.29,CARD,,SUCCESS,2026-08-09 15:46:44.714004
PAY_005184,CUST_02390,1144.43,UPI,,SUCCESS,2026-07-30 13:05:44.714575
PAY_005185,CUST_00796,8835.95,CARD,,SUCCESS,2026-08-09 08:09:44.715227
PAY_005186,CUST_03737,2255.89,NETBANKING,BANK_DECLINED,FAILED,2026-08-06 23:36:44.716139
PAY_005187,CUST_01574,1288.85,NETBANKING,,SUCCESS,2026-08-14 00:50:44.716701
PAY_005188,CUST_02999,1284.88,WALLET,,SUCCESS,2026-08-05 11:05:44.717233
PAY_005189,CUST_03639,781.32,NETBANKING,,SUCCESS,2026-08-23 20:15:44.717809
PAY_005190,CUST_01822,1820.36,UPI,,SUCCESS,2026-08-05 19:41:44.718333
PAY_005191,CUST_02836,1413.7,WALLET,,SUCCESS,2026-08-21 05:04:44.718855
PAY_005192,CUST_04623,1839.24,NETBANKING,,SUCCESS,2026-07-28 02:21:44.719384
PAY_005193,CUST_01307,1079.73,CARD,,SUCCESS,2026-08-04 21:20:44.719900
PAY_005194,CUST_01502,1802.18,UPI,,SUCCESS,2026-08-16 22:23:44.720422
PAY_005195,CUST_00243,400.86,NETBANKING,BANK_DECLINED,FAILED,2026-08-16 09:33:44.720950
PAY_005196,CUST_03303,1714.57,CARD,,SUCCESS,2026-08-06 15:46:44.721589
PAY_005197,CUST_00348,2540.0,UPI,,SUCCESS,2026-08-13 01:19:44.723397
PAY_005198,CUST_02594,1921.5,NETBANKING,,SUCCESS,2026-08-05 21:30:44.724267
PAY_005199,CUST_00979,1837.29,WALLET,,SUCCESS,2026-08-24 12:28:44.724809
PAY_005200,CUST_00519,2098.73,CARD,,SUCCESS,2026-08-11 15:53:44.725467
PAY_005201,CUST_01566,7601.55,WALLET,,SUCCESS,2026-08-02 18:04:44.725993
PAY_005202,CUST_00398,796.14,CARD,,SUCCESS,2026-08-06 06:24:44.726528
PAY_005203,CUST_02572,992.55,NETBANKING,BANK_TIMEOUT,FAILED,2026-08-06 08:47:44.727045
PAY_005204,CUST_02796,1145.07,NETBANKING,,SUCCESS,2026-08-20 14:13:44.727649
PAY_005205,CUST_03208,2190.03,WALLET,INSUFFICIENT_FUNDS,FAILED,2026-08-20 05:47:44.728169
PAY_005206,CUST_03925,1368.67,UPI,,SUCCESS,2026-08-17 09:18:44.728697
PAY_005207,CUST_00284,1237.34,CARD,,SUCCESS,2026-08-01 19:47:44.729276
PAY_005208,CUST_00342,2204.94,WALLET,,SUCCESS,2026-08-05 03:05:44.730082
PAY_005209,CUST_02340,690.05,CARD,,SUCCESS,2026-08-10 11:42:44.730859
PAY_005210,CUST_01496,558.04,CARD,,SUCCESS,2026-08-02 17:03:44.731425
PAY_005211,CUST_01416,1091.92,WALLET,,SUCCESS,2026-07-30 03:27:44.731946
PAY_005212,CUST_03979,1098.04,UPI,BANK_DECLINED,FAILED,2026-08-03 06:10:44.732468
PAY_005213,CUST_02760,2266.91,WALLET,,SUCCESS,2026-07-30 21:00:44.732982
PAY_005214,CUST_03160,4843.24,CARD,,SUCCESS,2026-08-24 04:02:44.733513
PAY_005215,CUST_04459,1316.12,NETBANKING,,SUCCESS,2026-08-16 01:51:44.734025
PAY_005216,CUST_02605,1285.72,NETBANKING,,SUCCESS,2026-08-25 15:08:44.734547
PAY_005217,CUST_03807,9402.03,CARD,,SUCCESS,2026-08-05 04:51:44.735064
PAY_005218,CUST_02182,1575.79,WALLET,,SUCCESS,2026-08-22 23:20:44.735600
PAY_005219,CUST_01700,820.89,NETBANKING,,SUCCESS,2026-07-30 15:41:44.736164
PAY_005220,CUST_01611,1405.07,WALLET,,SUCCESS,2026-08-15 01:45:44.736739
PAY_005221,CUST_00430,3608.62,NETBANKING,,SUCCESS,2026-08-18 01:19:44.737692
PAY_005222,CUST_00834,1595.86,NETBANKING,,SUCCESS,2026-08-08 01:25:44.738243
PAY_005223,CUST_01409,2488.18,WALLET,,SUCCESS,2026-08-04 00:32:44.739614
PAY_005224,CUST_00739,656.8,WALLET,,SUCCESS,2026-08-04 00:57:44.740421
PAY_005225,CUST_00591,655.54,NETBANKING,,SUCCESS,2026-08-15 04:41:44.741026
PAY_005226,CUST_00828,1236.71,UPI,,SUCCESS,2026-07-31 02:03:44.741700
PAY_005227,CUST_00920,8094.91,UPI,,SUCCESS,2026-08-15 19:23:44.742323
PAY_005228,CUST_00799,1358.82,NETBANKING,,SUCCESS,2026-08-20 02:08:44.743046
PAY_005229,CUST_01989,1462.49,WALLET,,SUCCESS,2026-08-17 05:26:44.743858
PAY_005230,CUST_03673,1535.94,CARD,,SUCCESS,2026-08-06 01:25:44.744618
PAY_005231,CUST_00728,2025.11,CARD,,SUCCESS,2026-08-24 01:44:44.745165
PAY_005232,CUST_03252,427.21,CARD,,SUCCESS,2026-07-28 12:02:44.745720
PAY_005233,CUST_00596,1805.77,UPI,BANK_TIMEOUT,FAILED,2026-08-23 08:57:44.746245
PAY_005234,CUST_00047,921.98,NETBANKING,,SUCCESS,2026-07-28 03:32:44.746797
PAY_005235,CUST_03581,648.01,WALLET,,SUCCESS,2026-07-30 04:09:44.747308
PAY_005236,CUST_02811,1196.58,WALLET,,SUCCESS,2026-08-21 22:26:44.747855
PAY_005237,CUST_01297,372.21,UPI,,SUCCESS,2026-08-13 09:10:44.748389
PAY_005238,CUST_03425,2026.21,NETBANKING,,SUCCESS,2026-08-21 14:20:44.748913
PAY_005239,CUST_01674,6924.62,WALLET,,SUCCESS,2026-07-31 12:30:44.749459
PAY_005240,CUST_02675,5588.1,UPI,,SUCCESS,2026-08-09 17:30:44.750025
PAY_005241,CUST_00411,1410.25,UPI,NETWORK_ERROR,FAILED,2026-07-31 10:54:44.750768
PAY_005242,CUST_03004,1308.38,CARD,INSUFFICIENT_FUNDS,FAILED,2026-08-25 10:33:44.751468
PAY_005243,CUST_01323,2512.45,WALLET,,SUCCESS,2026-07-31 21:46:44.752000
PAY_005244,CUST_03244,8426.6,UPI,,SUCCESS,2026-08-22 10:24:44.752561
PAY_005245,CUST_03458,697.76,NETBANKING,,SUCCESS,2026-08-18 09:29:44.753075
PAY_005246,CUST_01566,7485.42,NETBANKING,,SUCCESS,2026-08-04 05:42:44.753623
PAY_005247,CUST_01660,1459.89,UPI,,SUCCESS,2026-08-07 13:36:44.754133
PAY_005248,CUST_00537,2280.82,UPI,,SUCCESS,2026-08-06 06:43:44.754718
PAY_005249,CUST_01922,586.41,UPI,,SUCCESS,2026-08-16 22:54:44.755872
PAY_005250,CUST_02762,1609.92,UPI,,SUCCESS,2026-08-08 13:54:44.757126
PAY_005251,CUST_03968,4023.81,WALLET,,SUCCESS,2026-08-24 23:54:44.758835
PAY_005252,CUST_00598,1948.93,UPI,,SUCCESS,2026-08-25 06:56:44.759591
PAY_005253,CUST_02319,2019.51,CARD,,SUCCESS,2026-08-17 06:57:44.760123
PAY_005254,CUST_03615,1737.08,WALLET,,SUCCESS,2026-08-18 10:24:44.760652
PAY_005255,CUST_00581,1767.63,NETBANKING,,SUCCESS,2026-08-09 15:23:44.761167
PAY_005256,CUST_04805,690.07,UPI,,SUCCESS,2026-08-06 17:39:44.761690
PAY_005257,CUST_02852,752.31,NETBANKING,NETWORK_ERROR,FAILED,2026-08-07 01:40:44.762203
PAY_005258,CUST_00225,2739.47,UPI,,SUCCESS,2026-08-02 05:08:44.762722
PAY_005259,CUST_03765,190.77,UPI,,SUCCESS,2026-08-08 16:29:44.763229
PAY_005260,CUST_01913,2172.38,NETBANKING,,SUCCESS,2026-08-14 22:46:44.763809
PAY_005261,CUST_00858,878.1,NETBANKING,AUTHENTICATION_FAILED,FAILED,2026-07-29 21:35:44.764406
PAY_005262,CUST_03466,2312.5,NETBANKING,,SUCCESS,2026-08-21 20:07:44.764921
PAY_005263,CUST_01753,1458.2,CARD,,SUCCESS,2026-07-30 06:22:44.765443
PAY_005264,CUST_02779,1359.41,WALLET,,SUCCESS,2026-08-19 14:18:44.765952
PAY_005265,CUST_04266,1083.94,WALLET,,SUCCESS,2026-08-18 14:04:44.766466
PAY_005266,CUST_02050,903.31,UPI,,SUCCESS,2026-08-19 12:02:44.766979
PAY_005267,CUST_04418,1129.48,UPI,,SUCCESS,2026-08-09 03:30:44.767494
PAY_005268,CUST_04704,262.8,UPI,BANK_DECLINED,FAILED,2026-08-01 03:42:44.768012
PAY_005269,CUST_00205,1118.95,UPI,,SUCCESS,2026-08-21 01:52:44.768532
PAY_005270,CUST_03743,5272.45,WALLET,,SUCCESS,2026-08-06 04:33:44.769071
PAY_005271,CUST_03689,1001.79,NETBANKING,,SUCCESS,2026-08-18 23:24:44.769591
PAY_005272,CUST_04322,1324.7,CARD,,SUCCESS,2026-08-01 14:53:44.770107
PAY_005273,CUST_04626,1188.17,NETBANKING,,SUCCESS,2026-08-17 10:31:44.770624
PAY_005274,CUST_02888,1381.52,NETBANKING,,SUCCESS,2026-07-29 09:55:44.771135
PAY_005275,CUST_02898,688.6,NETBANKING,,SUCCESS,2026-08-25 17:19:44.771700
PAY_005276,CUST_02194,3311.77,UPI,,SUCCESS,2026-08-03 18:33:44.772823
PAY_005277,CUST_02789,1998.43,WALLET,,SUCCESS,2026-08-13 01:43:44.774039
PAY_005278,CUST_02251,1276.3,WALLET,,SUCCESS,2026-08-04 06:02:44.774837
PAY_005279,CUST_01964,1396.93,WALLET,,SUCCESS,2026-08-25 19:10:44.775370
PAY_005280,CUST_04742,394.45,UPI,BANK_TIMEOUT,FAILED,2026-08-01 01:42:44.775896
PAY_005281,CUST_04969,1438.37,CARD,,SUCCESS,2026-07-30 16:57:44.776418
PAY_005282,CUST_04792,4489.52,CARD,BANK_TIMEOUT,FAILED,2026-08-09 21:12:44.776925
PAY_005283,CUST_04380,2921.45,NETBANKING,,SUCCESS,2026-08-15 22:42:44.777455
PAY_005284,CUST_01566,7847.72,NETBANKING,,SUCCESS,2026-08-14 23:56:44.778000
PAY_005285,CUST_03904,1408.82,UPI,,SUCCESS,2026-07-31 04:08:44.778543
PAY_005286,CUST_03322,945.74,CARD,,SUCCESS,2026-08-10 22:13:44.779349
PAY_005287,CUST_04584,902.73,CARD,,SUCCESS,2026-08-17 09:33:44.780012
PAY_005288,CUST_00754,1230.61,CARD,,SUCCESS,2026-08-15 15:37:44.780541
PAY_005289,CUST_00520,1403.08,UPI,,SUCCESS,2026-08-19 18:42:44.781060
PAY_005290,CUST_02693,1421.45,NETBANKING,,SUCCESS,2026-08-11 03:05:44.781592
PAY_005291,CUST_00901,1112.95,UPI,,SUCCESS,2026-08-21 14:53:44.782106
PAY_005292,CUST_03121,914.08,CARD,,SUCCESS,2026-08-11 10:05:44.782625
PAY_005293,CUST_00057,2009.2,UPI,,SUCCESS,2026-08-16 11:59:44.783140
PAY_005294,CUST_02203,1348.22,NETBANKING,,SUCCESS,2026-08-17 07:31:44.783674
PAY_005295,CUST_03223,302.41,CARD,,SUCCESS,2026-08-18 00:21:44.784185
PAY_005296,CUST_04120,1851.67,NETBANKING,,SUCCESS,2026-08-15 13:52:44.784705
PAY_005297,CUST_01338,2567.31,CARD,,SUCCESS,2026-07-30 20:09:44.785271
PAY_005298,CUST_00851,1807.65,UPI,,SUCCESS,2026-08-02 07:53:44.785896
PAY_005299,CUST_01486,530.39,CARD,BANK_TIMEOUT,FAILED,2026-08-21 00:54:44.786423
PAY_005300,CUST_02491,474.44,NETBANKING,,SUCCESS,2026-08-14 11:43:44.786943
PAY_005301,CUST_02151,1432.89,UPI,NETWORK_ERROR,FAILED,2026-08-11 14:47:44.787475
PAY_005302,CUST_03816,561.4,WALLET,,SUCCESS,2026-08-12 12:56:44.787989
PAY_005303,CUST_00055,572.9,CARD,,SUCCESS,2026-08-24 05:14:44.788540
PAY_005304,CUST_03688,456.51,CARD,NETWORK_ERROR,FAILED,2026-08-08 12:21:44.789593
PAY_005305,CUST_04686,1177.55,WALLET,,SUCCESS,2026-08-05 20:40:44.790335
PAY_005306,CUST_01746,520.53,NETBANKING,,SUCCESS,2026-08-14 03:23:44.791039
PAY_005307,CUST_01157,1342.75,UPI,,SUCCESS,2026-08-09 07:31:44.791677
PAY_005308,CUST_01726,5983.76,NETBANKING,,SUCCESS,2026-07-28 14:49:44.792285
PAY_005309,CUST_03955,1348.59,CARD,,SUCCESS,2026-08-06 09:23:44.792931
PAY_005310,CUST_00771,715.09,UPI,,SUCCESS,2026-07-31 02:51:44.793518
PAY_005311,CUST_04776,169.31,WALLET,NETWORK_ERROR,FAILED,2026-08-23 07:51:44.794096
PAY_005312,CUST_00223,1117.53,UPI,,SUCCESS,2026-08-04 20:49:44.794665
PAY_005313,CUST_03911,985.05,WALLET,,SUCCESS,2026-08-20 22:57:44.795242
PAY_005314,CUST_04117,577.28,NETBANKING,,SUCCESS,2026-08-05 05:44:44.795812
PAY_005315,CUST_01509,669.21,WALLET,,SUCCESS,2026-08-15 07:46:44.796381
PAY_005316,CUST_02716,8214.87,CARD,,SUCCESS,2026-08-25 15:08:44.796961
PAY_005317,CUST_04925,1537.77,WALLET,,SUCCESS,2026-08-21 07:18:44.797531
PAY_005318,CUST_03427,1388.13,CARD,,SUCCESS,2026-08-25 13:59:44.798096
PAY_005319,CUST_02643,4289.88,CARD,AUTHENTICATION_FAILED,FAILED,2026-08-14 13:31:44.798667
PAY_005320,CUST_03478,554.27,CARD,BANK_DECLINED,FAILED,2026-08-24 00:09:44.799262
PAY_005321,CUST_04291,928.49,UPI,,SUCCESS,2026-08-23 22:17:44.799888
PAY_005322,CUST_02522,578.22,CARD,,SUCCESS,2026-08-11 16:23:44.800461
PAY_005323,CUST_01110,1335.6,NETBANKING,,SUCCESS,2026-08-22 12:06:44.801041
PAY_005324,CUST_02094,1534.88,CARD,,SUCCESS,2026-08-22 05:15:44.801609
PAY_005325,CUST_00068,2232.82,UPI,,SUCCESS,2026-08-13 03:44:44.802207
PAY_005326,CUST_00027,1896.87,UPI,,SUCCESS,2026-08-03 05:43:44.802780
PAY_005327,CUST_03053,1443.99,WALLET,,SUCCESS,2026-07-30 21:02:44.803361
PAY_005328,CUST_04350,1071.35,CARD,,SUCCESS,2026-08-14 21:52:44.803927
PAY_005329,CUST_03827,2191.87,CARD,,SUCCESS,2026-08-09 17:58:44.804617
PAY_005330,CUST_03318,8967.16,NETBANKING,,SUCCESS,2026-08-20 19:28:44.805225
PAY_005331,CUST_04219,848.82,UPI,,SUCCESS,2026-08-03 22:52:44.807222
PAY_005332,CUST_02869,1228.08,NETBANKING,,SUCCESS,2026-07-29 04:37:44.807909
PAY_005333,CUST_00204,1328.02,NETBANKING,,SUCCESS,2026-08-02 05:23:44.808576
PAY_005334,CUST_00173,1176.69,CARD,,SUCCESS,2026-08-26 10:46:44.809147
PAY_005335,CUST_01202,1907.42,WALLET,,SUCCESS,2026-08-04 08:47:44.809696
PAY_005336,CUST_03514,750.32,WALLET,NETWORK_ERROR,FAILED,2026-07-31 15:17:44.810205
PAY_005337,CUST_04371,695.43,CARD,,SUCCESS,2026-08-16 02:46:44.810750
PAY_005338,CUST_04106,421.98,WALLET,,SUCCESS,2026-08-10 15:54:44.811274
PAY_005339,CUST_04355,1901.16,UPI,INSUFFICIENT_FUNDS,FAILED,2026-08-11 07:11:44.811823
PAY_005340,CUST_03418,1470.11,NETBANKING,,SUCCESS,2026-08-07 01:36:44.812335
PAY_005341,CUST_03573,1351.42,NETBANKING,,SUCCESS,2026-07-28 19:36:44.812876
PAY_005342,CUST_02919,582.05,NETBANKING,,SUCCESS,2026-08-02 18:56:44.813413
PAY_005343,CUST_02937,841.89,CARD,,SUCCESS,2026-08-12 04:39:44.814001
PAY_005344,CUST_03465,907.43,WALLET,,SUCCESS,2026-08-20 15:27:44.814618
PAY_005345,CUST_00879,2269.91,CARD,,SUCCESS,2026-08-25 23:14:44.815149
PAY_005346,CUST_01062,1867.47,NETBANKING,,SUCCESS,2026-08-08 16:16:44.815709
PAY_005347,CUST_03927,1485.4,CARD,,SUCCESS,2026-08-10 07:01:44.816217
PAY_005348,CUST_04066,1337.32,CARD,,SUCCESS,2026-07-28 18:24:44.816760
PAY_005349,CUST_04966,746.69,NETBANKING,,SUCCESS,2026-08-23 03:20:44.817283
PAY_005350,CUST_03853,2151.27,WALLET,,SUCCESS,2026-08-19 02:32:44.817844
PAY_005351,CUST_02046,1470.42,CARD,,SUCCESS,2026-08-18 10:22:44.818355
PAY_005352,CUST_04974,876.45,UPI,,SUCCESS,2026-08-21 22:47:44.818929
PAY_005353,CUST_00916,1022.56,NETBANKING,,SUCCESS,2026-07-28 20:36:44.819513
PAY_005354,CUST_04097,1582.09,NETBANKING,,SUCCESS,2026-08-06 10:23:44.820070
PAY_005355,CUST_00493,1375.01,WALLET,,SUCCESS,2026-08-18 04:46:44.820770
PAY_005356,CUST_03271,2243.86,NETBANKING,,SUCCESS,2026-08-18 13:58:44.821477
PAY_005357,CUST_04512,1018.2,UPI,,SUCCESS,2026-08-19 01:42:44.822178
PAY_005358,CUST_01233,590.21,CARD,,SUCCESS,2026-08-14 08:07:44.822980
PAY_005359,CUST_01726,5470.97,CARD,,SUCCESS,2026-07-30 18:03:44.824171
PAY_005360,CUST_04517,583.68,UPI,AUTHENTICATION_FAILED,FAILED,2026-07-27 23:18:44.824808
PAY_005361,CUST_03097,1161.69,CARD,,SUCCESS,2026-08-06 14:35:44.825331
PAY_005362,CUST_04074,1454.98,WALLET,NETWORK_ERROR,FAILED,2026-08-26 18:36:44.825860
PAY_005363,CUST_00094,761.03,NETBANKING,,SUCCESS,2026-08-24 09:24:44.826373
PAY_005364,CUST_03672,1590.76,NETBANKING,,SUCCESS,2026-08-07 04:52:44.826887
PAY_005365,CUST_02319,2245.32,UPI,,SUCCESS,2026-08-05 01:38:44.827453
PAY_005366,CUST_03299,2646.99,UPI,,SUCCESS,2026-08-25 22:23:44.828064
PAY_005367,CUST_02258,898.44,UPI,,SUCCESS,2026-08-24 12:22:44.828592
PAY_005368,CUST_02739,238.98,UPI,,SUCCESS,2026-07-31 14:54:44.829109
PAY_005369,CUST_04836,2391.25,NETBANKING,,SUCCESS,2026-08-17 15:33:44.829629
PAY_005370,CUST_03586,278.07,CARD,,SUCCESS,2026-08-20 16:00:44.830142
PAY_005371,CUST_04582,1331.53,WALLET,,SUCCESS,2026-08-22 12:35:44.830664
PAY_005372,CUST_02417,779.04,CARD,NETWORK_ERROR,FAILED,2026-08-26 12:33:44.831175
PAY_005373,CUST_01304,8667.19,WALLET,,SUCCESS,2026-08-25 19:39:44.831692
PAY_005374,CUST_00625,1934.04,CARD,,SUCCESS,2026-08-05 18:54:44.832202
PAY_005375,CUST_04142,1768.43,UPI,,SUCCESS,2026-08-12 04:57:44.832722
PAY_005376,CUST_04399,4344.1,WALLET,,SUCCESS,2026-08-21 17:45:44.833231
PAY_005377,CUST_04948,1098.39,WALLET,,SUCCESS,2026-08-24 06:55:44.833751
PAY_005378,CUST_01927,1754.14,WALLET,,SUCCESS,2026-08-20 21:06:44.834315
PAY_005379,CUST_04723,964.3,CARD,,SUCCESS,2026-08-02 20:39:44.834904
PAY_005380,CUST_02824,274.32,NETBANKING,,SUCCESS,2026-08-26 07:36:44.835847
PAY_005381,CUST_02619,2152.52,NETBANKING,INSUFFICIENT_FUNDS,FAILED,2026-08-05 17:07:44.836542
PAY_005382,CUST_04230,1792.91,NETBANKING,,SUCCESS,2026-08-07 12:08:44.837124
PAY_005383,CUST_03468,2194.97,WALLET,,SUCCESS,2026-07-27 19:02:44.837659
PAY_005384,CUST_04105,9756.7,CARD,,SUCCESS,2026-08-21 17:17:44.838174
PAY_005385,CUST_04494,1058.71,CARD,,SUCCESS,2026-08-08 02:39:44.838910
PAY_005386,CUST_01814,1764.29,NETBANKING,BANK_DECLINED,FAILED,2026-08-22 13:08:44.840119
PAY_005387,CUST_02899,1729.15,NETBANKING,,SUCCESS,2026-08-20 13:00:44.840775
PAY_005388,CUST_03609,892.46,UPI,,SUCCESS,2026-08-09 01:53:44.841573
PAY_005389,CUST_04939,1490.43,NETBANKING,,SUCCESS,2026-08-21 11:50:44.842535
PAY_005390,CUST_03977,811.19,CARD,,SUCCESS,2026-08-05 20:41:44.843436
PAY_005391,CUST_02272,536.34,WALLET,NETWORK_ERROR,FAILED,2026-08-02 23:14:44.844013
PAY_005392,CUST_02425,1204.82,WALLET,,SUCCESS,2026-08-25 08:19:44.844573
PAY_005393,CUST_03208,1930.16,CARD,,SUCCESS,2026-08-15 08:42:44.845088
PAY_005394,CUST_02299,649.59,CARD,,SUCCESS,2026-07-29 09:39:44.845649
PAY_005395,CUST_03600,959.34,NETBANKING,,SUCCESS,2026-08-07 06:46:44.846163
PAY_005396,CUST_02217,8428.81,WALLET,,SUCCESS,2026-08-11 20:50:44.846713
PAY_005397,CUST_03759,5243.38,UPI,,SUCCESS,2026-08-03 12:04:44.847217
PAY_005398,CUST_04051,2240.9,UPI,,SUCCESS,2026-08-22 20:21:44.847781
PAY_005399,CUST_04064,1725.49,WALLET,,SUCCESS,2026-07-29 13:58:44.848295
PAY_005400,CUST_00216,993.09,CARD,,SUCCESS,2026-08-18 22:32:44.848904
PAY_005401,CUST_02272,192.17,CARD,BANK_TIMEOUT,FAILED,2026-08-19 02:37:44.849507
PAY_005402,CUST_01714,1850.0,CARD,,SUCCESS,2026-08-06 12:30:44.850516
PAY_005403,CUST_02316,1957.05,NETBANKING,,SUCCESS,2026-08-23 05:56:44.851128
PAY_005404,CUST_02860,3449.04,CARD,,SUCCESS,2026-08-16 19:39:44.851789
PAY_005405,CUST_01508,7778.06,WALLET,,SUCCESS,2026-08-11 12:42:44.852335
PAY_005406,CUST_04345,1276.19,WALLET,,SUCCESS,2026-07-31 17:27:44.852862
PAY_005407,CUST_01500,595.82,UPI,,SUCCESS,2026-08-19 06:06:44.853412
PAY_005408,CUST_02284,904.62,NETBANKING,,SUCCESS,2026-08-02 09:21:44.853946
PAY_005409,CUST_01124,203.1,CARD,,SUCCESS,2026-08-09 13:27:44.854515
PAY_005410,CUST_03356,379.53,CARD,,SUCCESS,2026-08-07 18:17:44.855033
PAY_005411,CUST_02638,1560.89,UPI,,SUCCESS,2026-08-14 00:05:44.856707
PAY_005412,CUST_00564,1459.57,CARD,,SUCCESS,2026-08-17 18:46:44.858154
PAY_005413,CUST_03719,765.22,NETBANKING,,SUCCESS,2026-08-23 21:49:44.858844
PAY_005414,CUST_03347,975.48,UPI,,SUCCESS,2026-07-30 16:18:44.859390
PAY_005415,CUST_02555,1432.48,NETBANKING,,SUCCESS,2026-07-29 07:19:44.859926
PAY_005416,CUST_01137,1311.06,WALLET,,SUCCESS,2026-08-14 14:14:44.860487
PAY_005417,CUST_00354,2278.14,WALLET,,SUCCESS,2026-08-14 02:39:44.861002
PAY_005418,CUST_02013,820.43,UPI,BANK_TIMEOUT,FAILED,2026-07-31 07:40:44.861553
PAY_005419,CUST_01146,6789.23,WALLET,,SUCCESS,2026-08-02 12:00:44.862074
PAY_005420,CUST_04252,1505.66,WALLET,BANK_TIMEOUT,FAILED,2026-08-12 22:02:44.862648
PAY_005421,CUST_00636,1905.02,WALLET,,SUCCESS,2026-08-22 12:21:44.863381
PAY_005422,CUST_04963,730.34,WALLET,,SUCCESS,2026-08-03 19:04:44.864102
PAY_005423,CUST_02781,1121.3,NETBANKING,,SUCCESS,2026-08-14 05:37:44.864690
PAY_005424,CUST_00877,784.03,UPI,,SUCCESS,2026-08-08 18:08:44.865219
PAY_005425,CUST_02259,1376.02,UPI,,SUCCESS,2026-08-02 02:37:44.865770
PAY_005426,CUST_00052,1978.03,NETBANKING,,SUCCESS,2026-08-07 20:53:44.866299
PAY_005427,CUST_03500,928.33,WALLET,,SUCCESS,2026-08-05 12:24:44.866850
PAY_005428,CUST_02511,100.0,WALLET,,SUCCESS,2026-08-16 03:28:44.867364
PAY_005429,CUST_04605,1612.74,UPI,,SUCCESS,2026-08-10 01:12:44.868280
PAY_005430,CUST_02198,2259.28,UPI,,SUCCESS,2026-08-03 03:29:44.868997
PAY_005431,CUST_02970,907.07,UPI,,SUCCESS,2026-08-24 01:33:44.869601
PAY_005432,CUST_00062,865.01,WALLET,INSUFFICIENT_FUNDS,FAILED,2026-07-31 12:47:44.870190
PAY_005433,CUST_04121,571.79,UPI,,SUCCESS,2026-08-03 06:09:44.870935
PAY_005434,CUST_02687,11880.08,UPI,,SUCCESS,2026-08-06 02:31:44.871559
PAY_005435,CUST_01452,1211.22,WALLET,,SUCCESS,2026-08-25 20:33:44.872443
PAY_005436,CUST_03631,2725.43,CARD,,SUCCESS,2026-08-10 06:01:44.873446
PAY_005437,CUST_02686,1702.81,WALLET,,SUCCESS,2026-08-25 06:32:44.874071
PAY_005438,CUST_01690,1963.22,UPI,,SUCCESS,2026-08-16 09:57:44.874878
PAY_005439,CUST_01101,623.54,WALLET,,SUCCESS,2026-08-14 15:14:44.875576
PAY_005440,CUST_02756,1637.34,CARD,,SUCCESS,2026-08-17 04:06:44.876103
PAY_005441,CUST_00357,885.11,WALLET,NETWORK_ERROR,FAILED,2026-08-17 04:25:44.876714
PAY_005442,CUST_02121,945.01,WALLET,NETWORK_ERROR,FAILED,2026-08-21 07:32:44.877437
PAY_005443,CUST_01789,1438.38,CARD,,SUCCESS,2026-08-18 10:57:44.878330
PAY_005444,CUST_03925,1424.21,WALLET,,SUCCESS,2026-08-08 02:42:44.878942
PAY_005445,CUST_02803,2144.17,WALLET,,SUCCESS,2026-07-31 15:13:44.879491
PAY_005446,CUST_04198,10379.73,UPI,,SUCCESS,2026-07-29 19:53:44.880006
PAY_005447,CUST_04104,891.11,WALLET,AUTHENTICATION_FAILED,FAILED,2026-07-28 08:08:44.880580
PAY_005448,CUST_04324,1899.01,NETBANKING,,SUCCESS,2026-08-16 20:44:44.881092
PAY_005449,CUST_01725,3216.09,NETBANKING,,SUCCESS,2026-07-30 13:55:44.881608
PAY_005450,CUST_00883,1111.66,UPI,,SUCCESS,2026-08-09 03:56:44.882118
PAY_005451,CUST_01812,447.78,CARD,,SUCCESS,2026-07-31 17:24:44.882793
PAY_005452,CUST_02180,1620.31,NETBANKING,,SUCCESS,2026-08-19 02:06:44.883347
PAY_005453,CUST_03468,2858.02,WALLET,,SUCCESS,2026-08-08 14:11:44.883964
PAY_005454,CUST_04676,3137.12,NETBANKING,BANK_DECLINED,FAILED,2026-08-25 18:57:44.884873
PAY_005455,CUST_02148,2156.72,NETBANKING,,SUCCESS,2026-07-31 19:11:44.885493
PAY_005456,CUST_02504,573.12,UPI,NETWORK_ERROR,FAILED,2026-08-24 02:47:44.886041
PAY_005457,CUST_02990,1115.6,WALLET,,SUCCESS,2026-08-23 05:57:44.886614
PAY_005458,CUST_00019,1865.83,WALLET,,SUCCESS,2026-08-06 15:14:44.887129
PAY_005459,CUST_02810,1082.02,WALLET,INSUFFICIENT_FUNDS,FAILED,2026-08-18 06:49:44.887704
PAY_005460,CUST_02150,2404.52,UPI,,SUCCESS,2026-08-08 11:33:44.888222
PAY_005461,CUST_00460,1050.05,UPI,,SUCCESS,2026-08-05 04:31:44.889597
PAY_005462,CUST_01888,2279.87,CARD,,SUCCESS,2026-08-03 14:57:44.890875
PAY_005463,CUST_00537,1425.36,UPI,,SUCCESS,2026-07-31 23:57:44.891732
PAY_005464,CUST_04405,9822.51,CARD,,SUCCESS,2026-08-04 11:05:44.892815
PAY_005465,CUST_04266,691.27,CARD,NETWORK_ERROR,FAILED,2026-08-12 02:14:44.893567
PAY_005466,CUST_04897,653.5,CARD,,SUCCESS,2026-08-16 03:58:44.894098
PAY_005467,CUST_03285,624.4,WALLET,,SUCCESS,2026-08-26 12:14:44.894659
PAY_005468,CUST_02563,7854.13,NETBANKING,,SUCCESS,2026-07-29 23:47:44.895174
PAY_005469,CUST_00773,1035.53,WALLET,,SUCCESS,2026-07-31 01:22:44.895720
PAY_005470,CUST_02178,8091.38,UPI,,SUCCESS,2026-08-17 09:36:44.896230
PAY_005471,CUST_02061,1308.38,CARD,,SUCCESS,2026-08-22 19:44:44.896785
PAY_005472,CUST_02651,931.86,CARD,,SUCCESS,2026-08-11 21:53:44.897295
PAY_005473,CUST_02586,1583.02,UPI,,SUCCESS,2026-08-21 15:30:44.897877
PAY_005474,CUST_03900,10960.13,WALLET,,SUCCESS,2026-08-06 07:45:44.898549
PAY_005475,CUST_03983,7242.89,WALLET,AUTHENTICATION_FAILED,FAILED,2026-08-18 14:40:44.899493
PAY_005476,CUST_04501,1949.53,NETBANKING,,SUCCESS,2026-08-02 06:34:44.900061
PAY_005477,CUST_03145,1379.91,UPI,,SUCCESS,2026-08-10 01:04:44.900663
PAY_005478,CUST_00656,1304.48,CARD,,SUCCESS,2026-08-14 10:16:44.901181
PAY_005479,CUST_01312,3059.94,NETBANKING,,SUCCESS,2026-07-27 19:25:44.901700
PAY_005480,CUST_02344,1680.11,UPI,,SUCCESS,2026-08-20 02:38:44.902218
PAY_005481,CUST_01966,1759.62,UPI,,SUCCESS,2026-08-05 13:59:44.902774
PAY_005482,CUST_03474,1552.21,UPI,,SUCCESS,2026-08-07 22:22:44.903285
PAY_005483,CUST_00757,1254.7,UPI,,SUCCESS,2026-08-09 04:52:44.903850
PAY_005484,CUST_04587,6959.1,NETBANKING,,SUCCESS,2026-08-16 16:37:44.904371
PAY_005485,CUST_02249,1924.27,NETBANKING,,SUCCESS,2026-07-28 10:09:44.904931
PAY_005486,CUST_04425,4485.87,UPI,,SUCCESS,2026-08-22 02:25:44.906676
PAY_005487,CUST_01764,1335.87,NETBANKING,,SUCCESS,2026-07-31 08:21:44.907359
PAY_005488,CUST_00981,1293.74,CARD,,SUCCESS,2026-07-28 00:29:44.908480
PAY_005489,CUST_04262,1169.5,NETBANKING,,SUCCESS,2026-08-26 17:16:44.909126
PAY_005490,CUST_03258,5921.54,WALLET,,SUCCESS,2026-08-24 16:13:44.909719
PAY_005491,CUST_02570,312.58,UPI,AUTHENTICATION_FAILED,FAILED,2026-08-19 16:24:44.910239
PAY_005492,CUST_00327,1477.08,NETBANKING,,SUCCESS,2026-08-24 20:25:44.910781
PAY_005493,CUST_00060,1061.51,UPI,,SUCCESS,2026-08-17 12:30:44.911299
PAY_005494,CUST_04969,1024.51,UPI,AUTHENTICATION_FAILED,FAILED,2026-07-28 15:09:44.911906
PAY_005495,CUST_01534,1474.16,UPI,,SUCCESS,2026-08-06 02:42:44.912588
PAY_005496,CUST_00550,2020.75,CARD,,SUCCESS,2026-08-02 17:24:44.913552
PAY_005497,CUST_01632,5271.13,WALLET,,SUCCESS,2026-08-01 17:50:44.914101
PAY_005498,CUST_03868,2373.54,NETBANKING,,SUCCESS,2026-08-13 04:08:44.914855
PAY_005499,CUST_02000,1063.14,NETBANKING,,SUCCESS,2026-08-25 09:54:44.915449
PAY_005500,CUST_01030,2529.28,UPI,,SUCCESS,2026-08-05 23:00:44.916033
PAY_005501,CUST_01603,1887.26,NETBANKING,AUTHENTICATION_FAILED,FAILED,2026-08-18 10:04:44.916616
PAY_005502,CUST_04991,995.72,WALLET,,SUCCESS,2026-07-29 01:17:44.917129
PAY_005503,CUST_01373,1713.17,UPI,,SUCCESS,2026-08-07 17:16:44.917697
PAY_005504,CUST_04848,477.73,WALLET,,SUCCESS,2026-07-30 19:53:44.918217
PAY_005505,CUST_02475,1287.82,WALLET,,SUCCESS,2026-08-21 18:32:44.918828
PAY_005506,CUST_02657,1415.4,WALLET,,SUCCESS,2026-08-08 07:15:44.919488
PAY_005507,CUST_00538,881.77,UPI,,SUCCESS,2026-08-01 09:58:44.920195
PAY_005508,CUST_04998,663.29,CARD,BANK_TIMEOUT,FAILED,2026-08-15 20:37:44.920946
PAY_005509,CUST_00435,1242.04,WALLET,,SUCCESS,2026-08-24 04:49:44.921495
PAY_005510,CUST_01599,833.59,CARD,,SUCCESS,2026-08-07 14:44:44.922212
PAY_005511,CUST_02768,483.89,NETBANKING,BANK_DECLINED,FAILED,2026-08-14 12:42:44.923421
PAY_005512,CUST_04604,1192.55,WALLET,,SUCCESS,2026-07-29 02:31:44.924100
PAY_005513,CUST_04065,1527.51,NETBANKING,,SUCCESS,2026-08-11 14:03:44.924688
PAY_005514,CUST_02203,1973.59,WALLET,,SUCCESS,2026-08-26 12:28:44.925284
PAY_005515,CUST_03423,1249.91,UPI,,SUCCESS,2026-08-13 08:24:44.925879
PAY_005516,CUST_04572,922.49,CARD,,SUCCESS,2026-08-13 05:06:44.926459
PAY_005517,CUST_03734,1026.69,NETBANKING,,SUCCESS,2026-08-17 00:06:44.927374
PAY_005518,CUST_02871,1326.68,UPI,,SUCCESS,2026-07-31 03:17:44.927980
PAY_005519,CUST_00983,1413.51,CARD,,SUCCESS,2026-08-16 15:29:44.928533
PAY_005520,CUST_01076,2664.31,CARD,,SUCCESS,2026-08-26 09:06:44.929060
PAY_005521,CUST_03325,1096.78,NETBANKING,AUTHENTICATION_FAILED,FAILED,2026-08-06 05:53:44.929609
PAY_005522,CUST_01800,1287.96,UPI,,SUCCESS,2026-08-15 09:53:44.930123
PAY_005523,CUST_02299,1364.42,WALLET,,SUCCESS,2026-08-26 18:02:44.930976
PAY_005524,CUST_03451,1818.29,NETBANKING,INSUFFICIENT_FUNDS,FAILED,2026-08-09 16:48:44.932066
PAY_005525,CUST_01270,1416.75,NETBANKING,,SUCCESS,2026-08-24 20:58:44.932780
PAY_005526,CUST_03788,1721.58,CARD,,SUCCESS,2026-08-07 10:45:44.933315
PAY_005527,CUST_04867,1503.38,UPI,,SUCCESS,2026-08-02 12:56:44.933897
PAY_005528,CUST_00736,330.51,NETBANKING,,SUCCESS,2026-08-14 02:48:44.934719
PAY_005529,CUST_04291,953.08,CARD,,SUCCESS,2026-08-08 13:51:44.935388
PAY_005530,CUST_01117,1905.36,NETBANKING,,SUCCESS,2026-08-03 13:48:44.936030
PAY_005531,CUST_02518,10140.49,UPI,,SUCCESS,2026-08-10 18:06:44.936587
PAY_005532,CUST_04447,1741.1,WALLET,,SUCCESS,2026-08-04 02:29:44.937101
PAY_005533,CUST_02933,2279.68,NETBANKING,,SUCCESS,2026-08-14 04:55:44.937664
PAY_005534,CUST_04880,1284.41,WALLET,,SUCCESS,2026-08-08 01:50:44.938174
PAY_005535,CUST_02987,1489.82,CARD,,SUCCESS,2026-08-20 23:58:44.938996
PAY_005536,CUST_04375,2660.84,UPI,,SUCCESS,2026-08-09 10:33:44.940139
PAY_005537,CUST_04539,1019.42,WALLET,,SUCCESS,2026-07-30 06:48:44.940845
PAY_005538,CUST_01394,1955.88,WALLET,,SUCCESS,2026-08-13 21:00:44.941830
PAY_005539,CUST_04846,1445.4,CARD,,SUCCESS,2026-08-09 19:39:44.942597
PAY_005540,CUST_03195,1766.09,WALLET,,SUCCESS,2026-08-18 20:37:44.943130
PAY_005541,CUST_04365,1202.03,UPI,,SUCCESS,2026-08-15 02:38:44.943666
PAY_005542,CUST_04045,2785.72,WALLET,,SUCCESS,2026-08-18 09:20:44.944177
PAY_005543,CUST_04929,1242.75,WALLET,,SUCCESS,2026-08-01 03:11:44.944736
PAY_005544,CUST_00142,831.08,UPI,,SUCCESS,2026-08-09 07:38:44.945260
PAY_005545,CUST_00707,5463.09,UPI,,SUCCESS,2026-08-06 03:18:44.946020
PAY_005546,CUST_04224,2206.14,WALLET,,SUCCESS,2026-08-18 17:38:44.946598
PAY_005547,CUST_01662,1970.51,NETBANKING,,SUCCESS,2026-08-09 15:08:44.947186
PAY_005548,CUST_01247,1843.77,CARD,,SUCCESS,2026-07-31 00:38:44.947972
PAY_005549,CUST_01072,988.57,CARD,,SUCCESS,2026-08-16 23:40:44.948825
PAY_005550,CUST_02352,1580.06,WALLET,,SUCCESS,2026-08-08 14:10:44.949405
PAY_005551,CUST_01774,585.54,WALLET,,SUCCESS,2026-08-04 05:44:44.949935
PAY_005552,CUST_00547,945.65,CARD,,SUCCESS,2026-08-09 20:22:44.950482
PAY_005553,CUST_04861,254.42,WALLET,,SUCCESS,2026-08-26 05:23:44.950995
PAY_005554,CUST_00960,1606.14,CARD,,SUCCESS,2026-08-15 04:33:44.951552
PAY_005555,CUST_03090,1722.31,UPI,,SUCCESS,2026-08-02 23:20:44.952088
PAY_005556,CUST_00313,1289.35,NETBANKING,,SUCCESS,2026-07-30 02:46:44.952634
PAY_005557,CUST_04443,1653.25,UPI,,SUCCESS,2026-08-11 21:18:44.953143
PAY_005558,CUST_03540,2197.55,CARD,,SUCCESS,2026-07-30 12:04:44.953707
PAY_005559,CUST_02756,2104.17,CARD,,SUCCESS,2026-08-08 11:17:44.954283
PAY_005560,CUST_02374,748.91,UPI,BANK_TIMEOUT,FAILED,2026-08-13 14:34:44.955289
PAY_005561,CUST_04294,2194.82,WALLET,,SUCCESS,2026-08-08 15:10:44.956898
PAY_005562,CUST_00852,2311.71,UPI,,SUCCESS,2026-08-12 21:47:44.957821
PAY_005563,CUST_00688,1351.44,CARD,,SUCCESS,2026-08-25 06:00:44.958355
PAY_005564,CUST_01814,1895.73,UPI,,SUCCESS,2026-08-16 21:04:44.959009
PAY_005565,CUST_00126,1958.66,UPI,,SUCCESS,2026-08-17 11:55:44.959559
PAY_005566,CUST_03694,4979.9,WALLET,,SUCCESS,2026-08-12 03:49:44.960087
PAY_005567,CUST_00835,7830.04,WALLET,,SUCCESS,2026-08-20 18:16:44.960635
PAY_005568,CUST_01277,1248.71,WALLET,BANK_DECLINED,FAILED,2026-08-09 07:43:44.961209
PAY_005569,CUST_00997,898.83,CARD,,SUCCESS,2026-08-13 06:38:44.962201
PAY_005570,CUST_01005,1404.5,NETBANKING,,SUCCESS,2026-07-29 12:29:44.963037
PAY_005571,CUST_03207,1952.21,CARD,,SUCCESS,2026-08-24 06:08:44.963712
PAY_005572,CUST_03094,1783.73,CARD,,SUCCESS,2026-08-11 10:58:44.964235
PAY_005573,CUST_01295,1279.73,UPI,,SUCCESS,2026-07-31 20:02:44.964762
PAY_005574,CUST_04816,6160.52,WALLET,,SUCCESS,2026-08-07 07:16:44.965285
PAY_005575,CUST_00015,1092.68,UPI,,SUCCESS,2026-07-29 11:04:44.965808
PAY_005576,CUST_02379,852.78,WALLET,,SUCCESS,2026-08-21 02:14:44.966319
PAY_005577,CUST_04000,977.85,UPI,,SUCCESS,2026-07-28 05:57:44.966837
PAY_005578,CUST_02367,2098.16,NETBANKING,,SUCCESS,2026-08-08 11:27:44.967357
PAY_005579,CUST_02592,100.0,UPI,,SUCCESS,2026-08-22 21:50:44.967870
PAY_005580,CUST_04523,1479.35,NETBANKING,,SUCCESS,2026-08-15 14:10:44.968388
PAY_005581,CUST_01700,479.47,UPI,,SUCCESS,2026-08-06 08:55:44.968949
PAY_005582,CUST_02035,1136.64,WALLET,,SUCCESS,2026-08-22 05:06:44.969693
PAY_005583,CUST_01963,2011.79,WALLET,,SUCCESS,2026-07-31 18:14:44.970484
PAY_005584,CUST_03256,1323.12,WALLET,,SUCCESS,2026-08-19 19:50:44.971020
PAY_005585,CUST_03893,1795.32,NETBANKING,,SUCCESS,2026-08-26 11:32:44.971555
PAY_005586,CUST_02573,1218.6,NETBANKING,,SUCCESS,2026-08-04 10:51:44.972391
PAY_005587,CUST_01275,1483.08,CARD,,SUCCESS,2026-08-12 07:33:44.973348
PAY_005588,CUST_03652,1206.34,UPI,INSUFFICIENT_FUNDS,FAILED,2026-08-04 20:14:44.974124
PAY_005589,CUST_02416,1095.01,NETBANKING,,SUCCESS,2026-08-08 08:50:44.974848
PAY_005590,CUST_02293,5196.45,UPI,,SUCCESS,2026-08-04 04:53:44.975515
PAY_005591,CUST_00072,100.0,CARD,,SUCCESS,2026-07-28 13:15:44.976103
PAY_005592,CUST_01744,4712.9,WALLET,,SUCCESS,2026-08-10 21:00:44.976913
PAY_005593,CUST_00688,1068.15,WALLET,,SUCCESS,2026-08-22 20:46:44.977795
PAY_005594,CUST_03428,6694.48,CARD,,SUCCESS,2026-08-24 17:44:44.978412
PAY_005595,CUST_00866,4673.72,NETBANKING,,SUCCESS,2026-07-29 11:28:44.978932
PAY_005596,CUST_03980,1455.14,UPI,,SUCCESS,2026-07-30 21:35:44.979448
PAY_005597,CUST_00051,1295.55,WALLET,,SUCCESS,2026-08-17 23:39:44.979966
PAY_005598,CUST_02961,819.74,UPI,,SUCCESS,2026-08-18 03:29:44.980492
PAY_005599,CUST_02846,286.82,CARD,,SUCCESS,2026-08-13 09:50:44.981006
PAY_005600,CUST_01191,10131.44,NETBANKING,,SUCCESS,2026-08-14 06:26:44.981525
PAY_005601,CUST_04205,1125.93,NETBANKING,,SUCCESS,2026-08-01 18:11:44.982047
PAY_005602,CUST_03950,1881.5,NETBANKING,,SUCCESS,2026-08-04 07:58:44.982631
PAY_005603,CUST_01501,688.9,WALLET,,SUCCESS,2026-08-02 11:01:44.983417
PAY_005604,CUST_04342,1849.84,CARD,,SUCCESS,2026-08-16 12:35:44.984099
PAY_005605,CUST_04377,1254.47,UPI,BANK_TIMEOUT,FAILED,2026-08-05 09:02:44.984639
PAY_005606,CUST_01464,364.05,UPI,,SUCCESS,2026-07-30 02:27:44.985156
PAY_005607,CUST_03273,2859.71,WALLET,,SUCCESS,2026-07-29 02:53:44.985672
PAY_005608,CUST_02438,2051.87,NETBANKING,BANK_TIMEOUT,FAILED,2026-08-04 18:58:44.986187
PAY_005609,CUST_00400,877.81,CARD,,SUCCESS,2026-08-02 07:00:44.986708
PAY_005610,CUST_01363,2150.71,UPI,,SUCCESS,2026-08-14 14:10:44.987225
PAY_005611,CUST_02714,359.83,CARD,,SUCCESS,2026-08-15 03:29:44.987750
PAY_005612,CUST_00061,1075.66,UPI,AUTHENTICATION_FAILED,FAILED,2026-08-10 16:12:44.988265
PAY_005613,CUST_01247,1523.08,NETBANKING,,SUCCESS,2026-08-11 00:36:44.989191
PAY_005614,CUST_03590,616.36,UPI,,SUCCESS,2026-08-22 10:38:44.990629
PAY_005615,CUST_02327,961.62,WALLET,,SUCCESS,2026-08-14 22:16:44.991544
PAY_005616,CUST_03228,779.73,WALLET,,SUCCESS,2026-08-10 03:23:44.992079
PAY_005617,CUST_00581,1805.86,UPI,,SUCCESS,2026-08-08 15:45:44.992710
PAY_005618,CUST_03474,910.82,WALLET,NETWORK_ERROR,FAILED,2026-08-26 15:56:44.993232
PAY_005619,CUST_03112,663.06,UPI,AUTHENTICATION_FAILED,FAILED,2026-08-15 14:22:44.993802
PAY_005620,CUST_00210,684.83,UPI,,SUCCESS,2026-08-12 14:39:44.994312
PAY_005621,CUST_00318,530.66,NETBANKING,,SUCCESS,2026-08-21 10:50:44.994869
PAY_005622,CUST_00049,1717.44,UPI,,SUCCESS,2026-08-15 11:17:44.995399
PAY_005623,CUST_00405,5258.33,CARD,,SUCCESS,2026-08-18 16:13:44.995930
PAY_005624,CUST_01853,1825.07,UPI,,SUCCESS,2026-08-17 06:35:44.996520
PAY_005625,CUST_03104,1252.47,WALLET,,SUCCESS,2026-08-19 11:46:44.997175
PAY_005626,CUST_03372,914.52,UPI,,SUCCESS,2026-08-15 22:19:44.998141
PAY_005627,CUST_01486,646.95,WALLET,,SUCCESS,2026-08-14 02:28:44.998743
PAY_005628,CUST_00640,2263.97,UPI,,SUCCESS,2026-08-06 13:01:44.999262
PAY_005629,CUST_00394,2118.96,UPI,,SUCCESS,2026-08-19 21:20:44.999838
PAY_005630,CUST_00102,8020.01,CARD,,SUCCESS,2026-07-30 02:41:45.000358
PAY_005631,CUST_03499,440.39,UPI,,SUCCESS,2026-08-09 09:29:45.001006
PAY_005632,CUST_04740,1901.71,WALLET,,SUCCESS,2026-07-30 11:10:45.001630
PAY_005633,CUST_04483,800.91,CARD,,SUCCESS,2026-08-16 00:18:45.002256
PAY_005634,CUST_04448,1178.76,WALLET,,SUCCESS,2026-08-20 18:32:45.002854
PAY_005635,CUST_00034,1472.73,CARD,AUTHENTICATION_FAILED,FAILED,2026-08-05 11:14:45.003514
PAY_005636,CUST_04766,1402.25,UPI,,SUCCESS,2026-08-03 21:19:45.004324
PAY_005637,CUST_03617,100.0,UPI,,SUCCESS,2026-08-07 03:01:45.005744
PAY_005638,CUST_02813,1193.12,WALLET,,SUCCESS,2026-08-24 20:23:45.006867
PAY_005639,CUST_02658,741.27,UPI,,SUCCESS,2026-08-21 10:33:45.007571
PAY_005640,CUST_02076,727.44,UPI,,SUCCESS,2026-08-02 04:07:45.008219
PAY_005641,CUST_01153,560.66,NETBANKING,,SUCCESS,2026-08-16 16:00:45.009053
PAY_005642,CUST_01325,5860.83,CARD,,SUCCESS,2026-08-20 04:13:45.009749
PAY_005643,CUST_01586,1777.84,WALLET,,SUCCESS,2026-08-22 05:22:45.010596
PAY_005644,CUST_02682,1120.15,NETBANKING,,SUCCESS,2026-08-01 14:15:45.011366
PAY_005645,CUST_03415,6382.93,UPI,,SUCCESS,2026-08-11 04:20:45.012087
PAY_005646,CUST_04791,1134.47,WALLET,,SUCCESS,2026-08-15 19:40:45.012651
PAY_005647,CUST_03421,1196.48,UPI,,SUCCESS,2026-08-21 17:09:45.013165
PAY_005648,CUST_03164,662.7,WALLET,,SUCCESS,2026-08-25 07:33:45.013719
PAY_005649,CUST_03660,1426.66,WALLET,,SUCCESS,2026-08-19 13:17:45.014249
PAY_005650,CUST_00739,1055.77,NETBANKING,,SUCCESS,2026-08-16 12:09:45.014812
PAY_005651,CUST_04947,1987.28,WALLET,,SUCCESS,2026-08-26 11:13:45.015323
PAY_005652,CUST_03374,761.37,NETBANKING,,SUCCESS,2026-08-10 05:59:45.015874
PAY_005653,CUST_02370,449.07,NETBANKING,,SUCCESS,2026-08-04 22:19:45.016413
PAY_005654,CUST_03891,1668.8,UPI,,SUCCESS,2026-08-02 13:59:45.016938
PAY_005655,CUST_00031,2485.3,CARD,,SUCCESS,2026-07-28 15:12:45.017488
PAY_005656,CUST_04472,5200.19,UPI,,SUCCESS,2026-08-06 14:08:45.018059
PAY_005657,CUST_01500,532.68,NETBANKING,,SUCCESS,2026-08-09 00:27:45.018769
PAY_005658,CUST_02675,5057.17,NETBANKING,,SUCCESS,2026-08-15 16:30:45.019598
PAY_005659,CUST_03915,1247.21,WALLET,,SUCCESS,2026-08-04 16:07:45.020163
PAY_005660,CUST_03370,1075.35,WALLET,,SUCCESS,2026-08-20 18:24:45.020722
PAY_005661,CUST_01678,2033.18,CARD,,SUCCESS,2026-08-15 11:47:45.021235
PAY_005662,CUST_02225,1521.49,WALLET,,SUCCESS,2026-08-26 15:51:45.021776
PAY_005663,CUST_03502,1293.4,UPI,,SUCCESS,2026-08-20 12:17:45.022866
PAY_005664,CUST_03112,825.55,UPI,,SUCCESS,2026-08-02 10:56:45.023976
PAY_005665,CUST_02531,1149.7,CARD,,SUCCESS,2026-08-09 18:24:45.024807
PAY_005666,CUST_03306,1607.82,WALLET,,SUCCESS,2026-08-26 12:23:45.025612
PAY_005667,CUST_01842,1523.97,WALLET,AUTHENTICATION_FAILED,FAILED,2026-08-08 12:34:45.026628
PAY_005668,CUST_04212,1431.26,UPI,NETWORK_ERROR,FAILED,2026-08-16 00:33:45.027455
PAY_005669,CUST_00934,2791.04,WALLET,,SUCCESS,2026-08-15 22:09:45.028413
PAY_005670,CUST_01910,1323.34,UPI,,SUCCESS,2026-08-09 21:41:45.029122
PAY_005671,CUST_02922,756.74,UPI,,SUCCESS,2026-07-28 08:12:45.030152
PAY_005672,CUST_00132,2265.19,NETBANKING,,SUCCESS,2026-08-26 10:07:45.031256
PAY_005673,CUST_01936,1194.69,UPI,,SUCCESS,2026-08-26 06:55:45.032541
PAY_005674,CUST_01763,855.33,UPI,,SUCCESS,2026-07-30 19:51:45.033680
PAY_005675,CUST_01738,1205.63,CARD,,SUCCESS,2026-08-24 02:45:45.034712
PAY_005676,CUST_00427,355.79,CARD,,SUCCESS,2026-07-28 16:49:45.035944
PAY_005677,CUST_03913,1351.05,NETBANKING,INSUFFICIENT_FUNDS,FAILED,2026-08-25 17:25:45.037339
PAY_005678,CUST_00267,268.29,NETBANKING,,SUCCESS,2026-08-19 14:13:45.038410
PAY_005679,CUST_01523,8177.03,WALLET,,SUCCESS,2026-08-09 21:37:45.040156
PAY_005680,CUST_01515,303.28,NETBANKING,,SUCCESS,2026-08-16 06:16:45.040842
PAY_005681,CUST_02102,1167.78,CARD,,SUCCESS,2026-08-08 22:15:45.041432
PAY_005682,CUST_01196,353.03,WALLET,BANK_TIMEOUT,FAILED,2026-08-20 17:33:45.042014
PAY_005683,CUST_03198,601.88,WALLET,,SUCCESS,2026-08-10 21:52:45.042610
PAY_005684,CUST_04906,1605.03,WALLET,,SUCCESS,2026-08-13 08:21:45.043150
PAY_005685,CUST_04721,2585.72,NETBANKING,,SUCCESS,2026-08-14 08:18:45.043704
PAY_005686,CUST_01950,1075.21,CARD,,SUCCESS,2026-08-24 18:59:45.044218
PAY_005687,CUST_02307,537.78,NETBANKING,BANK_DECLINED,FAILED,2026-08-11 19:06:45.044779
PAY_005688,CUST_01538,849.04,UPI,,SUCCESS,2026-08-21 03:03:45.045293
PAY_005689,CUST_01246,1419.45,UPI,,SUCCESS,2026-08-01 20:17:45.045900
PAY_005690,CUST_03770,656.07,NETBANKING,,SUCCESS,2026-07-29 03:34:45.046516
PAY_005691,CUST_01587,1069.15,CARD,,SUCCESS,2026-08-13 21:20:45.047505
PAY_005692,CUST_00102,8229.52,NETBANKING,,SUCCESS,2026-08-11 18:14:45.048057
PAY_005693,CUST_01659,590.74,WALLET,,SUCCESS,2026-08-19 15:30:45.048625
PAY_005694,CUST_01815,1699.43,NETBANKING,,SUCCESS,2026-08-19 23:41:45.049135
PAY_005695,CUST_03363,1796.02,WALLET,,SUCCESS,2026-08-24 09:43:45.049683
PAY_005696,CUST_02292,1713.67,WALLET,,SUCCESS,2026-08-09 11:56:45.050197
PAY_005697,CUST_01630,1442.62,WALLET,BANK_TIMEOUT,FAILED,2026-08-07 16:07:45.050793
PAY_005698,CUST_00288,2783.66,NETBANKING,,SUCCESS,2026-08-02 03:08:45.051305
PAY_005699,CUST_02756,1623.26,WALLET,,SUCCESS,2026-08-26 07:25:45.051851
PAY_005700,CUST_02274,1543.21,CARD,,SUCCESS,2026-08-07 14:23:45.052363
PAY_005701,CUST_04829,981.28,WALLET,,SUCCESS,2026-08-26 01:22:45.052917
PAY_005702,CUST_02472,541.49,NETBANKING,,SUCCESS,2026-08-23 22:11:45.053493
PAY_005703,CUST_03120,348.48,NETBANKING,,SUCCESS,2026-08-25 13:12:45.054098
PAY_005704,CUST_04985,1471.34,CARD,BANK_TIMEOUT,FAILED,2026-08-23 16:46:45.054703
PAY_005705,CUST_04764,998.69,UPI,,SUCCESS,2026-08-07 12:40:45.055262
PAY_005706,CUST_00719,1278.45,UPI,,SUCCESS,2026-08-12 09:41:45.056056
PAY_005707,CUST_03355,984.5,NETBANKING,,SUCCESS,2026-08-02 19:44:45.056637
PAY_005708,CUST_02884,1454.88,UPI,,SUCCESS,2026-08-09 19:00:45.057165
PAY_005709,CUST_00134,100.0,NETBANKING,BANK_DECLINED,FAILED,2026-08-23 08:54:45.057716
PAY_005710,CUST_03395,1536.32,NETBANKING,,SUCCESS,2026-08-12 18:54:45.058230
PAY_005711,CUST_04038,1160.16,NETBANKING,,SUCCESS,2026-08-24 05:02:45.058779
PAY_005712,CUST_02999,1029.32,NETBANKING,,SUCCESS,2026-08-10 03:48:45.059303
PAY_005713,CUST_02304,9997.83,NETBANKING,,SUCCESS,2026-08-05 12:12:45.059954
PAY_005714,CUST_03559,1761.78,NETBANKING,,SUCCESS,2026-08-05 20:11:45.060604
PAY_005715,CUST_02472,611.83,UPI,,SUCCESS,2026-07-28 12:34:45.061180
PAY_005716,CUST_04449,1586.49,WALLET,,SUCCESS,2026-08-07 00:02:45.061743
PAY_005717,CUST_00366,1387.57,NETBANKING,,SUCCESS,2026-08-08 08:56:45.062259
PAY_005718,CUST_00845,1064.42,WALLET,,SUCCESS,2026-08-11 18:19:45.062812
PAY_005719,CUST_00411,1793.28,UPI,,SUCCESS,2026-08-01 14:03:45.063338
PAY_005720,CUST_02501,8745.29,NETBANKING,,SUCCESS,2026-07-30 03:34:45.063892
PAY_005721,CUST_04550,729.32,WALLET,,SUCCESS,2026-08-08 18:21:45.064424
PAY_005722,CUST_03074,1140.43,UPI,,SUCCESS,2026-08-09 18:05:45.064951
PAY_005723,CUST_01415,1061.18,UPI,,SUCCESS,2026-08-18 08:00:45.065512
PAY_005724,CUST_00826,723.01,WALLET,,SUCCESS,2026-08-05 05:05:45.066024
PAY_005725,CUST_04951,1235.9,UPI,,SUCCESS,2026-08-02 02:48:45.066578
PAY_005726,CUST_03280,1609.05,UPI,,SUCCESS,2026-07-28 13:13:45.067174
PAY_005727,CUST_04294,2035.99,CARD,INSUFFICIENT_FUNDS,FAILED,2026-08-25 14:59:45.067933
PAY_005728,CUST_03934,2053.81,WALLET,,SUCCESS,2026-08-04 12:54:45.068521
PAY_005729,CUST_03615,1619.71,CARD,,SUCCESS,2026-08-20 05:58:45.069040
PAY_005730,CUST_02687,11365.73,WALLET,,SUCCESS,2026-08-17 02:33:45.069604
PAY_005731,CUST_04200,945.9,CARD,,SUCCESS,2026-08-17 05:08:45.070120
PAY_005732,CUST_01819,788.81,WALLET,,SUCCESS,2026-08-13 15:06:45.070671
PAY_005733,CUST_03858,1532.3,CARD,,SUCCESS,2026-08-01 06:28:45.071185
PAY_005734,CUST_03389,565.6,NETBANKING,,SUCCESS,2026-08-15 20:39:45.072255
PAY_005735,CUST_01810,695.91,WALLET,,SUCCESS,2026-08-05 20:14:45.072923
PAY_005736,CUST_04192,1031.76,CARD,,SUCCESS,2026-08-15 00:45:45.073499
PAY_005737,CUST_04010,1172.19,WALLET,,SUCCESS,2026-08-16 00:16:45.074089
PAY_005738,CUST_04161,2368.99,CARD,,SUCCESS,2026-08-16 14:23:45.074741
PAY_005739,CUST_03811,1389.32,NETBANKING,,SUCCESS,2026-07-28 03:02:45.075293
PAY_005740,CUST_02580,913.04,CARD,INSUFFICIENT_FUNDS,FAILED,2026-08-18 11:41:45.075862
PAY_005741,CUST_04829,738.52,UPI,BANK_DECLINED,FAILED,2026-08-26 18:44:45.076395
PAY_005742,CUST_00775,1270.31,CARD,INSUFFICIENT_FUNDS,FAILED,2026-08-18 19:31:45.076926
PAY_005743,CUST_03393,3048.4,NETBANKING,,SUCCESS,2026-08-20 11:49:45.077476
PAY_005744,CUST_02023,1559.79,NETBANKING,,SUCCESS,2026-08-04 06:36:45.077994
PAY_005745,CUST_01254,8151.41,CARD,,SUCCESS,2026-07-30 02:40:45.078546
PAY_005746,CUST_02349,2380.24,WALLET,BANK_DECLINED,FAILED,2026-08-12 04:10:45.079056
PAY_005747,CUST_01314,1490.99,NETBANKING,,SUCCESS,2026-08-14 13:21:45.079606
PAY_005748,CUST_01125,1033.14,CARD,,SUCCESS,2026-08-09 01:59:45.080130
PAY_005749,CUST_00608,9664.95,WALLET,BANK_DECLINED,FAILED,2026-08-06 22:11:45.080711
PAY_005750,CUST_04120,1577.71,UPI,,SUCCESS,2026-08-17 14:31:45.081253
PAY_005751,CUST_04498,2392.23,CARD,,SUCCESS,2026-08-21 03:05:45.081882
PAY_005752,CUST_00369,1849.5,WALLET,BANK_DECLINED,FAILED,2026-08-15 14:20:45.082427
PAY_005753,CUST_04776,100.0,CARD,INSUFFICIENT_FUNDS,FAILED,2026-08-07 02:28:45.082958
PAY_005754,CUST_03838,946.58,CARD,,SUCCESS,2026-08-20 22:45:45.083512
PAY_005755,CUST_01484,1010.74,WALLET,,SUCCESS,2026-08-05 12:56:45.084031
PAY_005756,CUST_01902,6815.95,UPI,,SUCCESS,2026-08-07 22:30:45.084594
PAY_005757,CUST_03402,770.27,UPI,,SUCCESS,2026-08-08 15:41:45.085117
PAY_005758,CUST_01808,1969.17,NETBANKING,,SUCCESS,2026-08-05 00:37:45.085669
PAY_005759,CUST_01376,1784.72,WALLET,BANK_TIMEOUT,FAILED,2026-08-17 08:25:45.086187
PAY_005760,CUST_03163,2385.95,UPI,,SUCCESS,2026-08-15 22:52:45.086915
PAY_005761,CUST_01146,7163.18,UPI,,SUCCESS,2026-08-11 12:54:45.087467
PAY_005762,CUST_02247,958.22,CARD,,SUCCESS,2026-07-29 09:24:45.087989
PAY_005763,CUST_03544,8100.46,NETBANKING,,SUCCESS,2026-08-20 15:07:45.088654
PAY_005764,CUST_01200,1621.4,UPI,,SUCCESS,2026-08-25 01:49:45.089986
PAY_005765,CUST_00406,1931.2,NETBANKING,,SUCCESS,2026-08-24 08:17:45.090805
PAY_005766,CUST_04969,1048.19,WALLET,,SUCCESS,2026-08-14 11:41:45.091341
PAY_005767,CUST_01696,1963.87,WALLET,NETWORK_ERROR,FAILED,2026-08-10 02:12:45.091904
PAY_005768,CUST_03576,2055.04,WALLET,,SUCCESS,2026-08-06 03:36:45.092439
PAY_005769,CUST_04219,1011.55,NETBANKING,,SUCCESS,2026-07-31 21:11:45.092969
PAY_005770,CUST_00636,2436.43,WALLET,,SUCCESS,2026-08-19 12:13:45.093541
PAY_005771,CUST_03669,1507.98,UPI,INSUFFICIENT_FUNDS,FAILED,2026-08-08 08:41:45.094055
PAY_005772,CUST_04448,1715.5,NETBANKING,,SUCCESS,2026-07-28 22:03:45.094604
PAY_005773,CUST_04579,1299.51,WALLET,,SUCCESS,2026-08-14 20:18:45.095116
PAY_005774,CUST_01977,3330.96,UPI,,SUCCESS,2026-08-13 22:04:45.095733
PAY_005775,CUST_00984,1068.84,NETBANKING,,SUCCESS,2026-08-12 10:45:45.096370
PAY_005776,CUST_04578,944.52,CARD,,SUCCESS,2026-08-22 00:45:45.096936
PAY_005777,CUST_04406,370.81,CARD,,SUCCESS,2026-07-31 01:38:45.097503
PAY_005778,CUST_02503,1593.65,WALLET,,SUCCESS,2026-07-31 15:34:45.098017
PAY_005779,CUST_02908,1933.31,NETBANKING,,SUCCESS,2026-07-30 13:32:45.098565
PAY_005780,CUST_01883,1410.13,NETBANKING,,SUCCESS,2026-07-30 12:53:45.099075
PAY_005781,CUST_03457,100.0,WALLET,,SUCCESS,2026-08-25 05:19:45.099636
PAY_005782,CUST_04668,9216.14,NETBANKING,,SUCCESS,2026-08-12 12:22:45.100142
PAY_005783,CUST_00972,1902.47,NETBANKING,AUTHENTICATION_FAILED,FAILED,2026-08-17 08:11:45.100689
PAY_005784,CUST_00679,422.46,WALLET,,SUCCESS,2026-08-06 22:05:45.101196
PAY_005785,CUST_00974,551.53,CARD,INSUFFICIENT_FUNDS,FAILED,2026-08-16 15:55:45.101753
PAY_005786,CUST_00573,7565.15,NETBANKING,,SUCCESS,2026-08-09 10:43:45.102324
PAY_005787,CUST_01937,1030.92,UPI,INSUFFICIENT_FUNDS,FAILED,2026-08-01 20:15:45.103320
PAY_005788,CUST_00552,747.28,UPI,,SUCCESS,2026-08-22 00:55:45.104157
PAY_005789,CUST_04189,1627.74,NETBANKING,,SUCCESS,2026-08-01 04:36:45.104756
PAY_005790,CUST_00790,803.77,CARD,,SUCCESS,2026-08-15 08:12:45.105332
PAY_005791,CUST_00926,661.17,UPI,INSUFFICIENT_FUNDS,FAILED,2026-08-06 06:53:45.106096
PAY_005792,CUST_04553,1249.36,CARD,,SUCCESS,2026-08-20 12:43:45.106767
PAY_005793,CUST_00954,722.62,NETBANKING,,SUCCESS,2026-08-04 03:15:45.107337
PAY_005794,CUST_03087,851.61,CARD,,SUCCESS,2026-08-11 06:24:45.107890
PAY_005795,CUST_00261,1082.71,WALLET,,SUCCESS,2026-08-03 20:21:45.108428
PAY_005796,CUST_04176,2186.55,UPI,,SUCCESS,2026-08-03 10:07:45.108992
PAY_005797,CUST_03565,463.71,CARD,,SUCCESS,2026-08-20 22:14:45.109572
PAY_005798,CUST_01952,697.15,WALLET,,SUCCESS,2026-08-24 03:44:45.110574
PAY_005799,CUST_01709,1363.25,NETBANKING,,SUCCESS,2026-08-23 17:16:45.111289
PAY_005800,CUST_00422,710.97,UPI,,SUCCESS,2026-08-09 06:59:45.111853
PAY_005801,CUST_03079,473.29,CARD,,SUCCESS,2026-08-15 03:53:45.112368
PAY_005802,CUST_04735,477.99,NETBANKING,,SUCCESS,2026-08-08 13:05:45.112921
PAY_005803,CUST_01349,1504.33,NETBANKING,,SUCCESS,2026-08-08 23:21:45.113482
PAY_005804,CUST_03855,916.42,NETBANKING,AUTHENTICATION_FAILED,FAILED,2026-08-07 06:58:45.113997
PAY_005805,CUST_04489,1970.07,NETBANKING,,SUCCESS,2026-07-31 23:09:45.114549
PAY_005806,CUST_00808,578.43,WALLET,,SUCCESS,2026-08-18 00:17:45.115081
PAY_005807,CUST_00062,1057.65,CARD,,SUCCESS,2026-08-26 14:50:45.115632
PAY_005808,CUST_01062,1853.38,WALLET,,SUCCESS,2026-08-19 18:29:45.116212
PAY_005809,CUST_04480,2228.38,UPI,,SUCCESS,2026-08-24 11:30:45.116854
PAY_005810,CUST_01888,1861.02,UPI,,SUCCESS,2026-07-31 15:59:45.117948
PAY_005811,CUST_00868,1992.27,WALLET,,SUCCESS,2026-08-22 23:29:45.118710
PAY_005812,CUST_00836,1204.41,CARD,,SUCCESS,2026-08-26 10:47:45.119552
PAY_005813,CUST_04683,1340.75,NETBANKING,BANK_DECLINED,FAILED,2026-08-12 06:49:45.120302
PAY_005814,CUST_02132,1919.5,WALLET,,SUCCESS,2026-08-14 03:28:45.120860
PAY_005815,CUST_04909,1230.34,WALLET,,SUCCESS,2026-08-12 02:39:45.121380
PAY_005816,CUST_04242,945.11,NETBANKING,,SUCCESS,2026-08-04 07:48:45.121923
PAY_005817,CUST_01145,1073.81,CARD,,SUCCESS,2026-08-15 04:36:45.122681
PAY_005818,CUST_03250,1100.57,NETBANKING,,SUCCESS,2026-08-26 12:38:45.123450
PAY_005819,CUST_00401,484.0,WALLET,AUTHENTICATION_FAILED,FAILED,2026-08-06 11:17:45.124453
PAY_005820,CUST_02688,2164.84,WALLET,,SUCCESS,2026-08-02 14:56:45.125424
PAY_005821,CUST_01394,2015.86,NETBANKING,,SUCCESS,2026-08-24 04:05:45.125996
PAY_005822,CUST_01475,1879.01,WALLET,,SUCCESS,2026-08-09 08:57:45.126528
PAY_005823,CUST_03696,1487.11,NETBANKING,,SUCCESS,2026-08-21 22:32:45.127069
PAY_005824,CUST_04926,1402.19,NETBANKING,,SUCCESS,2026-08-13 00:25:45.127758
PAY_005825,CUST_00187,1074.96,WALLET,,SUCCESS,2026-08-13 07:27:45.128319
PAY_005826,CUST_04103,2389.78,CARD,INSUFFICIENT_FUNDS,FAILED,2026-08-02 16:45:45.128850
PAY_005827,CUST_04532,100.0,WALLET,,SUCCESS,2026-08-26 00:19:45.129361
PAY_005828,CUST_03404,1507.15,CARD,,SUCCESS,2026-08-12 07:14:45.129894
PAY_005829,CUST_01766,1050.17,UPI,,SUCCESS,2026-08-23 21:29:45.130408
PAY_005830,CUST_01742,1647.59,CARD,,SUCCESS,2026-08-08 05:00:45.130970
PAY_005831,CUST_00851,2024.44,NETBANKING,,SUCCESS,2026-08-14 14:23:45.131605
PAY_005832,CUST_03651,1311.25,CARD,,SUCCESS,2026-08-03 10:53:45.132564
PAY_005833,CUST_02536,1141.47,UPI,,SUCCESS,2026-08-18 21:31:45.133109
PAY_005834,CUST_04365,847.79,NETBANKING,BANK_TIMEOUT,FAILED,2026-08-02 04:27:45.133714
PAY_005835,CUST_02998,895.58,CARD,,SUCCESS,2026-08-25 09:40:45.134245
PAY_005836,CUST_01178,1001.22,NETBANKING,,SUCCESS,2026-08-23 15:20:45.134767
PAY_005837,CUST_01456,311.67,UPI,AUTHENTICATION_FAILED,FAILED,2026-08-07 01:38:45.135280
PAY_005838,CUST_02347,1652.85,WALLET,,SUCCESS,2026-07-30 15:28:45.135812
PAY_005839,CUST_04144,1380.88,WALLET,,SUCCESS,2026-08-20 15:30:45.136328
PAY_005840,CUST_00748,789.91,NETBANKING,,SUCCESS,2026-08-19 19:55:45.136839
PAY_005841,CUST_01083,304.58,UPI,,SUCCESS,2026-08-17 05:47:45.137355
PAY_005842,CUST_02759,8042.9,NETBANKING,,SUCCESS,2026-08-02 19:39:45.137968
PAY_005843,CUST_00229,2269.9,NETBANKING,BANK_TIMEOUT,FAILED,2026-08-05 16:01:45.138836
PAY_005844,CUST_01590,889.28,WALLET,NETWORK_ERROR,FAILED,2026-08-13 04:07:45.140723
PAY_005845,CUST_04766,1422.68,UPI,,SUCCESS,2026-07-31 16:58:45.141863
PAY_005846,CUST_00963,579.41,CARD,,SUCCESS,2026-07-31 16:58:45.142656
PAY_005847,CUST_02066,1226.63,UPI,,SUCCESS,2026-08-11 11:01:45.143192
PAY_005848,CUST_01005,1095.53,UPI,,SUCCESS,2026-08-20 09:34:45.143711
PAY_005849,CUST_04260,981.79,WALLET,,SUCCESS,2026-08-26 17:41:45.144287
PAY_005850,CUST_04272,951.62,NETBANKING,,SUCCESS,2026-08-14 11:40:45.144832
PAY_005851,CUST_01308,1081.8,UPI,,SUCCESS,2026-08-16 04:05:45.145625
PAY_005852,CUST_01812,1153.87,NETBANKING,,SUCCESS,2026-08-02 15:29:45.146377
PAY_005853,CUST_00972,1948.11,CARD,,SUCCESS,2026-08-11 16:06:45.146911
PAY_005854,CUST_02888,1373.95,UPI,,SUCCESS,2026-08-05 10:59:45.147433
PAY_005855,CUST_04668,8599.7,NETBANKING,,SUCCESS,2026-08-19 19:08:45.147961
PAY_005856,CUST_00449,324.56,UPI,AUTHENTICATION_FAILED,FAILED,2026-08-06 18:15:45.148487
PAY_005857,CUST_03663,6653.46,WALLET,,SUCCESS,2026-08-13 18:49:45.149004
PAY_005858,CUST_01870,3520.38,WALLET,,SUCCESS,2026-08-10 06:51:45.149646
PAY_005859,CUST_03310,2131.67,UPI,,SUCCESS,2026-07-27 22:01:45.150237
PAY_005860,CUST_01975,474.39,WALLET,,SUCCESS,2026-08-14 14:54:45.150810
PAY_005861,CUST_01696,1761.01,CARD,,SUCCESS,2026-08-17 14:49:45.151409
PAY_005862,CUST_03114,596.23,CARD,AUTHENTICATION_FAILED,FAILED,2026-08-12 05:21:45.151971
PAY_005863,CUST_01201,2298.8,WALLET,,SUCCESS,2026-08-03 09:07:45.152845
PAY_005864,CUST_02612,1730.9,NETBANKING,,SUCCESS,2026-08-21 23:04:45.153416
PAY_005865,CUST_00187,1340.56,CARD,,SUCCESS,2026-08-15 15:36:45.153964
PAY_005866,CUST_01276,1100.7,CARD,,SUCCESS,2026-08-19 03:02:45.154486
PAY_005867,CUST_01331,1334.57,WALLET,,SUCCESS,2026-08-25 08:52:45.154998
PAY_005868,CUST_01054,136.17,NETBANKING,,SUCCESS,2026-08-01 19:37:45.156291
PAY_005869,CUST_00783,5323.82,NETBANKING,,SUCCESS,2026-08-19 05:50:45.157195
PAY_005870,CUST_01954,1558.85,WALLET,,SUCCESS,2026-08-13 11:21:45.157786
PAY_005871,CUST_03637,1140.97,CARD,,SUCCESS,2026-08-22 07:07:45.158382
PAY_005872,CUST_03685,1416.71,WALLET,,SUCCESS,2026-08-18 00:39:45.158937
PAY_005873,CUST_01451,1139.43,WALLET,,SUCCESS,2026-08-08 10:51:45.159779
PAY_005874,CUST_00410,1137.56,CARD,,SUCCESS,2026-07-27 21:02:45.160497
PAY_005875,CUST_04625,1102.22,UPI,,SUCCESS,2026-08-09 21:04:45.161033
PAY_005876,CUST_02522,878.29,UPI,NETWORK_ERROR,FAILED,2026-08-02 04:05:45.161569
PAY_005877,CUST_03673,2174.91,NETBANKING,,SUCCESS,2026-08-20 02:40:45.162075
PAY_005878,CUST_03158,2642.55,NETBANKING,,SUCCESS,2026-08-11 07:38:45.162628
PAY_005879,CUST_04401,2666.07,WALLET,,SUCCESS,2026-07-29 10:33:45.163155
PAY_005880,CUST_03897,888.95,UPI,,SUCCESS,2026-08-07 15:41:45.163707
PAY_005881,CUST_01065,1897.12,CARD,,SUCCESS,2026-08-20 17:02:45.164218
PAY_005882,CUST_00381,6845.63,CARD,,SUCCESS,2026-08-16 18:30:45.164906
PAY_005883,CUST_01283,1832.03,UPI,,SUCCESS,2026-08-06 07:01:45.165475
PAY_005884,CUST_01018,1648.56,UPI,,SUCCESS,2026-08-19 21:24:45.166023
PAY_005885,CUST_04382,898.83,CARD,,SUCCESS,2026-08-05 07:51:45.166837
PAY_005886,CUST_04573,1042.2,UPI,,SUCCESS,2026-08-25 03:39:45.167510
PAY_005887,CUST_03743,5336.91,WALLET,,SUCCESS,2026-08-12 09:20:45.168034
PAY_005888,CUST_04619,863.52,WALLET,,SUCCESS,2026-08-24 06:07:45.168575
PAY_005889,CUST_04884,1865.99,NETBANKING,,SUCCESS,2026-08-05 13:52:45.169087
PAY_005890,CUST_04055,671.55,NETBANKING,,SUCCESS,2026-08-14 23:27:45.169617
PAY_005891,CUST_01419,100.0,WALLET,NETWORK_ERROR,FAILED,2026-08-04 04:40:45.170150
PAY_005892,CUST_03518,1658.3,CARD,,SUCCESS,2026-07-30 18:47:45.170678
PAY_005893,CUST_00508,1290.4,UPI,,SUCCESS,2026-08-06 04:42:45.171190
PAY_005894,CUST_02433,1541.13,WALLET,,SUCCESS,2026-08-03 09:15:45.171714
PAY_005895,CUST_03032,2022.26,UPI,,SUCCESS,2026-08-12 04:54:45.173124
PAY_005896,CUST_02060,484.51,UPI,,SUCCESS,2026-08-01 09:35:45.174587
PAY_005897,CUST_03931,1751.09,NETBANKING,,SUCCESS,2026-08-03 13:54:45.175708
PAY_005898,CUST_03241,1888.98,WALLET,,SUCCESS,2026-08-19 03:46:45.176262
PAY_005899,CUST_00264,1143.24,CARD,,SUCCESS,2026-08-03 18:42:45.176813
PAY_005900,CUST_01923,1029.89,WALLET,,SUCCESS,2026-08-08 01:56:45.177325
PAY_005901,CUST_03451,1679.83,UPI,,SUCCESS,2026-08-19 16:58:45.177882
PAY_005902,CUST_03980,1615.43,WALLET,,SUCCESS,2026-08-08 15:30:45.178415
PAY_005903,CUST_01396,1058.16,CARD,AUTHENTICATION_FAILED,FAILED,2026-08-08 14:54:45.178945
PAY_005904,CUST_01484,1366.87,CARD,,SUCCESS,2026-08-21 13:48:45.179513
PAY_005905,CUST_00990,2252.2,UPI,,SUCCESS,2026-07-29 00:31:45.180147
PAY_005906,CUST_00450,1538.63,UPI,,SUCCESS,2026-08-01 21:12:45.181218
PAY_005907,CUST_01100,832.15,UPI,,SUCCESS,2026-08-19 17:55:45.181891
PAY_005908,CUST_00470,2082.47,WALLET,,SUCCESS,2026-07-27 22:43:45.182428
PAY_005909,CUST_02057,2085.75,UPI,,SUCCESS,2026-08-03 13:00:45.182940
PAY_005910,CUST_01161,686.1,UPI,,SUCCESS,2026-07-28 06:09:45.183462
PAY_005911,CUST_04467,3830.86,UPI,,SUCCESS,2026-08-08 12:01:45.183958
PAY_005912,CUST_03738,500.85,UPI,,SUCCESS,2026-08-21 09:32:45.184489
PAY_005913,CUST_03568,167.59,CARD,INSUFFICIENT_FUNDS,FAILED,2026-08-04 21:27:45.185001
PAY_005914,CUST_02341,1931.21,CARD,,SUCCESS,2026-08-09 03:29:45.185522
PAY_005915,CUST_01897,520.58,CARD,,SUCCESS,2026-08-16 14:19:45.186031
PAY_005916,CUST_01596,1001.6,WALLET,,SUCCESS,2026-08-12 23:03:45.186570
PAY_005917,CUST_00382,1200.57,WALLET,,SUCCESS,2026-08-24 16:23:45.187128
PAY_005918,CUST_00649,914.62,NETBANKING,,SUCCESS,2026-08-24 18:33:45.187901
PAY_005919,CUST_01201,1500.6,NETBANKING,,SUCCESS,2026-08-05 20:10:45.188823
PAY_005920,CUST_00532,334.55,WALLET,,SUCCESS,2026-08-03 04:28:45.189975
PAY_005921,CUST_04128,247.55,CARD,,SUCCESS,2026-08-18 02:15:45.191035
PAY_005922,CUST_00671,1364.31,WALLET,,SUCCESS,2026-08-26 04:23:45.191682
PAY_005923,CUST_04891,232.32,WALLET,,SUCCESS,2026-08-16 00:58:45.192231
PAY_005924,CUST_02052,835.44,CARD,,SUCCESS,2026-07-27 19:57:45.192802
PAY_005925,CUST_01492,1909.8,CARD,,SUCCESS,2026-08-22 05:29:45.193320
PAY_005926,CUST_04958,961.2,NETBANKING,,SUCCESS,2026-07-29 00:26:45.193925
PAY_005927,CUST_00691,8467.17,NETBANKING,NETWORK_ERROR,FAILED,2026-08-25 07:07:45.194609
PAY_005928,CUST_04338,1139.57,UPI,,SUCCESS,2026-08-02 21:39:45.195640
PAY_005929,CUST_04907,1696.11,CARD,,SUCCESS,2026-08-03 06:38:45.196201
PAY_005930,CUST_02767,1445.71,NETBANKING,,SUCCESS,2026-08-14 19:10:45.196753
PAY_005931,CUST_02384,1891.23,NETBANKING,AUTHENTICATION_FAILED,FAILED,2026-08-02 07:54:45.197285
PAY_005932,CUST_00938,1466.34,UPI,BANK_DECLINED,FAILED,2026-08-23 21:05:45.197828
PAY_005933,CUST_00994,323.6,WALLET,,SUCCESS,2026-08-24 10:44:45.198343
PAY_005934,CUST_01416,1029.7,UPI,,SUCCESS,2026-08-19 20:26:45.198892
PAY_005935,CUST_01803,1837.94,NETBANKING,,SUCCESS,2026-08-24 13:07:45.199432
PAY_005936,CUST_04881,1462.17,WALLET,,SUCCESS,2026-08-21 14:32:45.199959
PAY_005937,CUST_00434,1196.63,WALLET,AUTHENTICATION_FAILED,FAILED,2026-07-30 09:37:45.200554
PAY_005938,CUST_01362,891.37,UPI,AUTHENTICATION_FAILED,FAILED,2026-07-28 17:04:45.201088
PAY_005939,CUST_01977,3346.14,WALLET,,SUCCESS,2026-07-29 15:57:45.201891
PAY_005940,CUST_04139,1358.96,UPI,,SUCCESS,2026-08-20 07:38:45.202582
PAY_005941,CUST_04474,2202.14,NETBANKING,,SUCCESS,2026-07-29 05:25:45.203105
PAY_005942,CUST_02132,2002.51,WALLET,,SUCCESS,2026-08-03 11:13:45.203661
PAY_005943,CUST_00726,280.46,WALLET,NETWORK_ERROR,FAILED,2026-07-31 15:22:45.204174
PAY_005944,CUST_00067,1130.31,UPI,,SUCCESS,2026-08-16 05:35:45.204722
PAY_005945,CUST_03850,1252.24,WALLET,,SUCCESS,2026-08-07 08:11:45.205406
PAY_005946,CUST_00977,1548.47,UPI,,SUCCESS,2026-08-23 18:21:45.206151
PAY_005947,CUST_04056,2120.29,CARD,,SUCCESS,2026-07-29 21:09:45.207398
PAY_005948,CUST_03884,2771.63,CARD,,SUCCESS,2026-08-04 02:16:45.207990
PAY_005949,CUST_04629,1907.51,CARD,,SUCCESS,2026-08-21 08:52:45.208589
PAY_005950,CUST_03962,2511.32,WALLET,,SUCCESS,2026-08-10 03:03:45.209449
PAY_005951,CUST_00506,766.12,CARD,,SUCCESS,2026-07-30 09:58:45.210414
PAY_005952,CUST_02751,1980.6,CARD,,SUCCESS,2026-08-06 19:10:45.211026
PAY_005953,CUST_02657,1044.94,WALLET,,SUCCESS,2026-08-01 07:41:45.211700
PAY_005954,CUST_00734,866.99,CARD,,SUCCESS,2026-08-25 01:39:45.212237
PAY_005955,CUST_03928,532.52,UPI,,SUCCESS,2026-08-11 16:52:45.212768
PAY_005956,CUST_00347,816.71,NETBANKING,,SUCCESS,2026-07-28 13:03:45.213284
PAY_005957,CUST_01730,1045.62,CARD,,SUCCESS,2026-08-16 11:19:45.213821
PAY_005958,CUST_00057,1724.26,UPI,,SUCCESS,2026-08-09 16:17:45.214332
PAY_005959,CUST_03384,1333.06,NETBANKING,,SUCCESS,2026-08-23 15:32:45.214850
PAY_005960,CUST_03308,8810.46,NETBANKING,,SUCCESS,2026-08-02 07:44:45.215402
PAY_005961,CUST_03915,1014.57,WALLET,,SUCCESS,2026-08-09 01:55:45.215963
PAY_005962,CUST_04882,1194.28,WALLET,INSUFFICIENT_FUNDS,FAILED,2026-08-13 03:19:45.216745
PAY_005963,CUST_04185,1115.26,WALLET,,SUCCESS,2026-08-05 08:29:45.217463
PAY_005964,CUST_00460,1802.64,WALLET,,SUCCESS,2026-08-18 17:53:45.218019
PAY_005965,CUST_00528,2337.53,NETBANKING,,SUCCESS,2026-07-29 00:21:45.218536
PAY_005966,CUST_04396,992.3,NETBANKING,,SUCCESS,2026-07-28 04:34:45.219045
PAY_005967,CUST_03490,1211.26,WALLET,BANK_DECLINED,FAILED,2026-07-30 00:51:45.219577
PAY_005968,CUST_04312,1672.63,UPI,NETWORK_ERROR,FAILED,2026-08-26 15:40:45.220094
PAY_005969,CUST_04096,961.42,CARD,,SUCCESS,2026-08-19 06:01:45.220611
PAY_005970,CUST_04320,1397.43,UPI,,SUCCESS,2026-08-08 09:04:45.221131
PAY_005971,CUST_03815,1800.13,UPI,,SUCCESS,2026-07-28 09:47:45.221665
PAY_005972,CUST_02060,880.54,NETBANKING,,SUCCESS,2026-08-22 06:52:45.222836
PAY_005973,CUST_03164,735.12,NETBANKING,,SUCCESS,2026-08-14 08:11:45.224438
PAY_005974,CUST_00914,7990.14,WALLET,,SUCCESS,2026-08-24 02:54:45.225182
PAY_005975,CUST_03203,2464.46,NETBANKING,,SUCCESS,2026-08-01 04:32:45.225746
PAY_005976,CUST_01586,2291.41,WALLET,,SUCCESS,2026-08-06 07:38:45.226262
PAY_005977,CUST_00138,7505.62,CARD,,SUCCESS,2026-07-30 20:49:45.226908
PAY_005978,CUST_03646,5509.99,CARD,,SUCCESS,2026-08-02 09:24:45.227443
PAY_005979,CUST_02030,129.81,CARD,,SUCCESS,2026-08-17 15:01:45.227957
PAY_005980,CUST_02422,1343.81,UPI,,SUCCESS,2026-08-19 21:20:45.228476
PAY_005981,CUST_02528,1605.09,NETBANKING,,SUCCESS,2026-08-25 10:35:45.229052
PAY_005982,CUST_01716,244.85,WALLET,,SUCCESS,2026-08-18 06:26:45.229619
PAY_005983,CUST_03624,1036.51,CARD,NETWORK_ERROR,FAILED,2026-08-09 14:58:45.230564
PAY_005984,CUST_00915,1300.09,UPI,,SUCCESS,2026-07-30 11:45:45.231245
PAY_005985,CUST_00321,1762.79,WALLET,,SUCCESS,2026-08-07 22:50:45.231785
PAY_005986,CUST_04246,2106.54,UPI,,SUCCESS,2026-08-26 17:14:45.232301
PAY_005987,CUST_00196,2324.18,NETBANKING,NETWORK_ERROR,FAILED,2026-08-15 20:10:45.232823
PAY_005988,CUST_00950,961.94,UPI,,SUCCESS,2026-08-20 16:03:45.233342
PAY_005989,CUST_02306,2179.56,CARD,,SUCCESS,2026-08-20 16:54:45.233902
PAY_005990,CUST_04799,916.28,CARD,,SUCCESS,2026-08-14 13:25:45.234426
PAY_005991,CUST_03800,469.94,UPI,,SUCCESS,2026-08-23 11:50:45.234938
PAY_005992,CUST_04204,947.96,CARD,,SUCCESS,2026-08-06 20:46:45.235463
PAY_005993,CUST_04276,1673.94,CARD,,SUCCESS,2026-08-07 15:03:45.236017
PAY_005994,CUST_01488,784.03,UPI,,SUCCESS,2026-08-22 12:26:45.236559
PAY_005995,CUST_03451,1738.52,WALLET,,SUCCESS,2026-07-29 19:56:45.237555
PAY_005996,CUST_02564,1699.99,CARD,,SUCCESS,2026-07-28 20:34:45.238180
PAY_005997,CUST_02946,1519.12,WALLET,,SUCCESS,2026-08-21 07:29:45.238826
PAY_005998,CUST_00172,1025.16,UPI,,SUCCESS,2026-07-29 17:11:45.239598
PAY_005999,CUST_03001,1517.32,CARD,BANK_DECLINED,FAILED,2026-08-23 22:26:45.240559
PAY_006000,CUST_00486,900.67,WALLET,,SUCCESS,2026-08-10 09:07:45.241663
PAY_006001,CUST_04856,1156.98,NETBANKING,,SUCCESS,2026-08-20 09:50:45.242884
PAY_006002,CUST_02007,829.4,WALLET,,SUCCESS,2026-08-24 09:29:45.244072
PAY_006003,CUST_02675,5585.73,WALLET,,SUCCESS,2026-08-15 13:49:45.245421
PAY_006004,CUST_03813,2450.49,CARD,,SUCCESS,2026-08-09 12:14:45.246348
PAY_006005,CUST_04975,1035.71,NETBANKING,,SUCCESS,2026-07-28 12:43:45.246927
PAY_006006,CUST_03227,1901.6,NETBANKING,,SUCCESS,2026-08-10 14:01:45.247486
PAY_006007,CUST_00317,1202.49,CARD,,SUCCESS,2026-07-28 16:31:45.248027
PAY_006008,CUST_00239,991.28,WALLET,,SUCCESS,2026-08-09 16:35:45.248596
PAY_006009,CUST_00218,6166.37,NETBANKING,,SUCCESS,2026-08-22 13:39:45.249118
PAY_006010,CUST_01104,446.38,UPI,,SUCCESS,2026-08-25 14:07:45.249677
PAY_006011,CUST_04936,531.56,NETBANKING,,SUCCESS,2026-08-26 16:10:45.250186
PAY_006012,CUST_00696,999.53,NETBANKING,,SUCCESS,2026-08-11 03:56:45.250788
PAY_006013,CUST_03271,2962.73,CARD,,SUCCESS,2026-08-14 10:47:45.251391
PAY_006014,CUST_02093,1695.24,NETBANKING,,SUCCESS,2026-08-01 18:52:45.252438
PAY_006015,CUST_00830,2264.63,CARD,,SUCCESS,2026-08-18 13:39:45.252987
PAY_006016,CUST_01398,1701.26,CARD,,SUCCESS,2026-07-31 17:22:45.253559
PAY_006017,CUST_02714,676.32,WALLET,INSUFFICIENT_FUNDS,FAILED,2026-08-16 03:55:45.254080
PAY_006018,CUST_01370,799.75,NETBANKING,BANK_DECLINED,FAILED,2026-08-09 14:02:45.254629
PAY_006019,CUST_03026,1139.83,UPI,,SUCCESS,2026-08-09 18:36:45.255141
PAY_006020,CUST_01239,945.31,NETBANKING,,SUCCESS,2026-07-31 09:05:45.255903
PAY_006021,CUST_04800,1686.37,CARD,,SUCCESS,2026-08-10 12:17:45.256461
PAY_006022,CUST_00985,967.72,NETBANKING,AUTHENTICATION_FAILED,FAILED,2026-08-05 22:38:45.256984
PAY_006023,CUST_02096,5423.67,WALLET,,SUCCESS,2026-07-30 22:49:45.257612
PAY_006024,CUST_03490,1465.86,CARD,,SUCCESS,2026-08-23 21:29:45.258171
PAY_006025,CUST_04612,2050.25,UPI,,SUCCESS,2026-08-13 14:39:45.259049
PAY_006026,CUST_04627,522.14,NETBANKING,BANK_DECLINED,FAILED,2026-08-15 16:31:45.259671
PAY_006027,CUST_04078,1928.22,WALLET,,SUCCESS,2026-08-07 10:45:45.260200
PAY_006028,CUST_03860,1548.29,CARD,BANK_TIMEOUT,FAILED,2026-08-02 17:47:45.260727
PAY_006029,CUST_03002,776.5,UPI,,SUCCESS,2026-08-24 01:35:45.261251
PAY_006030,CUST_03822,1045.31,WALLET,INSUFFICIENT_FUNDS,FAILED,2026-08-22 21:11:45.261774
PAY_006031,CUST_02355,692.0,UPI,,SUCCESS,2026-08-12 00:21:45.262286
PAY_006032,CUST_02906,901.37,UPI,BANK_DECLINED,FAILED,2026-08-16 08:55:45.262809
PAY_006033,CUST_04392,1223.64,WALLET,,SUCCESS,2026-08-19 00:17:45.263336
PAY_006034,CUST_02800,1751.75,UPI,,SUCCESS,2026-08-04 16:10:45.263855
PAY_006035,CUST_01369,1183.64,UPI,,SUCCESS,2026-08-01 19:27:45.264425
PAY_006036,CUST_00656,915.33,UPI,,SUCCESS,2026-07-29 18:59:45.265025
PAY_006037,CUST_04849,671.17,NETBANKING,,SUCCESS,2026-08-07 12:35:45.265935
PAY_006038,CUST_00435,1085.03,NETBANKING,,SUCCESS,2026-08-06 02:50:45.266492
PAY_006039,CUST_04603,2164.42,WALLET,,SUCCESS,2026-07-28 13:18:45.267010
PAY_006040,CUST_04153,1221.39,UPI,,SUCCESS,2026-08-20 06:55:45.267547
PAY_006041,CUST_02720,5086.81,CARD,,SUCCESS,2026-08-15 15:56:45.268058
PAY_006042,CUST_01495,975.68,UPI,,SUCCESS,2026-08-09 20:14:45.268580
PAY_006043,CUST_00337,2636.58,CARD,,SUCCESS,2026-08-17 20:36:45.269104
PAY_006044,CUST_01525,2217.25,UPI,BANK_TIMEOUT,FAILED,2026-08-18 09:09:45.269658
PAY_006045,CUST_03417,1591.32,CARD,,SUCCESS,2026-08-03 22:20:45.270172
PAY_006046,CUST_01276,1420.85,NETBANKING,,SUCCESS,2026-07-28 08:09:45.270690
PAY_006047,CUST_02357,1192.92,NETBANKING,,SUCCESS,2026-08-25 22:16:45.271262
PAY_006048,CUST_00645,1746.27,CARD,,SUCCESS,2026-08-19 03:09:45.271824
PAY_006049,CUST_00180,557.05,UPI,,SUCCESS,2026-08-22 10:12:45.272939
PAY_006050,CUST_03618,1506.42,CARD,,SUCCESS,2026-08-25 13:03:45.273637
PAY_006051,CUST_01609,1422.31,WALLET,,SUCCESS,2026-08-25 02:49:45.274154
PAY_006052,CUST_03394,1683.89,UPI,,SUCCESS,2026-08-15 03:09:45.274676
PAY_006053,CUST_01204,1029.03,CARD,,SUCCESS,2026-08-25 22:01:45.275188
PAY_006054,CUST_03596,1289.46,WALLET,,SUCCESS,2026-08-07 11:18:45.275702
PAY_006055,CUST_00112,2000.69,CARD,,SUCCESS,2026-08-03 03:39:45.276214
PAY_006056,CUST_01066,1725.35,CARD,,SUCCESS,2026-08-20 13:38:45.276734
PAY_006057,CUST_01136,688.36,UPI,,SUCCESS,2026-08-12 05:53:45.277239
PAY_006058,CUST_01466,866.43,CARD,,SUCCESS,2026-08-18 09:41:45.277758
PAY_006059,CUST_00900,850.49,UPI,,SUCCESS,2026-08-09 20:04:45.278314
PAY_006060,CUST_04180,869.45,UPI,,SUCCESS,2026-08-22 10:27:45.278862
PAY_006061,CUST_03470,520.65,UPI,,SUCCESS,2026-08-23 08:23:45.279442
PAY_006062,CUST_04798,243.29,CARD,BANK_DECLINED,FAILED,2026-08-02 11:24:45.279964
PAY_006063,CUST_03624,1086.41,CARD,,SUCCESS,2026-07-31 13:52:45.280492
PAY_006064,CUST_04781,1883.4,CARD,,SUCCESS,2026-07-28 13:55:45.281002
PAY_006065,CUST_04002,786.56,CARD,,SUCCESS,2026-08-03 06:09:45.281522
PAY_006066,CUST_03099,734.22,UPI,,SUCCESS,2026-08-17 00:23:45.282025
PAY_006067,CUST_04617,1932.46,NETBANKING,,SUCCESS,2026-08-11 12:23:45.282547
PAY_006068,CUST_02513,1682.11,WALLET,,SUCCESS,2026-08-13 21:26:45.283092
PAY_006069,CUST_02061,1089.37,CARD,,SUCCESS,2026-08-12 22:31:45.283612
PAY_006070,CUST_01272,972.51,WALLET,,SUCCESS,2026-08-13 04:56:45.284122
PAY_006071,CUST_01797,786.72,NETBANKING,,SUCCESS,2026-07-30 01:14:45.284635
PAY_006072,CUST_04266,670.3,UPI,,SUCCESS,2026-08-18 21:38:45.285143
PAY_006073,CUST_03507,1052.79,WALLET,,SUCCESS,2026-08-07 05:51:45.285713
PAY_006074,CUST_00098,2185.79,CARD,,SUCCESS,2026-08-24 07:20:45.286307
PAY_006075,CUST_03311,1498.98,NETBANKING,,SUCCESS,2026-08-15 12:31:45.286842
PAY_006076,CUST_00888,809.76,WALLET,,SUCCESS,2026-07-28 19:29:45.287371
PAY_006077,CUST_00706,1507.23,CARD,,SUCCESS,2026-08-14 04:37:45.287885
PAY_006078,CUST_00688,1259.92,NETBANKING,,SUCCESS,2026-08-18 17:10:45.288485
PAY_006079,CUST_03127,1140.01,CARD,,SUCCESS,2026-08-10 13:48:45.289276
PAY_006080,CUST_02995,599.74,UPI,,SUCCESS,2026-08-11 13:24:45.289842
PAY_006081,CUST_02343,1643.79,WALLET,,SUCCESS,2026-08-08 09:17:45.290360
PAY_006082,CUST_00684,1575.97,NETBANKING,,SUCCESS,2026-08-01 04:14:45.290878
PAY_006083,CUST_04414,1130.3,NETBANKING,,SUCCESS,2026-08-04 13:56:45.291389
PAY_006084,CUST_04663,180.07,WALLET,,SUCCESS,2026-08-19 14:37:45.291899
PAY_006085,CUST_02567,1987.21,CARD,,SUCCESS,2026-07-28 16:17:45.292411
PAY_006086,CUST_00554,5564.6,WALLET,,SUCCESS,2026-08-07 19:57:45.292949
PAY_006087,CUST_01553,873.15,NETBANKING,,SUCCESS,2026-08-05 06:32:45.293489
PAY_006088,CUST_03916,11437.72,NETBANKING,,SUCCESS,2026-08-16 19:29:45.294297
PAY_006089,CUST_01970,1360.99,NETBANKING,,SUCCESS,2026-08-19 12:56:45.295113
PAY_006090,CUST_02561,1137.09,WALLET,,SUCCESS,2026-08-14 11:06:45.295665
PAY_006091,CUST_00967,1823.05,WALLET,,SUCCESS,2026-08-07 00:30:45.296181
PAY_006092,CUST_01540,892.16,CARD,,SUCCESS,2026-08-11 09:37:45.296693
PAY_006093,CUST_01991,2019.68,WALLET,,SUCCESS,2026-08-20 23:51:45.297204
PAY_006094,CUST_00793,412.38,NETBANKING,,SUCCESS,2026-08-15 09:59:45.297729
PAY_006095,CUST_00978,1455.53,CARD,NETWORK_ERROR,FAILED,2026-08-04 07:27:45.298237
PAY_006096,CUST_00075,1458.91,CARD,,SUCCESS,2026-08-13 05:35:45.298764
PAY_006097,CUST_00790,1131.6,WALLET,BANK_TIMEOUT,FAILED,2026-08-19 15:46:45.299286
PAY_006098,CUST_04855,7857.65,WALLET,,SUCCESS,2026-08-17 20:14:45.299889
PAY_006099,CUST_02869,1522.5,CARD,,SUCCESS,2026-08-12 01:00:45.300505
PAY_006100,CUST_00556,1284.93,NETBANKING,,SUCCESS,2026-08-08 02:09:45.301027
PAY_006101,CUST_02562,1041.21,WALLET,,SUCCESS,2026-08-15 13:48:45.301554
PAY_006102,CUST_02421,2137.99,UPI,,SUCCESS,2026-08-07 23:49:45.302065
PAY_006103,CUST_03364,1098.64,WALLET,,SUCCESS,2026-08-02 06:48:45.302582
PAY_006104,CUST_02768,1047.42,WALLET,AUTHENTICATION_FAILED,FAILED,2026-07-28 17:01:45.303096
PAY_006105,CUST_02631,390.3,UPI,,SUCCESS,2026-08-07 21:17:45.303741
PAY_006106,CUST_00701,1032.63,CARD,AUTHENTICATION_FAILED,FAILED,2026-08-22 23:53:45.304260
PAY_006107,CUST_03987,2250.13,CARD,,SUCCESS,2026-08-05 18:21:45.304787
PAY_006108,CUST_04775,1395.76,CARD,BANK_TIMEOUT,FAILED,2026-08-04 03:54:45.305335
PAY_006109,CUST_01749,1673.37,WALLET,,SUCCESS,2026-08-20 20:00:45.306060
PAY_006110,CUST_01141,6642.06,WALLET,,SUCCESS,2026-08-19 05:30:45.306670
PAY_006111,CUST_02186,2228.47,UPI,,SUCCESS,2026-08-22 10:39:45.307273
PAY_006112,CUST_02390,973.92,WALLET,,SUCCESS,2026-08-04 20:26:45.307858
PAY_006113,CUST_02814,1435.86,UPI,,SUCCESS,2026-08-01 11:39:45.308406
PAY_006114,CUST_00689,1274.61,WALLET,,SUCCESS,2026-08-14 06:24:45.308939
PAY_006115,CUST_00834,1540.83,UPI,,SUCCESS,2026-08-20 18:54:45.309487
PAY_006116,CUST_01472,1815.53,NETBANKING,,SUCCESS,2026-08-08 15:54:45.310007
PAY_006117,CUST_01418,2088.85,NETBANKING,,SUCCESS,2026-08-06 16:04:45.310559
PAY_006118,CUST_04645,411.93,NETBANKING,,SUCCESS,2026-07-28 13:09:45.311068
PAY_006119,CUST_01431,10788.89,CARD,,SUCCESS,2026-07-31 11:23:45.311615
PAY_006120,CUST_01471,1178.5,CARD,,SUCCESS,2026-08-09 02:25:45.312141
PAY_006121,CUST_01840,977.15,NETBANKING,,SUCCESS,2026-08-11 02:37:45.312695
PAY_006122,CUST_02793,1410.96,CARD,,SUCCESS,2026-08-18 01:58:45.313211
PAY_006123,CUST_00800,889.36,WALLET,,SUCCESS,2026-08-20 11:23:45.313783
PAY_006124,CUST_02195,1485.26,NETBANKING,,SUCCESS,2026-08-26 06:29:45.314440
PAY_006125,CUST_04190,1389.12,NETBANKING,,SUCCESS,2026-08-03 18:36:45.314975
PAY_006126,CUST_01792,2512.66,UPI,,SUCCESS,2026-08-21 18:54:45.315542
PAY_006127,CUST_03296,1645.41,WALLET,,SUCCESS,2026-08-09 08:15:45.316065
PAY_006128,CUST_01435,7040.12,WALLET,,SUCCESS,2026-08-22 18:17:45.316619
PAY_006129,CUST_00497,2245.41,WALLET,,SUCCESS,2026-08-25 14:56:45.317127
PAY_006130,CUST_01521,1815.28,CARD,,SUCCESS,2026-08-16 20:16:45.317678
PAY_006131,CUST_03558,2259.99,UPI,,SUCCESS,2026-08-25 06:59:45.318200
PAY_006132,CUST_00447,9524.71,WALLET,,SUCCESS,2026-08-21 21:32:45.318750
PAY_006133,CUST_04917,5862.93,UPI,,SUCCESS,2026-08-21 14:48:45.319257
PAY_006134,CUST_02851,1922.05,CARD,,SUCCESS,2026-07-31 22:49:45.319875
PAY_006135,CUST_01744,5104.83,UPI,,SUCCESS,2026-08-23 02:04:45.320439
PAY_006136,CUST_03835,1149.46,CARD,BANK_DECLINED,FAILED,2026-08-14 09:53:45.321023
PAY_006137,CUST_04302,831.45,WALLET,,SUCCESS,2026-08-04 20:22:45.321871
PAY_006138,CUST_02342,1093.42,CARD,,SUCCESS,2026-08-14 08:00:45.322760
PAY_006139,CUST_00496,474.46,UPI,,SUCCESS,2026-08-13 23:28:45.323368
PAY_006140,CUST_03059,1361.57,NETBANKING,,SUCCESS,2026-08-22 18:05:45.323899
PAY_006141,CUST_03630,1770.99,UPI,,SUCCESS,2026-08-07 00:39:45.324442
PAY_006142,CUST_01511,927.28,CARD,,SUCCESS,2026-08-25 01:42:45.324991
PAY_006143,CUST_00646,1578.62,NETBANKING,AUTHENTICATION_FAILED,FAILED,2026-08-22 15:19:45.325523
PAY_006144,CUST_01345,1441.9,UPI,BANK_DECLINED,FAILED,2026-07-31 11:10:45.326038
PAY_006145,CUST_00528,2369.25,UPI,,SUCCESS,2026-08-25 15:40:45.326561
PAY_006146,CUST_00019,1930.29,NETBANKING,INSUFFICIENT_FUNDS,FAILED,2026-08-25 00:39:45.327080
PAY_006147,CUST_01446,100.0,WALLET,NETWORK_ERROR,FAILED,2026-08-21 08:49:45.327605
PAY_006148,CUST_03673,2002.72,UPI,,SUCCESS,2026-08-23 11:51:45.328162
PAY_006149,CUST_01729,741.89,UPI,,SUCCESS,2026-08-15 13:41:45.328704
PAY_006150,CUST_00357,1054.26,UPI,INSUFFICIENT_FUNDS,FAILED,2026-08-15 01:16:45.329269
PAY_006151,CUST_03327,2217.64,NETBANKING,,SUCCESS,2026-08-13 00:37:45.329820
PAY_006152,CUST_00469,8009.01,CARD,,SUCCESS,2026-08-24 01:26:45.330335
PAY_006153,CUST_04078,1500.48,CARD,,SUCCESS,2026-08-23 09:18:45.330854
PAY_006154,CUST_01634,1335.4,WALLET,,SUCCESS,2026-08-01 01:14:45.331407
PAY_006155,CUST_00962,828.13,UPI,,SUCCESS,2026-08-04 16:24:45.331934
PAY_006156,CUST_02452,2030.0,UPI,,SUCCESS,2026-08-17 10:31:45.332454
PAY_006157,CUST_04715,713.35,WALLET,,SUCCESS,2026-08-24 02:42:45.333006
PAY_006158,CUST_04961,1066.36,WALLET,BANK_TIMEOUT,FAILED,2026-08-22 20:30:45.333526
PAY_006159,CUST_01864,637.54,UPI,,SUCCESS,2026-08-17 12:50:45.334038
PAY_006160,CUST_01937,1493.14,UPI,,SUCCESS,2026-07-31 06:07:45.334558
PAY_006161,CUST_04597,100.0,UPI,,SUCCESS,2026-08-20 15:02:45.335085
PAY_006162,CUST_01388,814.12,WALLET,,SUCCESS,2026-08-26 14:10:45.335941
PAY_006163,CUST_00817,10927.22,UPI,,SUCCESS,2026-08-13 14:51:45.336587
PAY_006164,CUST_01512,1854.77,CARD,AUTHENTICATION_FAILED,FAILED,2026-08-05 21:07:45.337115
PAY_006165,CUST_02523,621.66,NETBANKING,,SUCCESS,2026-08-12 08:30:45.337691
PAY_006166,CUST_03389,596.14,WALLET,BANK_TIMEOUT,FAILED,2026-07-30 03:15:45.338207
PAY_006167,CUST_01960,7403.03,WALLET,,SUCCESS,2026-08-05 02:29:45.338912
PAY_006168,CUST_03933,444.22,NETBANKING,,SUCCESS,2026-08-04 10:44:45.339663
PAY_006169,CUST_01973,7698.31,WALLET,,SUCCESS,2026-08-18 06:03:45.340370
PAY_006170,CUST_02571,488.04,CARD,,SUCCESS,2026-08-01 13:38:45.340937
PAY_006171,CUST_00495,1037.78,UPI,,SUCCESS,2026-08-25 01:54:45.341448
PAY_006172,CUST_02942,1174.09,WALLET,,SUCCESS,2026-08-13 01:23:45.342007
PAY_006173,CUST_01262,530.83,UPI,,SUCCESS,2026-07-27 20:35:45.342619
PAY_006174,CUST_02848,285.43,UPI,,SUCCESS,2026-07-31 11:59:45.343154
PAY_006175,CUST_02757,1538.96,CARD,,SUCCESS,2026-08-15 10:21:45.343687
PAY_006176,CUST_00599,1390.16,UPI,,SUCCESS,2026-08-10 22:23:45.344194
PAY_006177,CUST_01675,1025.75,UPI,,SUCCESS,2026-08-23 07:43:45.344730
PAY_006178,CUST_04531,1044.42,UPI,,SUCCESS,2026-08-11 12:24:45.345247
PAY_006179,CUST_03460,1018.91,UPI,,SUCCESS,2026-08-08 02:00:45.345770
PAY_006180,CUST_00905,1125.2,WALLET,,SUCCESS,2026-08-18 08:13:45.346282
PAY_006181,CUST_01155,1132.93,WALLET,,SUCCESS,2026-08-01 20:27:45.346810
PAY_006182,CUST_02991,2134.99,NETBANKING,,SUCCESS,2026-08-11 10:38:45.347321
PAY_006183,CUST_00493,1436.42,NETBANKING,,SUCCESS,2026-08-18 19:11:45.347843
PAY_006184,CUST_03768,1852.24,WALLET,,SUCCESS,2026-08-12 14:13:45.348351
PAY_006185,CUST_03682,869.34,UPI,,SUCCESS,2026-08-20 11:08:45.348927
PAY_006186,CUST_00285,1074.77,NETBANKING,,SUCCESS,2026-08-04 15:25:45.349489
PAY_006187,CUST_03133,458.49,UPI,,SUCCESS,2026-08-05 13:17:45.350031
PAY_006188,CUST_03844,1451.88,NETBANKING,,SUCCESS,2026-08-03 02:15:45.350647
PAY_006189,CUST_01297,940.8,NETBANKING,,SUCCESS,2026-08-07 09:39:45.351165
PAY_006190,CUST_00029,2102.89,NETBANKING,,SUCCESS,2026-08-03 17:26:45.351687
PAY_006191,CUST_00551,378.76,CARD,,SUCCESS,2026-08-24 03:08:45.352195
PAY_006192,CUST_02106,991.12,UPI,AUTHENTICATION_FAILED,FAILED,2026-07-29 04:12:45.352770
PAY_006193,CUST_04582,1342.65,NETBANKING,,SUCCESS,2026-08-07 02:16:45.353282
PAY_006194,CUST_04268,1771.92,WALLET,,SUCCESS,2026-08-17 07:27:45.353802
PAY_006195,CUST_03975,3261.0,NETBANKING,,SUCCESS,2026-08-20 03:48:45.354310
PAY_006196,CUST_03576,2564.13,CARD,,SUCCESS,2026-08-06 09:16:45.354839
PAY_006197,CUST_02875,1549.16,UPI,,SUCCESS,2026-08-06 01:09:45.355439
PAY_006198,CUST_03857,598.52,WALLET,INSUFFICIENT_FUNDS,FAILED,2026-07-28 01:11:45.356205
PAY_006199,CUST_04027,1879.94,NETBANKING,,SUCCESS,2026-08-25 14:36:45.356949
PAY_006200,CUST_03818,7573.8,UPI,,SUCCESS,2026-08-05 02:30:45.357526
PAY_006201,CUST_02264,1707.73,UPI,BANK_TIMEOUT,FAILED,2026-08-13 09:41:45.358047
PAY_006202,CUST_04106,1152.11,NETBANKING,,SUCCESS,2026-08-21 17:23:45.358607
PAY_006203,CUST_02335,281.79,UPI,,SUCCESS,2026-08-09 13:55:45.359132
PAY_006204,CUST_03049,1758.01,WALLET,,SUCCESS,2026-08-18 14:14:45.359719
PAY_006205,CUST_00407,2321.5,WALLET,,SUCCESS,2026-08-22 02:48:45.360236
PAY_006206,CUST_04626,1035.06,UPI,,SUCCESS,2026-07-28 17:49:45.360787
PAY_006207,CUST_01989,1520.24,WALLET,,SUCCESS,2026-08-08 03:57:45.361318
PAY_006208,CUST_04722,2020.05,UPI,,SUCCESS,2026-08-14 09:50:45.361871
PAY_006209,CUST_00862,566.28,UPI,,SUCCESS,2026-08-04 16:11:45.362863
PAY_006210,CUST_02012,1296.29,CARD,BANK_TIMEOUT,FAILED,2026-08-05 07:38:45.363547
PAY_006211,CUST_03418,1762.17,CARD,,SUCCESS,2026-08-03 23:06:45.364115
PAY_006212,CUST_03006,1047.16,UPI,,SUCCESS,2026-08-10 19:18:45.364666
PAY_006213,CUST_03320,8394.77,CARD,,SUCCESS,2026-08-20 09:57:45.365192
PAY_006214,CUST_04696,2828.2,CARD,,SUCCESS,2026-08-18 13:12:45.365743
PAY_006215,CUST_03286,2764.53,CARD,,SUCCESS,2026-08-13 20:46:45.366257
PAY_006216,CUST_04173,1676.57,NETBANKING,NETWORK_ERROR,FAILED,2026-08-11 21:59:45.366908
PAY_006217,CUST_02100,1088.61,CARD,,SUCCESS,2026-08-10 11:56:45.367445
PAY_006218,CUST_02389,362.76,NETBANKING,,SUCCESS,2026-08-25 07:59:45.367961
PAY_006219,CUST_04931,2316.22,UPI,BANK_TIMEOUT,FAILED,2026-08-01 13:30:45.368488
PAY_006220,CUST_04212,1617.54,UPI,,SUCCESS,2026-08-16 09:39:45.369000
PAY_006221,CUST_01092,2714.31,UPI,,SUCCESS,2026-08-21 12:46:45.369518
PAY_006222,CUST_00349,474.78,NETBANKING,,SUCCESS,2026-08-25 10:26:45.370026
PAY_006223,CUST_03545,1550.97,NETBANKING,,SUCCESS,2026-08-17 22:43:45.370600
PAY_006224,CUST_03841,932.53,WALLET,,SUCCESS,2026-08-20 03:49:45.371198
PAY_006225,CUST_03524,1896.61,CARD,,SUCCESS,2026-08-26 10:31:45.371760
PAY_006226,CUST_03060,1044.92,WALLET,,SUCCESS,2026-08-13 14:55:45.372513
PAY_006227,CUST_02400,1617.81,NETBANKING,NETWORK_ERROR,FAILED,2026-08-01 11:00:45.373083
PAY_006228,CUST_04867,1644.93,WALLET,,SUCCESS,2026-08-02 22:19:45.373667
PAY_006229,CUST_03789,4346.54,CARD,,SUCCESS,2026-08-02 04:34:45.374179
PAY_006230,CUST_01472,1221.79,UPI,BANK_TIMEOUT,FAILED,2026-08-13 03:05:45.374698
PAY_006231,CUST_04762,1413.78,NETBANKING,BANK_DECLINED,FAILED,2026-08-15 17:54:45.375261
PAY_006232,CUST_01147,4531.67,NETBANKING,,SUCCESS,2026-08-21 00:59:45.375784
PAY_006233,CUST_00141,2054.19,UPI,,SUCCESS,2026-07-27 22:35:45.376302
PAY_006234,CUST_01841,1801.66,WALLET,,SUCCESS,2026-08-01 11:56:45.376825
PAY_006235,CUST_00514,1131.08,WALLET,,SUCCESS,2026-08-13 16:29:45.377390
PAY_006236,CUST_04844,7523.81,CARD,,SUCCESS,2026-08-01 17:28:45.377934
PAY_006237,CUST_03804,1810.39,UPI,AUTHENTICATION_FAILED,FAILED,2026-08-01 12:10:45.378519
PAY_006238,CUST_02783,1100.99,CARD,,SUCCESS,2026-08-25 18:13:45.379047
PAY_006239,CUST_04088,1410.83,NETBANKING,,SUCCESS,2026-08-04 03:14:45.379569
PAY_006240,CUST_02083,997.47,UPI,,SUCCESS,2026-08-16 10:33:45.380134
PAY_006241,CUST_03873,422.67,UPI,,SUCCESS,2026-08-20 03:30:45.380706
PAY_006242,CUST_00862,423.69,WALLET,BANK_DECLINED,FAILED,2026-08-15 21:13:45.381222
PAY_006243,CUST_02409,2328.88,WALLET,,SUCCESS,2026-07-30 15:36:45.381741
PAY_006244,CUST_00527,585.04,NETBANKING,,SUCCESS,2026-08-11 16:19:45.382250
PAY_006245,CUST_03184,1662.59,NETBANKING,,SUCCESS,2026-08-04 08:24:45.383127
PAY_006246,CUST_03810,538.02,NETBANKING,,SUCCESS,2026-08-25 20:06:45.383845
PAY_006247,CUST_01469,1172.16,NETBANKING,,SUCCESS,2026-08-18 07:05:45.384433
PAY_006248,CUST_00349,843.58,UPI,,SUCCESS,2026-08-07 17:06:45.385036
PAY_006249,CUST_00682,2007.86,WALLET,,SUCCESS,2026-08-01 00:10:45.385575
PAY_006250,CUST_00979,2125.24,NETBANKING,,SUCCESS,2026-08-10 10:26:45.386144
PAY_006251,CUST_00853,2871.7,WALLET,,SUCCESS,2026-08-26 02:44:45.386669
PAY_006252,CUST_03143,1697.47,UPI,,SUCCESS,2026-08-09 02:31:45.387184
PAY_006253,CUST_02075,1119.97,WALLET,,SUCCESS,2026-08-15 20:05:45.387700
PAY_006254,CUST_03147,100.0,NETBANKING,,SUCCESS,2026-08-09 21:22:45.388212
PAY_006255,CUST_04294,1995.73,UPI,,SUCCESS,2026-08-23 00:13:45.388842
PAY_006256,CUST_01699,1414.8,CARD,,SUCCESS,2026-08-06 13:44:45.389540
PAY_006257,CUST_03415,6426.18,CARD,,SUCCESS,2026-08-07 18:02:45.390065
PAY_006258,CUST_01455,881.23,UPI,,SUCCESS,2026-08-13 04:28:45.390591
PAY_006259,CUST_03405,1372.98,UPI,,SUCCESS,2026-08-20 09:57:45.391151
PAY_006260,CUST_02168,1428.88,UPI,,SUCCESS,2026-08-03 11:36:45.391717
PAY_006261,CUST_01171,1220.88,WALLET,,SUCCESS,2026-08-08 15:38:45.392275
PAY_006262,CUST_01252,807.35,CARD,,SUCCESS,2026-07-28 15:40:45.392802
PAY_006263,CUST_01077,954.5,WALLET,,SUCCESS,2026-08-13 07:50:45.393312
PAY_006264,CUST_03855,424.07,WALLET,,SUCCESS,2026-08-04 01:57:45.393885
PAY_006265,CUST_02734,1631.5,CARD,,SUCCESS,2026-08-12 01:57:45.394407
PAY_006266,CUST_04563,2315.21,UPI,,SUCCESS,2026-08-02 14:20:45.394921
PAY_006267,CUST_02495,1259.52,CARD,,SUCCESS,2026-08-15 20:18:45.395471
PAY_006268,CUST_01271,1446.84,NETBANKING,,SUCCESS,2026-08-18 20:42:45.396013
PAY_006269,CUST_03728,1271.5,UPI,,SUCCESS,2026-08-25 08:01:45.396539
PAY_006270,CUST_04038,756.72,WALLET,,SUCCESS,2026-08-21 01:14:45.397049
PAY_006271,CUST_01370,990.66,NETBANKING,BANK_DECLINED,FAILED,2026-08-15 13:31:45.397675
PAY_006272,CUST_01812,1116.4,WALLET,,SUCCESS,2026-07-30 11:08:45.398238
PAY_006273,CUST_02095,1539.23,NETBANKING,,SUCCESS,2026-08-12 10:27:45.398819
PAY_006274,CUST_00935,1503.42,UPI,,SUCCESS,2026-08-09 07:15:45.399417
PAY_006275,CUST_03843,1464.6,WALLET,,SUCCESS,2026-08-01 03:49:45.399976
PAY_006276,CUST_01048,1616.61,UPI,,SUCCESS,2026-08-19 09:46:45.400534
PAY_006277,CUST_04580,1474.04,NETBANKING,,SUCCESS,2026-08-06 04:59:45.401049
PAY_006278,CUST_02043,2096.07,CARD,,SUCCESS,2026-08-16 16:48:45.401573
PAY_006279,CUST_02992,585.43,NETBANKING,,SUCCESS,2026-07-30 11:45:45.402084
PAY_006280,CUST_02443,1572.85,CARD,,SUCCESS,2026-08-16 16:08:45.402601
PAY_006281,CUST_03300,2554.13,NETBANKING,,SUCCESS,2026-07-28 15:47:45.403114
PAY_006282,CUST_01347,1039.75,CARD,,SUCCESS,2026-08-02 21:02:45.403635
PAY_006283,CUST_00960,1238.83,UPI,,SUCCESS,2026-08-14 01:33:45.404146
PAY_006284,CUST_04275,1296.69,CARD,AUTHENTICATION_FAILED,FAILED,2026-08-06 23:39:45.404670
PAY_006285,CUST_01741,1946.01,UPI,,SUCCESS,2026-08-06 15:25:45.405220
PAY_006286,CUST_01147,3735.89,WALLET,,SUCCESS,2026-08-13 08:07:45.406100
PAY_006287,CUST_01750,1668.52,CARD,,SUCCESS,2026-08-20 19:46:45.406682
PAY_006288,CUST_03325,1187.53,UPI,NETWORK_ERROR,FAILED,2026-08-05 16:03:45.407210
PAY_006289,CUST_02956,1446.66,CARD,,SUCCESS,2026-08-21 08:39:45.407730
PAY_006290,CUST_01204,1338.1,CARD,,SUCCESS,2026-07-30 22:04:45.408240
PAY_006291,CUST_02579,936.53,WALLET,,SUCCESS,2026-08-09 09:08:45.408753
PAY_006292,CUST_01632,4778.84,WALLET,,SUCCESS,2026-08-26 13:28:45.409256
PAY_006293,CUST_02687,11673.97,CARD,,SUCCESS,2026-08-10 15:10:45.409767
PAY_006294,CUST_02469,2177.27,CARD,,SUCCESS,2026-08-21 06:35:45.410272
PAY_006295,CUST_02670,1333.25,CARD,,SUCCESS,2026-08-04 00:37:45.410787
PAY_006296,CUST_04528,615.05,NETBANKING,BANK_TIMEOUT,FAILED,2026-08-18 08:52:45.411299
PAY_006297,CUST_00835,7416.68,WALLET,,SUCCESS,2026-08-22 10:52:45.411812
PAY_006298,CUST_04898,8650.41,UPI,,SUCCESS,2026-08-21 22:50:45.412311
PAY_006299,CUST_00459,1129.16,CARD,,SUCCESS,2026-08-17 03:42:45.412873
PAY_006300,CUST_02400,1144.06,CARD,,SUCCESS,2026-08-04 12:19:45.413458
PAY_006301,CUST_03567,1704.37,UPI,,SUCCESS,2026-07-30 07:28:45.414401
PAY_006302,CUST_04579,1646.46,UPI,BANK_TIMEOUT,FAILED,2026-08-18 10:07:45.414998
PAY_006303,CUST_01352,1915.39,NETBANKING,,SUCCESS,2026-08-07 04:53:45.415526
PAY_006304,CUST_01689,6472.35,CARD,,SUCCESS,2026-08-18 09:40:45.416039
PAY_006305,CUST_01395,2376.51,WALLET,,SUCCESS,2026-08-14 00:12:45.416563
PAY_006306,CUST_02905,1831.96,UPI,,SUCCESS,2026-08-03 09:19:45.417067
PAY_006307,CUST_04440,1282.09,NETBANKING,,SUCCESS,2026-07-30 11:50:45.417583
PAY_006308,CUST_03432,1562.9,WALLET,,SUCCESS,2026-07-31 10:03:45.418095
PAY_006309,CUST_01097,491.88,CARD,,SUCCESS,2026-08-16 11:02:45.418670
PAY_006310,CUST_01118,3404.08,NETBANKING,INSUFFICIENT_FUNDS,FAILED,2026-08-20 13:33:45.419211
PAY_006311,CUST_02939,578.46,UPI,,SUCCESS,2026-08-09 06:17:45.419807
PAY_006312,CUST_04629,1738.46,WALLET,,SUCCESS,2026-08-05 14:27:45.420618
PAY_006313,CUST_00224,8790.37,UPI,,SUCCESS,2026-08-13 19:44:45.421308
PAY_006314,CUST_03067,367.21,NETBANKING,,SUCCESS,2026-08-06 17:05:45.421869
PAY_006315,CUST_04441,1716.01,CARD,,SUCCESS,2026-08-06 13:59:45.422619
PAY_006316,CUST_04925,1553.14,UPI,AUTHENTICATION_FAILED,FAILED,2026-08-13 07:53:45.423172
PAY_006317,CUST_04830,1460.21,NETBANKING,,SUCCESS,2026-08-17 21:00:45.423700
PAY_006318,CUST_04831,5480.34,UPI,,SUCCESS,2026-08-23 03:11:45.424210
PAY_006319,CUST_03928,374.5,WALLET,,SUCCESS,2026-08-07 07:29:45.424723
PAY_006320,CUST_02766,4324.0,WALLET,,SUCCESS,2026-08-11 07:31:45.425238
PAY_006321,CUST_00392,323.78,CARD,NETWORK_ERROR,FAILED,2026-07-28 06:58:45.425816
PAY_006322,CUST_01357,2880.03,WALLET,,SUCCESS,2026-08-23 17:48:45.426382
PAY_006323,CUST_03981,918.91,CARD,AUTHENTICATION_FAILED,FAILED,2026-08-22 20:21:45.426947
PAY_006324,CUST_00495,1660.76,NETBANKING,,SUCCESS,2026-08-05 02:06:45.427734
PAY_006325,CUST_04113,2258.37,WALLET,,SUCCESS,2026-08-23 09:51:45.428415
PAY_006326,CUST_03065,1018.7,UPI,,SUCCESS,2026-08-19 16:37:45.428938
PAY_006327,CUST_00053,2488.16,UPI,,SUCCESS,2026-08-21 14:29:45.429601
PAY_006328,CUST_01947,1039.78,WALLET,,SUCCESS,2026-08-25 16:37:45.430567
PAY_006329,CUST_02220,1026.36,WALLET,,SUCCESS,2026-07-28 23:54:45.431569
PAY_006330,CUST_04690,388.01,NETBANKING,,SUCCESS,2026-08-15 14:06:45.432533
PAY_006331,CUST_03117,1189.35,CARD,NETWORK_ERROR,FAILED,2026-08-21 04:25:45.433509
PAY_006332,CUST_00665,9690.12,CARD,,SUCCESS,2026-08-23 12:39:45.434563
PAY_006333,CUST_03831,2619.75,WALLET,,SUCCESS,2026-07-28 20:27:45.435404
PAY_006334,CUST_02940,893.52,NETBANKING,,SUCCESS,2026-07-28 08:03:45.436090
PAY_006335,CUST_03794,624.4,WALLET,,SUCCESS,2026-08-16 17:51:45.437119
PAY_006336,CUST_03440,1522.82,UPI,,SUCCESS,2026-08-23 00:05:45.438155
PAY_006337,CUST_01941,790.74,CARD,,SUCCESS,2026-07-30 04:40:45.439313
PAY_006338,CUST_03388,2194.68,UPI,,SUCCESS,2026-08-24 23:08:45.440562
PAY_006339,CUST_04347,664.93,CARD,NETWORK_ERROR,FAILED,2026-08-11 11:10:45.441721
PAY_006340,CUST_00418,955.52,CARD,,SUCCESS,2026-07-31 20:30:45.442714
PAY_006341,CUST_02231,1208.9,CARD,,SUCCESS,2026-08-15 17:08:45.443811
PAY_006342,CUST_02144,1454.97,UPI,,SUCCESS,2026-08-17 08:35:45.444766
PAY_006343,CUST_03009,2433.42,WALLET,BANK_DECLINED,FAILED,2026-07-30 12:08:45.445788
PAY_006344,CUST_04430,1081.08,WALLET,,SUCCESS,2026-08-09 11:50:45.446852
PAY_006345,CUST_04838,7211.37,CARD,,SUCCESS,2026-08-04 23:57:45.447830
PAY_006346,CUST_00207,678.45,NETBANKING,,SUCCESS,2026-08-22 02:04:45.449024
PAY_006347,CUST_02003,1217.18,CARD,,SUCCESS,2026-08-04 04:06:45.450101
PAY_006348,CUST_04864,962.94,UPI,,SUCCESS,2026-08-11 06:36:45.451096
PAY_006349,CUST_03977,530.05,CARD,,SUCCESS,2026-08-24 21:50:45.452094
PAY_006350,CUST_03861,1247.11,NETBANKING,BANK_TIMEOUT,FAILED,2026-08-09 03:15:45.453102
PAY_006351,CUST_04087,416.37,CARD,,SUCCESS,2026-08-07 07:25:45.454114
PAY_006352,CUST_01986,7026.82,CARD,,SUCCESS,2026-08-07 04:01:45.455136
PAY_006353,CUST_04704,394.72,CARD,,SUCCESS,2026-08-10 00:03:45.456511
PAY_006354,CUST_04082,206.22,CARD,NETWORK_ERROR,FAILED,2026-08-18 10:54:45.457811
PAY_006355,CUST_04111,1880.26,NETBANKING,,SUCCESS,2026-08-11 01:35:45.458665
PAY_006356,CUST_01885,252.12,CARD,,SUCCESS,2026-08-04 12:45:45.459413
PAY_006357,CUST_01598,1256.85,NETBANKING,,SUCCESS,2026-08-08 22:26:45.459954
PAY_006358,CUST_03969,1419.32,WALLET,,SUCCESS,2026-07-29 20:40:45.460522
PAY_006359,CUST_00685,1221.13,WALLET,,SUCCESS,2026-08-14 22:41:45.461039
PAY_006360,CUST_00757,1827.61,NETBANKING,,SUCCESS,2026-07-30 23:53:45.461680
PAY_006361,CUST_01874,4542.42,CARD,,SUCCESS,2026-08-14 02:29:45.462301
PAY_006362,CUST_03718,1108.08,NETBANKING,,SUCCESS,2026-08-10 01:21:45.463246
PAY_006363,CUST_02071,1521.15,UPI,,SUCCESS,2026-08-12 19:44:45.463812
PAY_006364,CUST_02085,1799.63,CARD,,SUCCESS,2026-08-12 10:55:45.464330
PAY_006365,CUST_01589,1419.57,WALLET,AUTHENTICATION_FAILED,FAILED,2026-08-20 21:18:45.464853
PAY_006366,CUST_00282,1788.05,WALLET,,SUCCESS,2026-08-11 21:43:45.465382
PAY_006367,CUST_04867,1518.4,NETBANKING,,SUCCESS,2026-08-21 18:53:45.465899
PAY_006368,CUST_00407,1247.76,UPI,,SUCCESS,2026-08-07 14:16:45.466420
PAY_006369,CUST_04903,388.55,WALLET,,SUCCESS,2026-08-07 18:26:45.466934
PAY_006370,CUST_01317,2226.17,CARD,,SUCCESS,2026-07-30 14:29:45.467451
PAY_006371,CUST_02095,1675.47,NETBANKING,,SUCCESS,2026-08-25 19:05:45.467960
PAY_006372,CUST_04301,7613.51,CARD,,SUCCESS,2026-08-15 01:43:45.468504
PAY_006373,CUST_04108,100.0,NETBANKING,,SUCCESS,2026-08-20 11:37:45.469066
PAY_006374,CUST_02102,897.89,UPI,BANK_DECLINED,FAILED,2026-08-06 21:28:45.469888
PAY_006375,CUST_02697,100.0,NETBANKING,,SUCCESS,2026-08-26 14:06:45.470659
PAY_006376,CUST_02626,1376.29,CARD,,SUCCESS,2026-08-13 11:10:45.471188
PAY_006377,CUST_02971,854.44,WALLET,,SUCCESS,2026-08-01 18:01:45.471721
PAY_006378,CUST_00085,530.48,UPI,,SUCCESS,2026-08-13 17:32:45.472560
PAY_006379,CUST_02399,731.75,WALLET,,SUCCESS,2026-07-31 23:18:45.473499
PAY_006380,CUST_03601,1165.8,CARD,,SUCCESS,2026-08-09 18:50:45.474069
PAY_006381,CUST_00512,1236.75,NETBANKING,BANK_TIMEOUT,FAILED,2026-08-05 21:34:45.474600
PAY_006382,CUST_02703,7224.61,CARD,AUTHENTICATION_FAILED,FAILED,2026-08-02 16:18:45.475113
PAY_006383,CUST_02065,1404.21,NETBANKING,,SUCCESS,2026-08-06 04:19:45.475680
PAY_006384,CUST_04114,238.57,CARD,,SUCCESS,2026-08-15 17:26:45.476218
PAY_006385,CUST_01292,1788.03,CARD,,SUCCESS,2026-08-24 05:36:45.477125
PAY_006386,CUST_01018,1660.34,NETBANKING,,SUCCESS,2026-08-12 09:00:45.477745
PAY_006387,CUST_02433,981.89,WALLET,NETWORK_ERROR,FAILED,2026-08-08 13:45:45.478258
PAY_006388,CUST_03665,4958.85,WALLET,,SUCCESS,2026-08-26 06:02:45.478769
PAY_006389,CUST_00796,7688.49,WALLET,,SUCCESS,2026-07-29 02:36:45.479282
PAY_006390,CUST_02454,2819.69,CARD,,SUCCESS,2026-08-03 02:39:45.479827
PAY_006391,CUST_04570,1778.33,UPI,,SUCCESS,2026-08-21 15:38:45.480339
PAY_006392,CUST_01403,1490.35,CARD,INSUFFICIENT_FUNDS,FAILED,2026-08-25 13:19:45.480860
PAY_006393,CUST_00484,8154.38,UPI,,SUCCESS,2026-08-03 05:05:45.481387
PAY_006394,CUST_00940,2957.53,NETBANKING,,SUCCESS,2026-08-21 00:42:45.481958
PAY_006395,CUST_00048,1424.59,NETBANKING,,SUCCESS,2026-08-02 01:37:45.482493
PAY_006396,CUST_01616,536.51,CARD,,SUCCESS,2026-08-07 13:00:45.483021
PAY_006397,CUST_02760,2023.01,WALLET,,SUCCESS,2026-08-25 17:49:45.483847
PAY_006398,CUST_00611,906.41,CARD,,SUCCESS,2026-08-02 04:46:45.484537
PAY_006399,CUST_01172,2056.99,WALLET,,SUCCESS,2026-07-28 17:52:45.485068
PAY_006400,CUST_04626,1165.05,CARD,NETWORK_ERROR,FAILED,2026-08-26 09:21:45.485596
PAY_006401,CUST_04356,1021.24,NETBANKING,,SUCCESS,2026-07-30 04:19:45.486108
PAY_006402,CUST_00195,1673.63,WALLET,,SUCCESS,2026-07-30 12:11:45.486628
PAY_006403,CUST_04435,1241.2,NETBANKING,NETWORK_ERROR,FAILED,2026-08-14 01:07:45.487124
PAY_006404,CUST_00654,1665.06,UPI,,SUCCESS,2026-08-21 14:39:45.487642
PAY_006405,CUST_01420,1718.67,CARD,,SUCCESS,2026-08-14 21:11:45.488150
PAY_006406,CUST_04843,1334.63,UPI,,SUCCESS,2026-08-01 02:55:45.488744
PAY_006407,CUST_01140,695.46,NETBANKING,,SUCCESS,2026-08-24 12:21:45.489403
PAY_006408,CUST_03045,1412.0,UPI,,SUCCESS,2026-08-23 06:17:45.489932
PAY_006409,CUST_00461,1923.22,NETBANKING,,SUCCESS,2026-08-13 12:11:45.490495
PAY_006410,CUST_04316,1936.04,WALLET,,SUCCESS,2026-08-11 02:04:45.491075
PAY_006411,CUST_01182,1052.25,UPI,,SUCCESS,2026-08-02 04:05:45.491972
PAY_006412,CUST_03535,8035.74,CARD,,SUCCESS,2026-08-02 22:37:45.492646
PAY_006413,CUST_02787,5425.36,UPI,,SUCCESS,2026-08-13 18:40:45.493281
PAY_006414,CUST_03724,1395.64,UPI,,SUCCESS,2026-08-23 23:58:45.493888
PAY_006415,CUST_01054,674.83,NETBANKING,,SUCCESS,2026-08-15 18:33:45.494480
PAY_006416,CUST_04932,1771.02,WALLET,,SUCCESS,2026-08-09 06:24:45.495052
PAY_006417,CUST_03660,1436.42,NETBANKING,,SUCCESS,2026-08-23 08:02:45.495655
PAY_006418,CUST_04944,2401.98,NETBANKING,,SUCCESS,2026-08-18 02:20:45.496232
PAY_006419,CUST_04868,1035.21,UPI,,SUCCESS,2026-08-14 07:07:45.496834
PAY_006420,CUST_02033,808.68,CARD,,SUCCESS,2026-08-05 01:31:45.497473
PAY_006421,CUST_00120,2099.38,NETBANKING,,SUCCESS,2026-08-10 18:07:45.498192
PAY_006422,CUST_01225,4727.9,CARD,,SUCCESS,2026-08-24 20:56:45.499016
PAY_006423,CUST_00826,1758.98,UPI,,SUCCESS,2026-08-22 02:15:45.499720
PAY_006424,CUST_00531,2402.32,NETBANKING,,SUCCESS,2026-08-09 10:15:45.500311
PAY_006425,CUST_04048,1219.02,UPI,,SUCCESS,2026-08-04 14:53:45.500886
PAY_006426,CUST_03998,1655.64,WALLET,,SUCCESS,2026-08-01 19:19:45.501468
PAY_006427,CUST_01228,4132.25,UPI,,SUCCESS,2026-07-30 02:34:45.502325
PAY_006428,CUST_00342,2531.44,WALLET,BANK_TIMEOUT,FAILED,2026-08-08 08:44:45.503592
PAY_006429,CUST_00152,1422.06,CARD,,SUCCESS,2026-08-04 18:31:45.506370
PAY_006430,CUST_03841,1499.06,WALLET,,SUCCESS,2026-08-22 12:51:45.507869
PAY_006431,CUST_02496,988.49,WALLET,,SUCCESS,2026-08-07 11:26:45.509283
PAY_006432,CUST_03669,1899.47,WALLET,,SUCCESS,2026-08-21 15:39:45.510560
PAY_006433,CUST_03377,351.64,WALLET,NETWORK_ERROR,FAILED,2026-08-06 19:52:45.511810
PAY_006434,CUST_04651,773.27,CARD,,SUCCESS,2026-08-17 17:17:45.513051
PAY_006435,CUST_02987,1026.51,UPI,,SUCCESS,2026-08-05 02:25:45.514285
PAY_006436,CUST_04100,1895.2,NETBANKING,,SUCCESS,2026-08-25 12:12:45.515951
PAY_006437,CUST_02883,2017.11,CARD,,SUCCESS,2026-08-09 17:21:45.516839
PAY_006438,CUST_04954,2141.02,NETBANKING,,SUCCESS,2026-07-28 11:52:45.523171
PAY_006439,CUST_03530,1374.48,NETBANKING,,SUCCESS,2026-08-07 13:57:45.524880
PAY_006440,CUST_03724,1808.59,CARD,,SUCCESS,2026-08-01 23:07:45.527344
PAY_006441,CUST_01571,829.94,NETBANKING,,SUCCESS,2026-08-15 21:22:45.528470
PAY_006442,CUST_01915,1231.67,CARD,,SUCCESS,2026-08-13 22:32:45.529957
PAY_006443,CUST_02895,1524.49,WALLET,INSUFFICIENT_FUNDS,FAILED,2026-08-22 11:55:45.531066
PAY_006444,CUST_00188,1974.71,WALLET,,SUCCESS,2026-08-11 12:48:45.532185
PAY_006445,CUST_00403,920.58,UPI,,SUCCESS,2026-08-11 18:09:45.533523
PAY_006446,CUST_02573,984.9,NETBANKING,,SUCCESS,2026-08-07 10:19:45.535383
PAY_006447,CUST_02971,1513.27,WALLET,,SUCCESS,2026-07-30 06:19:45.536832
PAY_006448,CUST_04045,2202.45,UPI,,SUCCESS,2026-08-17 13:48:45.538095
PAY_006449,CUST_02610,10509.62,NETBANKING,INSUFFICIENT_FUNDS,FAILED,2026-08-19 14:45:45.541200
PAY_006450,CUST_02815,1165.05,WALLET,,SUCCESS,2026-08-18 15:37:45.545595
PAY_006451,CUST_04832,1005.89,WALLET,,SUCCESS,2026-08-07 05:12:45.549846
PAY_006452,CUST_02918,1781.12,CARD,,SUCCESS,2026-08-15 04:18:45.551337
PAY_006453,CUST_01077,1502.67,NETBANKING,,SUCCESS,2026-08-24 00:00:45.552631
PAY_006454,CUST_03491,1022.06,CARD,AUTHENTICATION_FAILED,FAILED,2026-08-09 22:04:45.562097
PAY_006455,CUST_04310,765.12,WALLET,,SUCCESS,2026-08-21 22:33:45.563300
PAY_006456,CUST_04807,6245.82,UPI,,SUCCESS,2026-08-02 00:17:45.564641
PAY_006457,CUST_04366,894.77,CARD,,SUCCESS,2026-08-26 10:31:45.565941
PAY_006458,CUST_00637,1306.55,WALLET,,SUCCESS,2026-08-21 02:16:45.567118
PAY_006459,CUST_02644,1517.7,UPI,,SUCCESS,2026-07-28 17:01:45.568217
PAY_006460,CUST_01591,747.63,CARD,,SUCCESS,2026-08-01 12:03:45.569363
PAY_006461,CUST_03737,1961.83,CARD,,SUCCESS,2026-08-04 18:27:45.570556
PAY_006462,CUST_02989,1419.73,WALLET,,SUCCESS,2026-08-06 00:56:45.571614
PAY_006463,CUST_02024,3199.69,UPI,,SUCCESS,2026-08-21 06:51:45.572898
PAY_006464,CUST_01708,679.52,NETBANKING,,SUCCESS,2026-08-20 09:44:45.574181
PAY_006465,CUST_04003,1350.42,WALLET,,SUCCESS,2026-07-28 02:12:45.575503
PAY_006466,CUST_01602,1375.01,WALLET,,SUCCESS,2026-08-17 18:09:45.577007
PAY_006467,CUST_02275,426.46,UPI,BANK_TIMEOUT,FAILED,2026-08-06 15:27:45.578312
PAY_006468,CUST_02826,1447.87,CARD,,SUCCESS,2026-08-23 10:56:45.579513
PAY_006469,CUST_00143,2003.25,CARD,,SUCCESS,2026-08-14 02:30:45.580672
PAY_006470,CUST_04916,759.43,NETBANKING,,SUCCESS,2026-08-13 13:50:45.582182
PAY_006471,CUST_04182,2434.92,UPI,,SUCCESS,2026-08-10 21:54:45.583381
PAY_006472,CUST_04817,1778.76,WALLET,,SUCCESS,2026-08-06 10:36:45.584542
PAY_006473,CUST_01740,573.16,UPI,,SUCCESS,2026-07-29 14:43:45.585752
PAY_006474,CUST_03639,1199.05,WALLET,,SUCCESS,2026-08-21 07:28:45.587102
PAY_006475,CUST_00924,1082.9,WALLET,,SUCCESS,2026-08-21 20:33:45.588347
PAY_006476,CUST_03707,2210.22,WALLET,,SUCCESS,2026-08-10 20:44:45.590054
PAY_006477,CUST_00218,6571.63,WALLET,,SUCCESS,2026-08-06 01:37:45.591324
PAY_006478,CUST_01175,2890.39,UPI,,SUCCESS,2026-07-30 03:35:45.592620
PAY_006479,CUST_01533,1747.99,WALLET,,SUCCESS,2026-08-02 22:31:45.594113
PAY_006480,CUST_04439,1585.05,CARD,,SUCCESS,2026-08-13 16:46:45.599588
PAY_006481,CUST_01559,1304.34,UPI,,SUCCESS,2026-08-25 23:48:45.600837
PAY_006482,CUST_03261,6338.38,NETBANKING,,SUCCESS,2026-08-19 20:29:45.602473
PAY_006483,CUST_03693,1855.08,NETBANKING,,SUCCESS,2026-08-20 11:42:45.605033
PAY_006484,CUST_02920,969.64,WALLET,,SUCCESS,2026-08-10 04:43:45.606942
PAY_006485,CUST_03397,1832.5,WALLET,,SUCCESS,2026-07-29 09:09:45.608078
PAY_006486,CUST_00084,826.3,CARD,,SUCCESS,2026-08-20 23:57:45.609214
PAY_006487,CUST_02016,516.46,UPI,,SUCCESS,2026-08-15 00:40:45.613427
PAY_006488,CUST_02944,2028.41,UPI,,SUCCESS,2026-08-05 21:54:45.614653
PAY_006489,CUST_00811,967.18,NETBANKING,NETWORK_ERROR,FAILED,2026-08-15 17:11:45.615784
PAY_006490,CUST_01347,633.72,UPI,,SUCCESS,2026-08-11 13:26:45.617073
PAY_006491,CUST_01305,724.26,UPI,,SUCCESS,2026-08-23 00:38:45.619331
PAY_006492,CUST_03267,1685.0,NETBANKING,,SUCCESS,2026-08-25 02:18:45.620695
PAY_006493,CUST_02784,1470.49,UPI,,SUCCESS,2026-08-24 18:58:45.622571
PAY_006494,CUST_04067,1655.46,CARD,NETWORK_ERROR,FAILED,2026-08-26 09:08:45.623869
PAY_006495,CUST_04529,4881.69,UPI,INSUFFICIENT_FUNDS,FAILED,2026-08-08 12:31:45.625750
PAY_006496,CUST_03707,1809.95,CARD,,SUCCESS,2026-08-14 21:05:45.627203
PAY_006497,CUST_03878,1019.54,NETBANKING,,SUCCESS,2026-07-30 13:50:45.629296
PAY_006498,CUST_03226,1538.02,CARD,,SUCCESS,2026-08-16 17:52:45.630811
PAY_006499,CUST_04739,1645.94,CARD,,SUCCESS,2026-08-10 11:40:45.632301
PAY_006500,CUST_02961,1666.63,UPI,,SUCCESS,2026-07-30 11:23:45.633532
PAY_006501,CUST_01612,782.93,NETBANKING,,SUCCESS,2026-07-31 19:47:45.637994
PAY_006502,CUST_00030,508.15,UPI,,SUCCESS,2026-08-15 07:28:45.641444
PAY_006503,CUST_03097,1664.31,WALLET,,SUCCESS,2026-07-28 22:51:45.642850
PAY_006504,CUST_00020,860.11,NETBANKING,,SUCCESS,2026-08-15 20:40:45.646402
PAY_006505,CUST_03603,1109.13,UPI,,SUCCESS,2026-08-17 08:03:45.647573
PAY_006506,CUST_01462,7859.08,WALLET,,SUCCESS,2026-08-20 11:22:45.648891
PAY_006507,CUST_00747,1577.33,WALLET,,SUCCESS,2026-08-07 12:32:45.650099
PAY_006508,CUST_04785,1953.32,CARD,,SUCCESS,2026-08-12 15:52:45.651331
PAY_006509,CUST_01945,1701.34,NETBANKING,,SUCCESS,2026-08-14 18:40:45.652612
PAY_006510,CUST_00886,1360.32,CARD,,SUCCESS,2026-08-04 02:52:45.653839
PAY_006511,CUST_00430,3220.46,NETBANKING,,SUCCESS,2026-08-26 16:01:45.655207
PAY_006512,CUST_02290,566.8,UPI,INSUFFICIENT_FUNDS,FAILED,2026-08-25 20:10:45.656738
PAY_006513,CUST_04657,1079.15,UPI,,SUCCESS,2026-08-22 20:33:45.657946
PAY_006514,CUST_03786,1273.61,WALLET,,SUCCESS,2026-08-25 23:48:45.659044
PAY_006515,CUST_00868,1739.61,UPI,,SUCCESS,2026-08-01 07:47:45.660277
PAY_006516,CUST_02582,5831.73,NETBANKING,,SUCCESS,2026-08-17 07:10:45.661576
PAY_006517,CUST_00547,1000.89,WALLET,,SUCCESS,2026-08-21 13:46:45.662695
PAY_006518,CUST_04704,334.93,CARD,,SUCCESS,2026-08-24 04:36:45.664302
PAY_006519,CUST_04342,2249.05,CARD,,SUCCESS,2026-08-16 02:46:45.665521
PAY_006520,CUST_02453,947.61,WALLET,,SUCCESS,2026-07-27 22:57:45.666667
PAY_006521,CUST_03150,2124.46,WALLET,,SUCCESS,2026-07-30 13:24:45.667878
PAY_006522,CUST_01030,2341.27,CARD,,SUCCESS,2026-08-26 04:49:45.669202
PAY_006523,CUST_02154,1318.94,UPI,,SUCCESS,2026-08-24 04:46:45.670408
PAY_006524,CUST_02811,1945.42,UPI,,SUCCESS,2026-08-02 19:59:45.671624
PAY_006525,CUST_01376,1110.88,CARD,,SUCCESS,2026-08-23 18:49:45.672944
PAY_006526,CUST_01784,1954.13,UPI,,SUCCESS,2026-08-26 15:00:45.674199
PAY_006527,CUST_02992,416.87,NETBANKING,,SUCCESS,2026-08-02 14:07:45.675700
PAY_006528,CUST_03021,1174.35,CARD,,SUCCESS,2026-08-02 19:33:45.676950
PAY_006529,CUST_02643,3658.29,CARD,,SUCCESS,2026-08-11 11:57:45.680617
PAY_006530,CUST_03370,1275.58,NETBANKING,,SUCCESS,2026-08-23 20:27:45.684679
PAY_006531,CUST_01652,1083.85,CARD,,SUCCESS,2026-07-29 08:13:45.685916
PAY_006532,CUST_04752,2130.35,CARD,,SUCCESS,2026-08-24 12:57:45.687109
PAY_006533,CUST_01118,3557.61,CARD,,SUCCESS,2026-07-28 23:05:45.688301
PAY_006534,CUST_01886,2465.09,WALLET,,SUCCESS,2026-08-22 18:11:45.690351
PAY_006535,CUST_03119,859.03,WALLET,NETWORK_ERROR,FAILED,2026-08-19 00:46:45.691630
PAY_006536,CUST_01395,1602.56,UPI,,SUCCESS,2026-08-03 11:48:45.692920
PAY_006537,CUST_03745,1199.36,UPI,,SUCCESS,2026-08-20 09:36:45.694456
PAY_006538,CUST_02802,1655.77,WALLET,,SUCCESS,2026-08-03 02:59:45.696018
PAY_006539,CUST_00422,1152.7,NETBANKING,NETWORK_ERROR,FAILED,2026-08-15 02:47:45.697385
PAY_006540,CUST_03228,1001.36,UPI,,SUCCESS,2026-08-10 23:20:45.698701
PAY_006541,CUST_02062,6478.71,CARD,,SUCCESS,2026-08-23 10:26:45.700149
PAY_006542,CUST_02395,355.23,UPI,,SUCCESS,2026-08-25 03:11:45.701484
PAY_006543,CUST_01973,8102.78,CARD,,SUCCESS,2026-08-15 15:48:45.702725
PAY_006544,CUST_03109,1317.83,WALLET,NETWORK_ERROR,FAILED,2026-08-17 13:22:45.703882
PAY_006545,CUST_04086,242.53,NETBANKING,,SUCCESS,2026-08-20 10:30:45.704952
PAY_006546,CUST_04698,1095.2,UPI,BANK_DECLINED,FAILED,2026-08-20 10:02:45.706435
PAY_006547,CUST_04088,1529.38,CARD,,SUCCESS,2026-08-05 04:44:45.707868
PAY_006548,CUST_01209,2613.75,NETBANKING,,SUCCESS,2026-07-28 07:29:45.709169
PAY_006549,CUST_01808,2203.48,UPI,NETWORK_ERROR,FAILED,2026-08-04 16:14:45.710554
PAY_006550,CUST_01954,1939.65,UPI,,SUCCESS,2026-08-03 14:49:45.711939
PAY_006551,CUST_04845,1557.56,WALLET,,SUCCESS,2026-08-21 02:03:45.713144
PAY_006552,CUST_03311,1356.83,CARD,,SUCCESS,2026-08-08 03:57:45.714166
PAY_006553,CUST_03764,1457.09,WALLET,,SUCCESS,2026-08-01 23:52:45.715123
PAY_006554,CUST_04808,1404.28,NETBANKING,,SUCCESS,2026-08-25 16:02:45.716671
PAY_006555,CUST_02949,1333.15,WALLET,INSUFFICIENT_FUNDS,FAILED,2026-08-05 20:33:45.717825
PAY_006556,CUST_03243,1846.79,CARD,,SUCCESS,2026-07-30 20:07:45.718844
PAY_006557,CUST_01983,1335.9,WALLET,NETWORK_ERROR,FAILED,2026-08-06 23:46:45.719899
PAY_006558,CUST_02893,806.24,UPI,,SUCCESS,2026-07-31 20:25:45.721009
PAY_006559,CUST_00895,2467.15,CARD,,SUCCESS,2026-08-06 10:02:45.722214
PAY_006560,CUST_01369,1089.83,UPI,,SUCCESS,2026-08-08 19:14:45.723451
PAY_006561,CUST_00956,9612.23,NETBANKING,,SUCCESS,2026-08-19 02:16:45.724879
PAY_006562,CUST_00234,1238.96,UPI,,SUCCESS,2026-08-05 16:17:45.726442
PAY_006563,CUST_01144,1181.79,CARD,,SUCCESS,2026-08-12 07:33:45.727539
PAY_006564,CUST_04688,2460.29,UPI,,SUCCESS,2026-08-20 14:47:45.728780
PAY_006565,CUST_00826,1633.63,WALLET,,SUCCESS,2026-08-04 22:17:45.730061
PAY_006566,CUST_02092,652.14,WALLET,,SUCCESS,2026-08-12 02:23:45.732219
PAY_006567,CUST_03924,711.49,WALLET,,SUCCESS,2026-08-09 11:37:45.733526
PAY_006568,CUST_03134,979.88,CARD,,SUCCESS,2026-08-01 10:26:45.734769
PAY_006569,CUST_03979,1653.48,UPI,,SUCCESS,2026-08-12 08:32:45.736253
PAY_006570,CUST_02662,2974.42,UPI,BANK_DECLINED,FAILED,2026-08-21 02:34:45.737969
PAY_006571,CUST_01361,2620.66,UPI,,SUCCESS,2026-08-09 03:35:45.740163
PAY_006572,CUST_04722,1649.51,CARD,,SUCCESS,2026-07-31 18:28:45.741742
PAY_006573,CUST_02419,132.34,CARD,AUTHENTICATION_FAILED,FAILED,2026-08-10 17:52:45.743034
PAY_006574,CUST_01235,606.09,NETBANKING,,SUCCESS,2026-08-22 13:30:45.744475
PAY_006575,CUST_01460,2299.05,WALLET,,SUCCESS,2026-08-23 03:11:45.745758
PAY_006576,CUST_03941,2231.81,NETBANKING,,SUCCESS,2026-08-02 20:48:45.746984
PAY_006577,CUST_04937,1266.0,UPI,,SUCCESS,2026-07-28 03:17:45.748099
PAY_006578,CUST_01423,1029.58,UPI,,SUCCESS,2026-08-26 14:07:45.749111
PAY_006579,CUST_04248,1284.77,CARD,,SUCCESS,2026-08-14 20:49:45.750212
PAY_006580,CUST_00511,2145.75,CARD,,SUCCESS,2026-08-02 23:47:45.751349
PAY_006581,CUST_01674,7254.67,WALLET,,SUCCESS,2026-08-10 21:02:45.752544
PAY_006582,CUST_03774,7928.84,UPI,,SUCCESS,2026-07-29 06:37:45.753547
PAY_006583,CUST_03695,1898.12,UPI,,SUCCESS,2026-08-20 08:33:45.754264
PAY_006584,CUST_00723,1740.26,UPI,,SUCCESS,2026-08-21 03:59:45.754911
PAY_006585,CUST_04094,1432.07,CARD,,SUCCESS,2026-08-11 07:37:45.755860
PAY_006586,CUST_04187,477.59,UPI,,SUCCESS,2026-07-28 11:44:45.756905
PAY_006587,CUST_03851,2210.27,UPI,,SUCCESS,2026-08-04 07:57:45.757775
PAY_006588,CUST_03430,5760.54,UPI,,SUCCESS,2026-08-08 12:20:45.758445
PAY_006589,CUST_02674,417.04,NETBANKING,,SUCCESS,2026-08-19 23:52:45.759167
PAY_006590,CUST_04466,753.31,CARD,,SUCCESS,2026-08-16 10:52:45.759982
PAY_006591,CUST_00565,843.6,WALLET,,SUCCESS,2026-07-30 06:21:45.760633
PAY_006592,CUST_03040,1899.64,UPI,,SUCCESS,2026-07-28 22:23:45.761227
PAY_006593,CUST_00910,623.13,WALLET,,SUCCESS,2026-08-19 03:13:45.761842
PAY_006594,CUST_04096,533.1,UPI,,SUCCESS,2026-08-04 02:24:45.762444
PAY_006595,CUST_00700,783.65,UPI,,SUCCESS,2026-08-20 14:13:45.762962
PAY_006596,CUST_00589,1740.78,CARD,,SUCCESS,2026-08-09 06:28:45.763494
PAY_006597,CUST_04127,2146.19,WALLET,,SUCCESS,2026-08-20 11:10:45.764000
PAY_006598,CUST_01961,2043.53,WALLET,,SUCCESS,2026-08-10 05:51:45.764523
PAY_006599,CUST_02134,1871.24,NETBANKING,,SUCCESS,2026-08-25 15:42:45.765079
PAY_006600,CUST_03874,1080.57,NETBANKING,,SUCCESS,2026-08-04 06:24:45.765757
PAY_006601,CUST_04546,1293.98,UPI,,SUCCESS,2026-07-28 13:38:45.766605
PAY_006602,CUST_01474,603.07,NETBANKING,,SUCCESS,2026-08-08 23:46:45.767149
PAY_006603,CUST_04349,1279.56,NETBANKING,,SUCCESS,2026-08-08 05:13:45.767689
PAY_006604,CUST_00393,1536.13,WALLET,,SUCCESS,2026-08-15 03:34:45.768201
PAY_006605,CUST_04128,622.62,WALLET,AUTHENTICATION_FAILED,FAILED,2026-08-04 08:27:45.768723
PAY_006606,CUST_03878,1262.0,NETBANKING,,SUCCESS,2026-07-28 09:20:45.769236
PAY_006607,CUST_03556,8806.0,NETBANKING,,SUCCESS,2026-08-16 19:49:45.769771
PAY_006608,CUST_04123,2212.35,UPI,,SUCCESS,2026-08-14 00:17:45.770284
PAY_006609,CUST_01350,2068.53,WALLET,,SUCCESS,2026-08-01 19:15:45.770805
PAY_006610,CUST_00083,1032.38,WALLET,,SUCCESS,2026-08-10 16:17:45.771317
PAY_006611,CUST_00119,1427.12,CARD,,SUCCESS,2026-08-14 14:31:45.771860
PAY_006612,CUST_01426,1227.2,NETBANKING,,SUCCESS,2026-08-01 05:30:45.772630
PAY_006613,CUST_04878,1439.44,CARD,,SUCCESS,2026-08-10 17:07:45.773413
PAY_006614,CUST_04695,1353.53,WALLET,,SUCCESS,2026-07-29 02:46:45.774200
PAY_006615,CUST_02111,1278.29,WALLET,,SUCCESS,2026-08-04 06:43:45.774911
PAY_006616,CUST_04223,1067.98,WALLET,,SUCCESS,2026-08-13 03:30:45.775496
PAY_006617,CUST_00797,1264.04,CARD,,SUCCESS,2026-08-19 18:23:45.776067
PAY_006618,CUST_03546,1643.81,WALLET,NETWORK_ERROR,FAILED,2026-08-10 04:17:45.776643
PAY_006619,CUST_04432,1312.12,UPI,,SUCCESS,2026-08-03 16:07:45.777211
PAY_006620,CUST_04683,1133.74,NETBANKING,,SUCCESS,2026-08-15 16:41:45.777778
PAY_006621,CUST_01309,1976.74,WALLET,,SUCCESS,2026-07-30 00:30:45.778366
PAY_006622,CUST_00703,1067.85,NETBANKING,,SUCCESS,2026-08-13 02:21:45.778959
PAY_006623,CUST_04883,1329.15,WALLET,,SUCCESS,2026-07-30 14:43:45.779649
PAY_006624,CUST_04010,1438.99,UPI,,SUCCESS,2026-08-10 14:00:45.780401
PAY_006625,CUST_00903,100.0,NETBANKING,BANK_DECLINED,FAILED,2026-08-24 01:48:45.781001
PAY_006626,CUST_03591,874.56,UPI,,SUCCESS,2026-07-30 16:01:45.781579
PAY_006627,CUST_01588,5924.26,NETBANKING,,SUCCESS,2026-08-08 13:00:45.782145
PAY_006628,CUST_00456,1256.76,UPI,,SUCCESS,2026-08-24 11:01:45.782724
PAY_006629,CUST_02837,2985.58,NETBANKING,,SUCCESS,2026-08-18 22:46:45.783294
PAY_006630,CUST_03518,1471.07,CARD,,SUCCESS,2026-07-31 23:24:45.783871
PAY_006631,CUST_02276,618.78,WALLET,NETWORK_ERROR,FAILED,2026-08-16 10:38:45.784451
PAY_006632,CUST_00665,9132.97,WALLET,,SUCCESS,2026-08-20 07:54:45.785018
PAY_006633,CUST_01210,987.84,NETBANKING,,SUCCESS,2026-08-14 12:21:45.785582
PAY_006634,CUST_03476,1084.24,NETBANKING,,SUCCESS,2026-07-29 03:58:45.786169
PAY_006635,CUST_04014,941.32,UPI,,SUCCESS,2026-08-15 18:53:45.786880
PAY_006636,CUST_00870,1950.49,UPI,,SUCCESS,2026-08-23 21:35:45.787579
PAY_006637,CUST_02061,590.07,NETBANKING,,SUCCESS,2026-08-01 08:12:45.788167
PAY_006638,CUST_01019,1619.93,UPI,,SUCCESS,2026-08-10 15:50:45.788839
PAY_006639,CUST_03501,738.67,CARD,BANK_TIMEOUT,FAILED,2026-08-13 03:18:45.789486
PAY_006640,CUST_01998,1148.29,UPI,,SUCCESS,2026-07-27 20:14:45.790017
PAY_006641,CUST_00959,1356.94,UPI,,SUCCESS,2026-08-12 14:28:45.790654
PAY_006642,CUST_03092,398.21,CARD,BANK_TIMEOUT,FAILED,2026-08-20 10:45:45.791236
PAY_006643,CUST_03778,7320.84,NETBANKING,,SUCCESS,2026-08-16 04:53:45.791819
PAY_006644,CUST_01675,631.81,WALLET,,SUCCESS,2026-07-29 13:11:45.792362
PAY_006645,CUST_01601,100.0,NETBANKING,,SUCCESS,2026-08-18 05:26:45.792933
PAY_006646,CUST_04752,1715.25,UPI,,SUCCESS,2026-08-21 16:54:45.793506
PAY_006647,CUST_00614,1688.78,NETBANKING,,SUCCESS,2026-07-31 13:37:45.794507
PAY_006648,CUST_04952,1584.67,CARD,NETWORK_ERROR,FAILED,2026-08-10 11:53:45.795237
PAY_006649,CUST_03858,1264.97,WALLET,,SUCCESS,2026-08-14 18:18:45.795798
PAY_006650,CUST_02390,1293.81,WALLET,,SUCCESS,2026-08-09 11:29:45.796536
PAY_006651,CUST_02625,1394.9,NETBANKING,,SUCCESS,2026-08-21 17:37:45.797131
PAY_006652,CUST_01040,1689.07,NETBANKING,,SUCCESS,2026-08-04 05:13:45.797721
PAY_006653,CUST_04625,1061.08,CARD,,SUCCESS,2026-08-01 13:45:45.798243
PAY_006654,CUST_00032,11055.66,NETBANKING,,SUCCESS,2026-08-10 22:09:45.798763
PAY_006655,CUST_04609,2371.7,UPI,,SUCCESS,2026-08-14 23:23:45.799260
PAY_006656,CUST_01301,1120.29,WALLET,,SUCCESS,2026-08-24 22:07:45.799821
PAY_006657,CUST_01635,374.27,UPI,,SUCCESS,2026-07-31 04:20:45.800357
PAY_006658,CUST_01502,1106.07,UPI,BANK_TIMEOUT,FAILED,2026-08-05 02:16:45.801221
PAY_006659,CUST_02740,1210.64,NETBANKING,,SUCCESS,2026-08-11 03:07:45.801860
PAY_006660,CUST_04453,900.73,NETBANKING,,SUCCESS,2026-08-16 18:40:45.802385
PAY_006661,CUST_01673,7959.66,UPI,,SUCCESS,2026-08-07 18:26:45.802894
PAY_006662,CUST_04580,1730.17,CARD,,SUCCESS,2026-08-02 00:53:45.803415
PAY_006663,CUST_04251,1787.04,WALLET,,SUCCESS,2026-08-06 01:12:45.803929
PAY_006664,CUST_00459,1341.1,WALLET,,SUCCESS,2026-08-15 09:37:45.804446
PAY_006665,CUST_02795,2021.53,CARD,,SUCCESS,2026-08-22 19:59:45.804961
PAY_006666,CUST_04612,2422.56,WALLET,,SUCCESS,2026-08-09 17:46:45.805867
PAY_006667,CUST_04292,2640.98,CARD,,SUCCESS,2026-08-07 10:13:45.807066
PAY_006668,CUST_02671,1486.66,UPI,,SUCCESS,2026-08-18 21:02:45.807760
PAY_006669,CUST_00033,1899.6,UPI,,SUCCESS,2026-08-03 09:47:45.808578
PAY_006670,CUST_00137,2506.34,UPI,,SUCCESS,2026-08-03 12:33:45.809466
PAY_006671,CUST_02832,411.65,WALLET,,SUCCESS,2026-08-08 22:26:45.810023
PAY_006672,CUST_01886,2524.65,UPI,,SUCCESS,2026-08-07 11:52:45.810563
PAY_006673,CUST_01123,1844.37,UPI,,SUCCESS,2026-07-30 07:41:45.811081
PAY_006674,CUST_02140,1285.37,CARD,,SUCCESS,2026-08-25 20:50:45.811590
PAY_006675,CUST_02293,5175.64,CARD,,SUCCESS,2026-07-29 15:21:45.812100
PAY_006676,CUST_00716,1843.95,UPI,,SUCCESS,2026-08-06 22:50:45.812633
PAY_006677,CUST_03184,1906.81,UPI,,SUCCESS,2026-08-12 15:26:45.813145
PAY_006678,CUST_00053,2210.61,NETBANKING,,SUCCESS,2026-07-29 18:32:45.813662
PAY_006679,CUST_00573,7526.67,CARD,,SUCCESS,2026-08-21 02:18:45.814177
PAY_006680,CUST_01956,844.05,WALLET,,SUCCESS,2026-08-06 17:30:45.814758
PAY_006681,CUST_00336,1178.24,UPI,,SUCCESS,2026-08-18 21:39:45.815385
PAY_006682,CUST_03676,1176.45,CARD,,SUCCESS,2026-08-14 00:36:45.816281
PAY_006683,CUST_04229,2069.44,UPI,,SUCCESS,2026-08-12 17:50:45.816831
PAY_006684,CUST_04807,6051.51,UPI,,SUCCESS,2026-07-27 20:38:45.817346
PAY_006685,CUST_01798,515.88,CARD,,SUCCESS,2026-08-24 04:25:45.817871
PAY_006686,CUST_04100,2194.42,CARD,,SUCCESS,2026-08-08 13:10:45.818421
PAY_006687,CUST_02470,1648.23,UPI,,SUCCESS,2026-08-20 04:46:45.818984
PAY_006688,CUST_00223,1288.18,CARD,,SUCCESS,2026-08-21 21:56:45.819510
PAY_006689,CUST_02722,1042.65,CARD,,SUCCESS,2026-08-05 08:00:45.820028
PAY_006690,CUST_00489,1080.06,NETBANKING,,SUCCESS,2026-08-06 16:34:45.820560
PAY_006691,CUST_01660,1976.39,CARD,,SUCCESS,2026-07-30 04:33:45.821098
PAY_006692,CUST_02284,941.66,UPI,,SUCCESS,2026-08-11 17:05:45.821776
PAY_006693,CUST_02117,1541.27,UPI,,SUCCESS,2026-08-13 19:19:45.822965
PAY_006694,CUST_04066,1014.43,CARD,,SUCCESS,2026-08-22 21:57:45.823607
PAY_006695,CUST_01197,991.17,CARD,,SUCCESS,2026-07-28 08:17:45.824153
PAY_006696,CUST_02059,1931.16,WALLET,,SUCCESS,2026-07-29 19:05:45.824715
PAY_006697,CUST_03211,750.66,UPI,,SUCCESS,2026-08-25 01:13:45.825226
PAY_006698,CUST_00060,1187.45,CARD,,SUCCESS,2026-07-31 03:37:45.825781
PAY_006699,CUST_01624,1047.27,UPI,,SUCCESS,2026-07-28 13:05:45.826306
PAY_006700,CUST_03156,948.54,UPI,NETWORK_ERROR,FAILED,2026-08-20 02:14:45.826861
PAY_006701,CUST_03835,1332.03,UPI,,SUCCESS,2026-08-05 12:01:45.827373
PAY_006702,CUST_00308,1470.9,WALLET,,SUCCESS,2026-08-11 07:48:45.827928
PAY_006703,CUST_01837,1643.28,WALLET,,SUCCESS,2026-08-17 01:32:45.828542
PAY_006704,CUST_02031,726.85,UPI,,SUCCESS,2026-08-07 08:05:45.829362
PAY_006705,CUST_03532,546.08,UPI,BANK_TIMEOUT,FAILED,2026-08-03 21:00:45.830257
PAY_006706,CUST_01187,1307.06,CARD,,SUCCESS,2026-08-19 15:41:45.830840
PAY_006707,CUST_00987,100.0,CARD,NETWORK_ERROR,FAILED,2026-07-31 23:20:45.831351
PAY_006708,CUST_00516,1003.86,NETBANKING,,SUCCESS,2026-08-06 15:23:45.831914
PAY_006709,CUST_00942,2269.65,WALLET,,SUCCESS,2026-08-06 23:35:45.832462
PAY_006710,CUST_01669,1226.77,UPI,,SUCCESS,2026-08-25 13:29:45.832969
PAY_006711,CUST_02511,482.77,WALLET,,SUCCESS,2026-08-04 14:35:45.833524
PAY_006712,CUST_01709,1840.49,NETBANKING,BANK_DECLINED,FAILED,2026-07-30 17:08:45.834046
PAY_006713,CUST_04421,6394.16,UPI,,SUCCESS,2026-08-09 19:17:45.834595
PAY_006714,CUST_04726,1287.78,UPI,,SUCCESS,2026-08-15 05:07:45.835143
PAY_006715,CUST_02420,652.29,UPI,,SUCCESS,2026-08-26 07:34:45.835767
PAY_006716,CUST_00040,2263.0,CARD,,SUCCESS,2026-08-26 12:27:45.836807
PAY_006717,CUST_00622,1225.78,WALLET,,SUCCESS,2026-08-03 02:05:45.837794
PAY_006718,CUST_04731,1728.08,WALLET,,SUCCESS,2026-08-01 12:43:45.838418
PAY_006719,CUST_01333,1549.3,CARD,,SUCCESS,2026-08-12 16:37:45.839396
PAY_006720,CUST_01589,1761.16,UPI,,SUCCESS,2026-08-19 01:05:45.839963
PAY_006721,CUST_01115,2337.37,WALLET,,SUCCESS,2026-08-06 04:32:45.840496
PAY_006722,CUST_00916,949.36,UPI,,SUCCESS,2026-08-15 23:12:45.841030
PAY_006723,CUST_00226,1118.78,UPI,,SUCCESS,2026-08-14 09:34:45.841594
PAY_006724,CUST_02293,5465.87,CARD,BANK_DECLINED,FAILED,2026-08-08 05:08:45.842152
PAY_006725,CUST_02673,6933.92,WALLET,,SUCCESS,2026-08-10 22:47:45.842713
PAY_006726,CUST_02818,2006.82,UPI,,SUCCESS,2026-08-02 08:54:45.843606
PAY_006727,CUST_02409,2092.46,CARD,,SUCCESS,2026-08-15 20:38:45.844163
PAY_006728,CUST_00629,2023.23,UPI,,SUCCESS,2026-08-24 18:06:45.844689
PAY_006729,CUST_03912,1099.94,CARD,AUTHENTICATION_FAILED,FAILED,2026-08-20 18:31:45.845197
PAY_006730,CUST_01310,1071.25,UPI,,SUCCESS,2026-08-24 13:56:45.845768
PAY_006731,CUST_02157,623.17,NETBANKING,,SUCCESS,2026-08-22 05:30:45.846285
PAY_006732,CUST_00681,664.82,NETBANKING,,SUCCESS,2026-08-09 16:57:45.846795
PAY_006733,CUST_00804,100.0,NETBANKING,INSUFFICIENT_FUNDS,FAILED,2026-08-20 00:14:45.847308
PAY_006734,CUST_00605,290.64,CARD,AUTHENTICATION_FAILED,FAILED,2026-07-27 20:40:45.847825
PAY_006735,CUST_02409,1802.98,NETBANKING,,SUCCESS,2026-08-16 01:03:45.848330
PAY_006736,CUST_04593,12225.08,CARD,,SUCCESS,2026-08-23 07:00:45.848841
PAY_006737,CUST_04024,759.92,WALLET,,SUCCESS,2026-08-02 23:39:45.849351
PAY_006738,CUST_01391,683.71,WALLET,,SUCCESS,2026-08-16 16:06:45.849905
PAY_006739,CUST_00196,1838.7,UPI,,SUCCESS,2026-08-15 23:24:45.850446
PAY_006740,CUST_03850,1546.85,UPI,,SUCCESS,2026-07-28 06:32:45.851314
PAY_006741,CUST_00222,1367.06,WALLET,,SUCCESS,2026-08-15 14:41:45.851956
PAY_006742,CUST_01651,1589.29,UPI,,SUCCESS,2026-08-05 14:02:45.852534
PAY_006743,CUST_03845,1261.95,NETBANKING,,SUCCESS,2026-07-28 07:04:45.853050
PAY_006744,CUST_04108,398.06,WALLET,,SUCCESS,2026-08-18 09:42:45.853714
PAY_006745,CUST_02930,1426.56,UPI,BANK_DECLINED,FAILED,2026-08-20 21:32:45.854308
PAY_006746,CUST_00365,1407.72,UPI,BANK_TIMEOUT,FAILED,2026-08-05 05:16:45.854869
PAY_006747,CUST_04145,1327.93,WALLET,,SUCCESS,2026-08-21 14:12:45.855599
PAY_006748,CUST_03819,2677.52,NETBANKING,,SUCCESS,2026-08-01 06:31:45.856300
PAY_006749,CUST_00819,7968.02,UPI,,SUCCESS,2026-07-28 00:18:45.856907
PAY_006750,CUST_03524,1990.61,NETBANKING,,SUCCESS,2026-08-22 01:04:45.857634
PAY_006751,CUST_01708,743.69,WALLET,,SUCCESS,2026-08-26 11:52:45.858369
PAY_006752,CUST_01638,747.14,UPI,,SUCCESS,2026-08-21 18:35:45.858938
PAY_006753,CUST_03688,405.58,UPI,,SUCCESS,2026-07-29 11:15:45.859475
PAY_006754,CUST_03075,1557.65,NETBANKING,,SUCCESS,2026-08-10 07:41:45.859996
PAY_006755,CUST_03543,838.52,NETBANKING,,SUCCESS,2026-08-07 15:47:45.860512
PAY_006756,CUST_02193,950.03,CARD,,SUCCESS,2026-07-29 17:08:45.861029
PAY_006757,CUST_01737,100.0,NETBANKING,,SUCCESS,2026-08-09 01:27:45.861559
PAY_006758,CUST_00299,764.37,CARD,,SUCCESS,2026-08-06 03:31:45.862070
PAY_006759,CUST_03016,2114.69,UPI,,SUCCESS,2026-08-16 00:45:45.862594
PAY_006760,CUST_00740,542.63,UPI,,SUCCESS,2026-08-03 23:37:45.863106
PAY_006761,CUST_03788,1200.08,CARD,,SUCCESS,2026-08-07 09:57:45.863679
PAY_006762,CUST_02079,2205.29,NETBANKING,,SUCCESS,2026-08-08 13:06:45.864359
PAY_006763,CUST_00839,1813.88,WALLET,NETWORK_ERROR,FAILED,2026-08-06 17:36:45.865180
PAY_006764,CUST_03947,1973.44,UPI,,SUCCESS,2026-08-09 20:16:45.865740
PAY_006765,CUST_01935,904.03,CARD,,SUCCESS,2026-08-05 21:47:45.866262
PAY_006766,CUST_00452,9251.43,WALLET,,SUCCESS,2026-08-13 17:57:45.866786
PAY_006767,CUST_02069,1696.32,UPI,,SUCCESS,2026-08-19 05:42:45.867317
PAY_006768,CUST_02605,1584.22,CARD,,SUCCESS,2026-07-27 23:08:45.867840
PAY_006769,CUST_04351,1377.7,NETBANKING,,SUCCESS,2026-08-09 10:58:45.868351
PAY_006770,CUST_02348,792.16,NETBANKING,,SUCCESS,2026-08-13 06:20:45.869265
PAY_006771,CUST_04471,1102.06,WALLET,,SUCCESS,2026-08-18 18:44:45.870181
PAY_006772,CUST_03497,189.44,CARD,,SUCCESS,2026-08-16 20:19:45.871259
PAY_006773,CUST_04325,775.5,UPI,BANK_TIMEOUT,FAILED,2026-08-05 23:37:45.872525
PAY_006774,CUST_03198,499.95,UPI,,SUCCESS,2026-08-13 05:10:45.873532
PAY_006775,CUST_04492,1093.65,UPI,,SUCCESS,2026-08-09 17:43:45.874478
PAY_006776,CUST_01422,1966.27,CARD,,SUCCESS,2026-08-21 15:47:45.875410
PAY_006777,CUST_01022,1150.89,WALLET,,SUCCESS,2026-08-17 08:33:45.876246
PAY_006778,CUST_04889,2146.78,WALLET,,SUCCESS,2026-08-14 20:47:45.876814
PAY_006779,CUST_01343,426.65,NETBANKING,,SUCCESS,2026-08-09 02:45:45.877360
PAY_006780,CUST_03087,733.69,WALLET,,SUCCESS,2026-07-30 18:59:45.877910
PAY_006781,CUST_02389,1595.43,WALLET,,SUCCESS,2026-08-25 19:01:45.878623
PAY_006782,CUST_01345,2168.45,CARD,,SUCCESS,2026-08-26 15:37:45.879147
PAY_006783,CUST_01991,1982.68,CARD,NETWORK_ERROR,FAILED,2026-07-30 07:51:45.879695
PAY_006784,CUST_04346,2760.83,CARD,,SUCCESS,2026-08-08 12:16:45.880218
PAY_006785,CUST_02214,7654.23,UPI,,SUCCESS,2026-08-11 02:34:45.880771
PAY_006786,CUST_00643,826.24,CARD,,SUCCESS,2026-08-20 04:32:45.881283
PAY_006787,CUST_04151,608.88,UPI,,SUCCESS,2026-07-28 11:37:45.881842
PAY_006788,CUST_00022,1916.34,UPI,,SUCCESS,2026-08-09 08:12:45.882355
PAY_006789,CUST_02427,2442.4,CARD,,SUCCESS,2026-08-14 00:52:45.882928
PAY_006790,CUST_00780,2296.29,NETBANKING,,SUCCESS,2026-08-24 12:24:45.883483
PAY_006791,CUST_01026,1043.88,CARD,,SUCCESS,2026-07-31 10:27:45.884002
PAY_006792,CUST_03391,6662.4,WALLET,,SUCCESS,2026-08-19 00:49:45.884697
PAY_006793,CUST_04918,394.76,CARD,BANK_DECLINED,FAILED,2026-08-04 22:47:45.885282
PAY_006794,CUST_03032,2095.44,CARD,,SUCCESS,2026-08-25 20:34:45.886191
PAY_006795,CUST_02400,1250.36,UPI,NETWORK_ERROR,FAILED,2026-07-31 05:40:45.886822
PAY_006796,CUST_04564,1082.52,WALLET,,SUCCESS,2026-07-28 02:43:45.887351
PAY_006797,CUST_01022,1570.64,WALLET,,SUCCESS,2026-08-11 13:20:45.887923
PAY_006798,CUST_02756,2192.08,NETBANKING,,SUCCESS,2026-07-31 13:08:45.888456
PAY_006799,CUST_04476,2229.2,NETBANKING,,SUCCESS,2026-07-31 07:34:45.889177
PAY_006800,CUST_01071,2063.62,UPI,,SUCCESS,2026-08-12 10:01:45.889802
PAY_006801,CUST_02961,1284.5,CARD,,SUCCESS,2026-08-21 22:36:45.890331
PAY_006802,CUST_04429,628.07,UPI,,SUCCESS,2026-08-14 01:58:45.890898
PAY_006803,CUST_02474,881.27,WALLET,,SUCCESS,2026-08-11 12:09:45.891438
PAY_006804,CUST_01317,1797.71,NETBANKING,,SUCCESS,2026-08-03 06:25:45.891960
PAY_006805,CUST_01440,1120.14,UPI,,SUCCESS,2026-08-26 08:36:45.892594
PAY_006806,CUST_00448,1915.17,WALLET,,SUCCESS,2026-08-17 04:07:45.893257
PAY_006807,CUST_00309,10547.95,NETBANKING,,SUCCESS,2026-08-08 07:00:45.893834
PAY_006808,CUST_00477,1696.09,UPI,,SUCCESS,2026-08-08 05:18:45.894347
PAY_006809,CUST_02425,974.2,UPI,,SUCCESS,2026-08-19 03:12:45.894917
PAY_006810,CUST_03485,1651.47,NETBANKING,,SUCCESS,2026-08-10 17:58:45.895469
PAY_006811,CUST_04642,639.47,CARD,,SUCCESS,2026-08-07 22:13:45.895982
PAY_006812,CUST_02350,629.32,NETBANKING,AUTHENTICATION_FAILED,FAILED,2026-08-08 02:29:45.896543
PAY_006813,CUST_01499,577.7,UPI,,SUCCESS,2026-08-22 18:01:45.897061
PAY_006814,CUST_04423,5853.57,CARD,,SUCCESS,2026-08-02 20:50:45.897616
PAY_006815,CUST_03033,1497.35,UPI,,SUCCESS,2026-08-08 22:45:45.898128
PAY_006816,CUST_02289,816.88,CARD,,SUCCESS,2026-08-24 15:09:45.898736
PAY_006817,CUST_03374,791.6,CARD,,SUCCESS,2026-07-28 12:33:45.899329
PAY_006818,CUST_02721,654.59,WALLET,,SUCCESS,2026-08-23 06:55:45.900174
PAY_006819,CUST_04635,961.8,WALLET,,SUCCESS,2026-08-10 22:42:45.900909
PAY_006820,CUST_04235,1269.43,CARD,,SUCCESS,2026-08-21 13:21:45.901513
PAY_006821,CUST_03782,1659.18,CARD,,SUCCESS,2026-08-07 14:23:45.902034
PAY_006822,CUST_02509,150.14,CARD,,SUCCESS,2026-08-23 06:54:45.902604
PAY_006823,CUST_03337,566.58,NETBANKING,,SUCCESS,2026-08-14 14:25:45.903119
PAY_006824,CUST_02464,728.85,UPI,,SUCCESS,2026-08-12 15:45:45.903670
PAY_006825,CUST_04446,319.57,UPI,,SUCCESS,2026-08-15 17:49:45.904182
PAY_006826,CUST_00845,900.17,CARD,,SUCCESS,2026-07-30 10:01:45.904742
PAY_006827,CUST_01097,579.24,NETBANKING,,SUCCESS,2026-08-09 21:01:45.905266
PAY_006828,CUST_01912,749.82,NETBANKING,,SUCCESS,2026-08-03 20:54:45.906092
PAY_006829,CUST_01849,1438.1,WALLET,,SUCCESS,2026-08-16 02:50:45.906922
PAY_006830,CUST_00800,935.95,UPI,,SUCCESS,2026-08-19 19:36:45.907471
PAY_006831,CUST_02804,2703.31,NETBANKING,,SUCCESS,2026-08-16 20:57:45.908003
PAY_006832,CUST_03834,1197.33,CARD,,SUCCESS,2026-08-20 03:57:45.908568
PAY_006833,CUST_01209,2307.86,NETBANKING,,SUCCESS,2026-08-21 23:16:45.909081
PAY_006834,CUST_04017,750.54,NETBANKING,,SUCCESS,2026-08-23 14:42:45.909607
PAY_006835,CUST_04603,1358.21,CARD,,SUCCESS,2026-08-12 02:26:45.910125
PAY_006836,CUST_00015,914.32,UPI,,SUCCESS,2026-07-29 03:27:45.910641
PAY_006837,CUST_04429,918.6,NETBANKING,,SUCCESS,2026-08-04 07:48:45.911157
PAY_006838,CUST_01424,100.0,CARD,,SUCCESS,2026-08-21 22:46:45.911671
PAY_006839,CUST_02314,8245.93,CARD,,SUCCESS,2026-08-18 05:40:45.912195
PAY_006840,CUST_01113,1408.42,UPI,,SUCCESS,2026-08-21 06:09:45.912767
PAY_006841,CUST_03845,1539.41,WALLET,,SUCCESS,2026-08-16 04:05:45.913303
PAY_006842,CUST_02951,2019.29,NETBANKING,,SUCCESS,2026-08-10 11:50:45.914186
PAY_006843,CUST_03117,1060.25,CARD,,SUCCESS,2026-08-01 12:49:45.914918
PAY_006844,CUST_01997,814.49,CARD,,SUCCESS,2026-08-22 12:24:45.915453
PAY_006845,CUST_01371,2159.88,CARD,,SUCCESS,2026-08-24 09:17:45.915981
PAY_006846,CUST_03903,1665.44,UPI,,SUCCESS,2026-08-05 09:11:45.916628
PAY_006847,CUST_00163,2713.41,NETBANKING,,SUCCESS,2026-07-29 11:45:45.917276
PAY_006848,CUST_02907,1235.09,WALLET,BANK_DECLINED,FAILED,2026-08-10 07:05:45.917813
PAY_006849,CUST_00132,2571.57,WALLET,,SUCCESS,2026-08-20 14:45:45.918334
PAY_006850,CUST_04631,651.77,UPI,,SUCCESS,2026-08-01 04:35:45.918853
PAY_006851,CUST_02660,1527.59,CARD,,SUCCESS,2026-08-21 21:20:45.919368
PAY_006852,CUST_04245,10186.42,CARD,,SUCCESS,2026-08-11 19:56:45.919942
PAY_006853,CUST_03201,558.96,UPI,,SUCCESS,2026-08-07 17:43:45.920590
PAY_006854,CUST_00428,514.47,UPI,,SUCCESS,2026-08-23 18:12:45.921424
PAY_006855,CUST_04920,531.24,CARD,,SUCCESS,2026-07-29 11:49:45.922043
PAY_006856,CUST_04778,711.78,WALLET,,SUCCESS,2026-08-06 04:16:45.922762
PAY_006857,CUST_00251,967.69,CARD,BANK_TIMEOUT,FAILED,2026-08-04 23:52:45.923306
PAY_006858,CUST_01761,872.39,NETBANKING,,SUCCESS,2026-08-26 06:38:45.923886
PAY_006859,CUST_04234,1213.43,CARD,,SUCCESS,2026-08-12 21:03:45.924423
PAY_006860,CUST_04470,1912.88,CARD,,SUCCESS,2026-07-28 08:54:45.924951
PAY_006861,CUST_00009,917.89,NETBANKING,,SUCCESS,2026-08-22 12:08:45.925493
PAY_006862,CUST_02345,1052.66,CARD,,SUCCESS,2026-08-23 23:53:45.926012
PAY_006863,CUST_04051,2338.1,CARD,,SUCCESS,2026-08-18 09:00:45.926564
PAY_006864,CUST_02171,978.15,WALLET,,SUCCESS,2026-08-12 13:21:45.927079
PAY_006865,CUST_01890,1472.88,UPI,,SUCCESS,2026-08-22 12:03:45.927661
PAY_006866,CUST_04648,767.94,UPI,,SUCCESS,2026-07-28 06:12:45.928291
PAY_006867,CUST_02847,1903.34,NETBANKING,,SUCCESS,2026-08-14 13:39:45.928867
PAY_006868,CUST_04345,1834.16,NETBANKING,,SUCCESS,2026-08-19 17:15:45.929407
PAY_006869,CUST_02415,1833.03,UPI,,SUCCESS,2026-08-19 15:01:45.929981
PAY_006870,CUST_04190,919.25,CARD,,SUCCESS,2026-08-10 01:05:45.930531
PAY_006871,CUST_00514,985.23,NETBANKING,NETWORK_ERROR,FAILED,2026-08-08 01:34:45.931040
PAY_006872,CUST_03515,1060.39,UPI,,SUCCESS,2026-08-21 09:58:45.931748
PAY_006873,CUST_03696,1665.45,WALLET,,SUCCESS,2026-07-27 20:51:45.932821
PAY_006874,CUST_01897,1195.38,NETBANKING,NETWORK_ERROR,FAILED,2026-08-14 07:38:45.933536
PAY_006875,CUST_00444,953.22,NETBANKING,BANK_TIMEOUT,FAILED,2026-08-12 17:27:45.934075
PAY_006876,CUST_00733,188.79,CARD,,SUCCESS,2026-07-29 12:35:45.934687
PAY_006877,CUST_04367,869.39,UPI,,SUCCESS,2026-08-18 00:35:45.935416
PAY_006878,CUST_03521,1290.38,NETBANKING,,SUCCESS,2026-08-12 15:08:45.935974
PAY_006879,CUST_03825,1271.56,CARD,,SUCCESS,2026-08-13 03:06:45.936531
PAY_006880,CUST_03108,2060.68,UPI,,SUCCESS,2026-07-28 23:00:45.937049
PAY_006881,CUST_01251,1356.67,CARD,,SUCCESS,2026-08-09 05:46:45.937596
PAY_006882,CUST_04152,1315.82,UPI,,SUCCESS,2026-08-25 13:12:45.938123
PAY_006883,CUST_02210,687.47,NETBANKING,,SUCCESS,2026-08-09 08:11:45.938829
PAY_006884,CUST_04857,857.27,NETBANKING,,SUCCESS,2026-08-18 12:55:45.939461
PAY_006885,CUST_02188,5487.76,CARD,,SUCCESS,2026-08-25 04:23:45.939990
PAY_006886,CUST_01369,888.62,CARD,,SUCCESS,2026-08-15 18:42:45.940532
PAY_006887,CUST_02125,2286.49,WALLET,,SUCCESS,2026-08-07 02:10:45.941100
PAY_006888,CUST_01220,1680.39,WALLET,,SUCCESS,2026-07-30 11:34:45.941694
PAY_006889,CUST_01437,1326.47,CARD,,SUCCESS,2026-07-31 20:27:45.942634
PAY_006890,CUST_00578,1434.17,CARD,,SUCCESS,2026-08-02 08:03:45.943189
PAY_006891,CUST_02571,585.83,NETBANKING,,SUCCESS,2026-08-22 13:26:45.943716
PAY_006892,CUST_02624,715.03,CARD,,SUCCESS,2026-07-30 01:52:45.944230
PAY_006893,CUST_04388,1700.63,CARD,,SUCCESS,2026-08-12 21:08:45.944767
PAY_006894,CUST_01059,975.27,CARD,BANK_DECLINED,FAILED,2026-08-26 16:28:45.945279
PAY_006895,CUST_00612,1034.38,CARD,,SUCCESS,2026-08-03 11:13:45.945864
PAY_006896,CUST_00453,555.3,NETBANKING,,SUCCESS,2026-08-08 02:55:45.946382
PAY_006897,CUST_01705,1707.9,NETBANKING,,SUCCESS,2026-08-03 05:45:45.946907
PAY_006898,CUST_04799,897.31,CARD,,SUCCESS,2026-08-15 22:46:45.947460
PAY_006899,CUST_04697,1950.84,WALLET,,SUCCESS,2026-08-09 21:43:45.948037
PAY_006900,CUST_04765,601.75,WALLET,NETWORK_ERROR,FAILED,2026-07-29 22:05:45.948619
PAY_006901,CUST_04804,1096.49,UPI,,SUCCESS,2026-08-03 16:18:45.949197
PAY_006902,CUST_03895,1731.63,NETBANKING,,SUCCESS,2026-08-13 16:20:45.949733
PAY_006903,CUST_03073,1912.45,CARD,AUTHENTICATION_FAILED,FAILED,2026-08-18 17:59:45.950250
PAY_006904,CUST_02777,1100.66,CARD,,SUCCESS,2026-08-01 13:14:45.950786
PAY_006905,CUST_00806,515.87,UPI,,SUCCESS,2026-08-06 07:37:45.951297
PAY_006906,CUST_04318,321.66,NETBANKING,,SUCCESS,2026-08-25 19:10:45.951825
PAY_006907,CUST_01583,1724.32,NETBANKING,,SUCCESS,2026-08-19 08:44:45.952339
PAY_006908,CUST_01214,1502.47,NETBANKING,,SUCCESS,2026-07-30 01:56:45.952868
PAY_006909,CUST_00882,1217.42,WALLET,,SUCCESS,2026-07-29 01:03:45.953385
PAY_006910,CUST_01111,508.57,CARD,,SUCCESS,2026-07-31 21:02:45.953897
PAY_006911,CUST_03085,1156.97,WALLET,,SUCCESS,2026-08-13 21:21:45.954413
PAY_006912,CUST_04099,1293.94,NETBANKING,,SUCCESS,2026-07-30 10:29:45.954963
PAY_006913,CUST_02113,2946.42,WALLET,,SUCCESS,2026-08-08 08:40:45.955769
PAY_006914,CUST_03128,1434.0,NETBANKING,,SUCCESS,2026-08-05 22:43:45.956355
PAY_006915,CUST_03175,1844.08,CARD,,SUCCESS,2026-08-26 13:56:45.956882
PAY_006916,CUST_01651,2003.17,NETBANKING,BANK_DECLINED,FAILED,2026-08-20 13:55:45.957426
PAY_006917,CUST_03150,2238.14,WALLET,,SUCCESS,2026-08-17 03:01:45.957938
PAY_006918,CUST_00170,2494.94,NETBANKING,,SUCCESS,2026-07-30 00:01:45.958456
PAY_006919,CUST_03280,1282.38,WALLET,,SUCCESS,2026-08-03 06:53:45.958973
PAY_006920,CUST_02751,2112.35,WALLET,,SUCCESS,2026-08-06 07:23:45.959534
PAY_006921,CUST_02818,2375.66,NETBANKING,,SUCCESS,2026-08-05 23:44:45.960053
PAY_006922,CUST_00479,1306.65,UPI,NETWORK_ERROR,FAILED,2026-07-28 13:07:45.960572
PAY_006923,CUST_03279,1613.79,WALLET,AUTHENTICATION_FAILED,FAILED,2026-08-24 10:38:45.961081
PAY_006924,CUST_00369,2261.06,NETBANKING,,SUCCESS,2026-07-29 12:20:45.961603
PAY_006925,CUST_04021,2417.86,UPI,,SUCCESS,2026-08-23 02:38:45.962161
PAY_006926,CUST_02945,636.52,CARD,AUTHENTICATION_FAILED,FAILED,2026-08-14 22:07:45.962792
PAY_006927,CUST_00282,2325.74,WALLET,,SUCCESS,2026-08-22 02:47:45.963731
PAY_006928,CUST_01567,100.0,WALLET,,SUCCESS,2026-08-10 11:18:45.964290
PAY_006929,CUST_04231,1471.07,NETBANKING,,SUCCESS,2026-08-26 18:49:45.964810
PAY_006930,CUST_01034,1921.08,UPI,,SUCCESS,2026-08-02 01:58:45.965334
PAY_006931,CUST_01984,4345.32,WALLET,,SUCCESS,2026-08-25 21:02:45.965854
PAY_006932,CUST_03125,1505.39,WALLET,,SUCCESS,2026-08-04 10:08:45.966364
PAY_006933,CUST_02715,1271.17,NETBANKING,,SUCCESS,2026-08-01 03:57:45.966873
PAY_006934,CUST_03732,2821.34,CARD,,SUCCESS,2026-08-17 11:36:45.967400
PAY_006935,CUST_02641,1905.61,CARD,,SUCCESS,2026-08-10 00:59:45.967916
PAY_006936,CUST_04414,1258.26,WALLET,,SUCCESS,2026-07-31 14:18:45.968431
PAY_006937,CUST_02664,9130.72,UPI,,SUCCESS,2026-08-14 02:58:45.968938
PAY_006938,CUST_02466,851.04,UPI,,SUCCESS,2026-07-28 09:35:45.969473
PAY_006939,CUST_03911,741.75,WALLET,,SUCCESS,2026-08-08 04:39:45.970035
PAY_006940,CUST_00827,3088.53,CARD,,SUCCESS,2026-08-04 17:42:45.970640
PAY_006941,CUST_00633,2263.72,UPI,,SUCCESS,2026-08-20 14:38:45.971163
PAY_006942,CUST_02534,670.8,NETBANKING,,SUCCESS,2026-08-18 16:31:45.971698
PAY_006943,CUST_00146,2262.33,WALLET,,SUCCESS,2026-08-23 12:07:45.972384
PAY_006944,CUST_01242,1995.6,CARD,,SUCCESS,2026-08-11 17:11:45.972998
PAY_006945,CUST_00504,646.58,UPI,,SUCCESS,2026-08-13 02:28:45.973586
PAY_006946,CUST_00498,2104.31,CARD,,SUCCESS,2026-08-11 17:57:45.974168
PAY_006947,CUST_02130,1255.08,CARD,AUTHENTICATION_FAILED,FAILED,2026-08-12 01:17:45.974734
PAY_006948,CUST_04746,828.76,WALLET,,SUCCESS,2026-08-07 07:34:45.975299
PAY_006949,CUST_00241,1483.7,WALLET,,SUCCESS,2026-08-13 02:16:45.975880
PAY_006950,CUST_03182,301.23,UPI,,SUCCESS,2026-07-29 03:38:45.976463
PAY_006951,CUST_04959,793.0,CARD,,SUCCESS,2026-08-03 05:51:45.977073
PAY_006952,CUST_01149,1014.17,CARD,,SUCCESS,2026-08-08 06:06:45.978034
PAY_006953,CUST_02131,100.0,UPI,,SUCCESS,2026-08-09 05:57:45.978896
PAY_006954,CUST_01009,1390.58,NETBANKING,,SUCCESS,2026-08-16 17:46:45.979835
PAY_006955,CUST_03366,1458.66,UPI,BANK_TIMEOUT,FAILED,2026-08-23 04:05:45.980667
PAY_006956,CUST_00037,1644.17,CARD,,SUCCESS,2026-08-06 19:04:45.981533
PAY_006957,CUST_00225,2374.83,WALLET,,SUCCESS,2026-07-30 10:20:45.982118
PAY_006958,CUST_04359,1432.84,CARD,,SUCCESS,2026-08-26 17:12:45.982687
PAY_006959,CUST_03202,896.4,NETBANKING,,SUCCESS,2026-08-20 01:51:45.983283
PAY_006960,CUST_04268,1624.06,WALLET,,SUCCESS,2026-08-05 20:48:45.983910
PAY_006961,CUST_03765,715.59,WALLET,,SUCCESS,2026-08-05 04:13:45.984626
PAY_006962,CUST_01184,734.04,CARD,NETWORK_ERROR,FAILED,2026-08-11 21:06:45.985246
PAY_006963,CUST_04885,988.01,UPI,,SUCCESS,2026-08-17 22:39:45.985829
PAY_006964,CUST_00785,2012.75,CARD,,SUCCESS,2026-08-15 05:44:45.986394
PAY_006965,CUST_04287,1548.52,NETBANKING,,SUCCESS,2026-08-17 04:06:45.986972
PAY_006966,CUST_03358,1973.78,NETBANKING,,SUCCESS,2026-08-08 10:44:45.987534
PAY_006967,CUST_02994,1619.86,WALLET,,SUCCESS,2026-08-15 15:42:45.988109
PAY_006968,CUST_01546,1832.28,UPI,,SUCCESS,2026-08-19 22:27:45.988730
PAY_006969,CUST_00070,1733.17,NETBANKING,,SUCCESS,2026-08-06 18:33:45.989487
PAY_006970,CUST_03587,7863.52,UPI,,SUCCESS,2026-08-05 02:06:45.990288
PAY_006971,CUST_00920,8452.52,UPI,,SUCCESS,2026-08-06 09:00:45.991025
PAY_006972,CUST_02869,1949.4,UPI,,SUCCESS,2026-08-06 11:11:45.991781
PAY_006973,CUST_01725,2694.8,NETBANKING,,SUCCESS,2026-08-05 19:21:45.992402
PAY_006974,CUST_01448,8122.41,WALLET,,SUCCESS,2026-08-18 21:51:45.992980
PAY_006975,CUST_03569,1281.0,CARD,,SUCCESS,2026-08-09 02:56:45.993619
PAY_006976,CUST_01371,2670.43,WALLET,,SUCCESS,2026-08-06 13:22:45.994199
PAY_006977,CUST_03812,1148.68,UPI,,SUCCESS,2026-08-03 14:26:45.994767
PAY_006978,CUST_03341,794.71,WALLET,,SUCCESS,2026-08-04 05:13:45.995346
PAY_006979,CUST_03067,772.75,WALLET,,SUCCESS,2026-08-09 18:00:45.995913
PAY_006980,CUST_00169,949.22,NETBANKING,,SUCCESS,2026-07-28 04:50:45.996485
PAY_006981,CUST_03029,7555.33,NETBANKING,,SUCCESS,2026-08-03 22:05:45.997059
PAY_006982,CUST_01588,5801.04,CARD,,SUCCESS,2026-07-31 01:14:45.997666
PAY_006983,CUST_04924,3483.95,CARD,,SUCCESS,2026-08-06 11:35:45.998295
PAY_006984,CUST_00219,1744.35,NETBANKING,,SUCCESS,2026-08-25 12:50:45.998878
PAY_006985,CUST_03312,2044.29,CARD,,SUCCESS,2026-08-05 02:44:45.999459
PAY_006986,CUST_00533,899.91,WALLET,,SUCCESS,2026-08-01 09:51:46.000025
PAY_006987,CUST_00544,1552.36,UPI,,SUCCESS,2026-08-14 17:16:46.000592
PAY_006988,CUST_04987,1540.92,UPI,,SUCCESS,2026-08-04 22:34:46.001155
PAY_006989,CUST_00101,2061.69,NETBANKING,,SUCCESS,2026-08-23 02:56:46.001756
PAY_006990,CUST_04513,1086.22,WALLET,,SUCCESS,2026-08-10 19:47:46.002402
PAY_006991,CUST_03950,2203.66,UPI,,SUCCESS,2026-08-23 07:50:46.003003
PAY_006992,CUST_04938,2115.71,WALLET,,SUCCESS,2026-08-17 08:01:46.003594
PAY_006993,CUST_02708,1793.1,CARD,,SUCCESS,2026-08-24 02:00:46.004188
PAY_006994,CUST_01684,952.48,UPI,,SUCCESS,2026-08-25 07:34:46.004811
PAY_006995,CUST_00683,1957.16,UPI,,SUCCESS,2026-07-31 19:13:46.005846
PAY_006996,CUST_04802,1008.98,UPI,,SUCCESS,2026-08-08 04:06:46.007335
PAY_006997,CUST_01103,2473.92,NETBANKING,,SUCCESS,2026-08-03 17:56:46.008135
PAY_006998,CUST_02009,861.49,NETBANKING,BANK_DECLINED,FAILED,2026-08-11 03:47:46.008807
PAY_006999,CUST_03081,312.14,NETBANKING,NETWORK_ERROR,FAILED,2026-08-10 03:42:46.009509
PAY_007000,CUST_04234,1021.32,CARD,,SUCCESS,2026-08-17 16:07:46.010399
PAY_007001,CUST_01332,1247.34,CARD,,SUCCESS,2026-08-08 01:17:46.011111
PAY_007002,CUST_02083,1011.65,UPI,,SUCCESS,2026-07-29 01:20:46.012121
PAY_007003,CUST_03200,1329.44,UPI,,SUCCESS,2026-08-25 02:40:46.012945
PAY_007004,CUST_04206,900.7,UPI,,SUCCESS,2026-07-31 19:36:46.013779
PAY_007005,CUST_02077,1335.37,UPI,,SUCCESS,2026-08-24 01:25:46.014450
PAY_007006,CUST_02235,766.45,NETBANKING,,SUCCESS,2026-07-31 04:00:46.015072
PAY_007007,CUST_02167,750.12,NETBANKING,,SUCCESS,2026-08-07 14:35:46.015664
PAY_007008,CUST_04958,1184.93,WALLET,,SUCCESS,2026-08-12 11:31:46.016242
PAY_007009,CUST_03766,2340.08,UPI,,SUCCESS,2026-08-01 20:44:46.016808
PAY_007010,CUST_02471,982.9,NETBANKING,AUTHENTICATION_FAILED,FAILED,2026-08-17 00:00:46.017377
PAY_007011,CUST_00262,755.54,WALLET,,SUCCESS,2026-08-14 04:40:46.017959
PAY_007012,CUST_03131,1286.16,UPI,,SUCCESS,2026-08-12 14:08:46.018536
PAY_007013,CUST_02157,1380.27,WALLET,,SUCCESS,2026-08-06 08:48:46.019164
PAY_007014,CUST_04338,773.33,UPI,,SUCCESS,2026-08-03 13:02:46.019931
PAY_007015,CUST_02999,874.38,WALLET,,SUCCESS,2026-08-03 12:36:46.020549
PAY_007016,CUST_00430,3591.63,UPI,,SUCCESS,2026-08-14 00:19:46.021120
PAY_007017,CUST_04105,8840.77,WALLET,,SUCCESS,2026-08-08 14:05:46.021701
PAY_007018,CUST_02662,2215.62,WALLET,,SUCCESS,2026-08-01 20:48:46.022675
PAY_007019,CUST_02243,468.52,UPI,,SUCCESS,2026-08-09 19:36:46.023628
PAY_007020,CUST_00184,1990.01,NETBANKING,,SUCCESS,2026-08-08 09:28:46.024275
PAY_007021,CUST_00818,1743.46,NETBANKING,,SUCCESS,2026-08-26 00:33:46.024814
PAY_007022,CUST_02133,1455.08,UPI,,SUCCESS,2026-08-14 05:10:46.025330
PAY_007023,CUST_03780,2133.18,CARD,,SUCCESS,2026-08-16 05:57:46.026512
PAY_007024,CUST_04987,1763.7,CARD,AUTHENTICATION_FAILED,FAILED,2026-08-18 07:47:46.027660
PAY_007025,CUST_01809,949.88,NETBANKING,,SUCCESS,2026-08-25 23:56:46.028459
PAY_007026,CUST_00816,1260.93,WALLET,,SUCCESS,2026-08-15 18:35:46.029138
PAY_007027,CUST_00107,2112.54,WALLET,,SUCCESS,2026-08-18 20:01:46.029815
PAY_007028,CUST_03741,1604.44,UPI,,SUCCESS,2026-08-15 06:07:46.030489
PAY_007029,CUST_00378,1575.35,UPI,INSUFFICIENT_FUNDS,FAILED,2026-08-22 18:30:46.031159
PAY_007030,CUST_04259,1194.82,WALLET,,SUCCESS,2026-08-25 07:40:46.031847
PAY_007031,CUST_00844,836.43,NETBANKING,,SUCCESS,2026-08-06 06:11:46.032571
PAY_007032,CUST_00348,1968.05,CARD,,SUCCESS,2026-08-01 16:12:46.033342
PAY_007033,CUST_03548,6257.04,UPI,,SUCCESS,2026-08-15 06:10:46.034182
PAY_007034,CUST_02227,1972.16,NETBANKING,,SUCCESS,2026-08-19 03:45:46.035181
PAY_007035,CUST_01740,671.29,NETBANKING,,SUCCESS,2026-08-13 00:31:46.035884
PAY_007036,CUST_00595,1941.97,UPI,,SUCCESS,2026-08-18 05:33:46.036591
PAY_007037,CUST_02507,537.83,NETBANKING,,SUCCESS,2026-08-13 22:50:46.037575
PAY_007038,CUST_01591,1452.71,CARD,INSUFFICIENT_FUNDS,FAILED,2026-08-03 19:46:46.038493
PAY_007039,CUST_00502,2303.7,CARD,,SUCCESS,2026-08-10 12:33:46.039300
PAY_007040,CUST_01628,1305.71,WALLET,,SUCCESS,2026-08-07 23:06:46.040133
PAY_007041,CUST_00638,1731.93,WALLET,,SUCCESS,2026-08-04 23:36:46.041057
PAY_007042,CUST_02492,7085.65,CARD,,SUCCESS,2026-08-22 16:23:46.041676
PAY_007043,CUST_01029,1965.24,NETBANKING,,SUCCESS,2026-08-23 07:29:46.042203
PAY_007044,CUST_00992,1986.25,CARD,,SUCCESS,2026-08-26 09:25:46.042767
PAY_007045,CUST_02761,1936.91,NETBANKING,,SUCCESS,2026-08-17 21:14:46.043283
PAY_007046,CUST_03749,864.29,WALLET,BANK_DECLINED,FAILED,2026-08-02 11:03:46.043836
PAY_007047,CUST_01723,532.87,NETBANKING,,SUCCESS,2026-08-17 05:27:46.044352
PAY_007048,CUST_03990,2096.78,NETBANKING,,SUCCESS,2026-07-28 18:20:46.044908
PAY_007049,CUST_00355,1140.34,UPI,NETWORK_ERROR,FAILED,2026-08-01 17:43:46.045442
PAY_007050,CUST_00388,1445.81,NETBANKING,,SUCCESS,2026-07-29 10:49:46.045976
PAY_007051,CUST_02772,1298.91,UPI,,SUCCESS,2026-07-31 12:16:46.046533
PAY_007052,CUST_02340,194.52,UPI,,SUCCESS,2026-08-19 00:18:46.047050
PAY_007053,CUST_03278,1605.32,WALLET,,SUCCESS,2026-08-11 18:06:46.047667
PAY_007054,CUST_01734,599.95,UPI,,SUCCESS,2026-08-09 15:19:46.048285
PAY_007055,CUST_00318,729.37,CARD,,SUCCESS,2026-08-16 23:54:46.048852
PAY_007056,CUST_03245,1669.19,UPI,,SUCCESS,2026-07-31 01:04:46.049368
PAY_007057,CUST_00366,1763.38,UPI,,SUCCESS,2026-08-01 20:36:46.049946
PAY_007058,CUST_04861,812.72,UPI,,SUCCESS,2026-08-24 06:16:46.050509
PAY_007059,CUST_00537,2194.14,UPI,,SUCCESS,2026-08-15 00:51:46.051051
PAY_007060,CUST_03588,1702.71,CARD,,SUCCESS,2026-08-14 23:51:46.051600
PAY_007061,CUST_01421,1079.53,CARD,,SUCCESS,2026-08-12 14:21:46.052109
PAY_007062,CUST_03366,1477.67,UPI,,SUCCESS,2026-07-30 02:29:46.052673
PAY_007063,CUST_03866,1494.72,WALLET,,SUCCESS,2026-08-15 18:22:46.053183
PAY_007064,CUST_01755,2055.22,UPI,,SUCCESS,2026-07-31 01:02:46.053734
PAY_007065,CUST_02855,2857.71,UPI,,SUCCESS,2026-08-18 21:29:46.054300
PAY_007066,CUST_00823,789.93,NETBANKING,INSUFFICIENT_FUNDS,FAILED,2026-08-05 07:08:46.055022
PAY_007067,CUST_04334,985.15,NETBANKING,,SUCCESS,2026-08-22 15:50:46.055755
PAY_007068,CUST_01144,919.0,NETBANKING,,SUCCESS,2026-08-08 12:15:46.056322
PAY_007069,CUST_03691,1158.96,CARD,BANK_TIMEOUT,FAILED,2026-08-11 15:52:46.057722
PAY_007070,CUST_02359,1462.59,NETBANKING,,SUCCESS,2026-08-10 06:59:46.058391
PAY_007071,CUST_02779,693.28,UPI,,SUCCESS,2026-08-23 22:19:46.059206
PAY_007072,CUST_03859,1354.01,UPI,,SUCCESS,2026-08-18 03:33:46.059793
PAY_007073,CUST_01296,1081.61,NETBANKING,BANK_DECLINED,FAILED,2026-08-26 07:40:46.060328
PAY_007074,CUST_01224,2106.88,UPI,,SUCCESS,2026-08-22 05:51:46.061990
PAY_007075,CUST_01539,2019.05,WALLET,,SUCCESS,2026-08-10 09:03:46.062762
PAY_007076,CUST_00408,1227.21,NETBANKING,,SUCCESS,2026-08-12 13:09:46.063314
PAY_007077,CUST_03783,1073.34,WALLET,,SUCCESS,2026-08-07 02:51:46.063865
PAY_007078,CUST_00057,1649.76,NETBANKING,,SUCCESS,2026-08-11 23:18:46.064398
PAY_007079,CUST_02826,1619.44,NETBANKING,,SUCCESS,2026-08-21 08:09:46.064934
PAY_007080,CUST_00591,1042.75,CARD,,SUCCESS,2026-07-30 14:06:46.065491
PAY_007081,CUST_04426,2191.66,CARD,,SUCCESS,2026-08-08 06:45:46.066005
PAY_007082,CUST_02082,1569.85,NETBANKING,,SUCCESS,2026-08-11 06:09:46.066564
PAY_007083,CUST_04676,3130.28,WALLET,,SUCCESS,2026-08-12 19:47:46.067082
PAY_007084,CUST_02313,578.84,UPI,,SUCCESS,2026-08-25 17:51:46.067637
PAY_007085,CUST_04836,3101.4,UPI,,SUCCESS,2026-08-09 09:09:46.068200
PAY_007086,CUST_04066,1410.4,WALLET,,SUCCESS,2026-07-29 18:12:46.068943
PAY_007087,CUST_04997,394.89,UPI,AUTHENTICATION_FAILED,FAILED,2026-07-28 19:42:46.069698
PAY_007088,CUST_03989,1782.24,NETBANKING,,SUCCESS,2026-08-20 16:31:46.070242
PAY_007089,CUST_04927,6899.15,UPI,,SUCCESS,2026-08-08 09:03:46.070793
PAY_007090,CUST_02318,923.03,WALLET,,SUCCESS,2026-08-03 20:58:46.071320
PAY_007091,CUST_02863,1650.2,CARD,,SUCCESS,2026-08-22 23:26:46.072207
PAY_007092,CUST_02142,1285.0,WALLET,,SUCCESS,2026-08-10 14:12:46.072895
PAY_007093,CUST_03835,1528.98,WALLET,,SUCCESS,2026-08-19 00:39:46.073468
PAY_007094,CUST_00729,1382.96,WALLET,,SUCCESS,2026-07-29 15:33:46.073998
PAY_007095,CUST_04167,1062.81,WALLET,,SUCCESS,2026-08-20 03:24:46.074555
PAY_007096,CUST_03202,820.41,CARD,BANK_DECLINED,FAILED,2026-08-04 04:29:46.075151
PAY_007097,CUST_01246,1540.99,UPI,,SUCCESS,2026-08-26 14:38:46.075809
PAY_007098,CUST_04049,7513.47,CARD,INSUFFICIENT_FUNDS,FAILED,2026-07-28 22:13:46.076342
PAY_007099,CUST_01818,1088.09,NETBANKING,,SUCCESS,2026-08-04 09:11:46.076894
PAY_007100,CUST_02993,9777.92,CARD,,SUCCESS,2026-08-01 16:45:46.077443
PAY_007101,CUST_03351,638.44,UPI,,SUCCESS,2026-08-17 15:04:46.077981
PAY_007102,CUST_01088,581.95,UPI,BANK_TIMEOUT,FAILED,2026-07-28 09:56:46.078529
PAY_007103,CUST_01726,5275.74,NETBANKING,,SUCCESS,2026-08-01 08:27:46.079045
PAY_007104,CUST_01763,918.39,WALLET,,SUCCESS,2026-08-20 22:10:46.079626
PAY_007105,CUST_00129,894.14,CARD,,SUCCESS,2026-08-01 11:02:46.080156
PAY_007106,CUST_04780,2333.63,UPI,,SUCCESS,2026-08-20 04:46:46.080712
PAY_007107,CUST_02507,114.48,UPI,,SUCCESS,2026-08-13 08:24:46.081225
PAY_007108,CUST_01215,6396.96,UPI,,SUCCESS,2026-08-11 17:08:46.081786
PAY_007109,CUST_00407,1865.24,UPI,,SUCCESS,2026-08-20 01:51:46.082360
PAY_007110,CUST_03861,1330.36,WALLET,,SUCCESS,2026-08-26 01:28:46.083113
PAY_007111,CUST_02464,1017.23,UPI,,SUCCESS,2026-08-13 16:16:46.083682
PAY_007112,CUST_03990,2170.53,CARD,,SUCCESS,2026-08-18 12:10:46.084208
PAY_007113,CUST_03456,589.24,WALLET,,SUCCESS,2026-08-10 11:10:46.084761
PAY_007114,CUST_03807,8775.37,WALLET,,SUCCESS,2026-08-14 19:04:46.085273
PAY_007115,CUST_04003,1345.88,WALLET,,SUCCESS,2026-07-30 03:53:46.085849
PAY_007116,CUST_03263,1587.28,UPI,,SUCCESS,2026-07-31 09:50:46.086364
PAY_007117,CUST_01149,1501.21,UPI,AUTHENTICATION_FAILED,FAILED,2026-07-31 04:32:46.086920
PAY_007118,CUST_02900,1181.94,WALLET,,SUCCESS,2026-08-08 22:33:46.087545
PAY_007119,CUST_01924,990.06,NETBANKING,,SUCCESS,2026-08-17 11:48:46.088180
PAY_007120,CUST_00221,590.25,WALLET,BANK_DECLINED,FAILED,2026-07-29 06:01:46.088826
PAY_007121,CUST_01680,1534.26,WALLET,,SUCCESS,2026-08-20 15:55:46.089732
PAY_007122,CUST_04450,1674.6,WALLET,,SUCCESS,2026-08-02 15:03:46.090549
PAY_007123,CUST_00810,1588.79,WALLET,,SUCCESS,2026-08-09 10:49:46.091317
PAY_007124,CUST_00650,753.92,CARD,,SUCCESS,2026-08-23 09:58:46.091895
PAY_007125,CUST_00462,1700.91,UPI,,SUCCESS,2026-08-07 19:44:46.092430
PAY_007126,CUST_03810,1540.7,CARD,,SUCCESS,2026-07-30 20:43:46.092952
PAY_007127,CUST_04389,1580.05,UPI,BANK_TIMEOUT,FAILED,2026-08-17 23:29:46.093510
PAY_007128,CUST_01506,1541.74,UPI,,SUCCESS,2026-08-14 01:39:46.094023
PAY_007129,CUST_03878,1459.54,NETBANKING,,SUCCESS,2026-08-06 10:24:46.094571
PAY_007130,CUST_01561,314.88,UPI,,SUCCESS,2026-07-31 12:11:46.095085
PAY_007131,CUST_01503,842.2,CARD,,SUCCESS,2026-08-03 14:59:46.095654
PAY_007132,CUST_02948,6841.33,NETBANKING,BANK_TIMEOUT,FAILED,2026-08-15 02:52:46.096228
PAY_007133,CUST_01099,878.8,NETBANKING,,SUCCESS,2026-08-15 14:18:46.096895
PAY_007134,CUST_02482,944.61,NETBANKING,,SUCCESS,2026-08-12 18:25:46.097469
PAY_007135,CUST_02433,1578.19,UPI,BANK_DECLINED,FAILED,2026-08-05 20:52:46.097991
PAY_007136,CUST_00573,7198.32,UPI,,SUCCESS,2026-08-10 07:49:46.098540
PAY_007137,CUST_03484,795.14,WALLET,,SUCCESS,2026-08-20 22:54:46.099048
PAY_007138,CUST_00559,10566.37,NETBANKING,,SUCCESS,2026-08-22 13:19:46.099608
PAY_007139,CUST_04772,1050.4,WALLET,,SUCCESS,2026-08-05 04:53:46.100121
PAY_007140,CUST_04485,1878.7,UPI,,SUCCESS,2026-08-01 02:24:46.100677
PAY_007141,CUST_03083,636.35,CARD,,SUCCESS,2026-08-21 01:09:46.101224
PAY_007142,CUST_01648,266.28,WALLET,,SUCCESS,2026-08-04 07:55:46.101777
PAY_007143,CUST_04057,4969.68,NETBANKING,AUTHENTICATION_FAILED,FAILED,2026-08-03 06:06:46.102287
PAY_007144,CUST_02728,1184.66,WALLET,,SUCCESS,2026-08-11 16:32:46.102838
PAY_007145,CUST_03924,189.0,CARD,,SUCCESS,2026-07-30 19:10:46.103576
PAY_007146,CUST_04980,1256.69,NETBANKING,,SUCCESS,2026-08-02 10:44:46.104559
PAY_007147,CUST_02686,1533.08,CARD,,SUCCESS,2026-08-02 20:51:46.105141
PAY_007148,CUST_01710,1815.17,UPI,,SUCCESS,2026-08-21 17:52:46.106072
PAY_007149,CUST_01964,1079.09,CARD,,SUCCESS,2026-08-15 14:45:46.106824
PAY_007150,CUST_03806,1411.85,UPI,,SUCCESS,2026-08-06 21:47:46.107464
PAY_007151,CUST_03783,1031.14,NETBANKING,,SUCCESS,2026-08-07 08:22:46.108031
PAY_007152,CUST_01923,1483.55,NETBANKING,,SUCCESS,2026-08-07 13:30:46.108607
PAY_007153,CUST_00443,1241.89,WALLET,,SUCCESS,2026-07-28 16:46:46.109174
PAY_007154,CUST_00379,1025.52,UPI,,SUCCESS,2026-07-29 23:42:46.109774
PAY_007155,CUST_04584,971.46,NETBANKING,,SUCCESS,2026-08-12 01:02:46.110340
PAY_007156,CUST_04076,1585.69,CARD,,SUCCESS,2026-08-04 22:59:46.110938
PAY_007157,CUST_02900,1033.09,NETBANKING,,SUCCESS,2026-07-31 15:20:46.111464
PAY_007158,CUST_04416,2392.76,WALLET,,SUCCESS,2026-08-11 13:16:46.111976
PAY_007159,CUST_02552,1599.42,CARD,,SUCCESS,2026-08-10 12:29:46.112497
PAY_007160,CUST_04480,2290.98,UPI,,SUCCESS,2026-08-05 01:14:46.113015
PAY_007161,CUST_00298,1544.95,NETBANKING,,SUCCESS,2026-08-11 18:42:46.113529
PAY_007162,CUST_04307,1876.51,CARD,,SUCCESS,2026-08-03 21:31:46.114034
PAY_007163,CUST_00671,938.5,WALLET,,SUCCESS,2026-08-14 07:00:46.114558
PAY_007164,CUST_01702,1062.28,WALLET,,SUCCESS,2026-08-14 04:56:46.115072
PAY_007165,CUST_01238,235.73,UPI,BANK_DECLINED,FAILED,2026-08-02 19:44:46.115588
PAY_007166,CUST_02918,1238.16,CARD,,SUCCESS,2026-08-07 06:48:46.116107
PAY_007167,CUST_00676,994.36,UPI,,SUCCESS,2026-07-28 02:49:46.116625
PAY_007168,CUST_01263,1310.74,WALLET,,SUCCESS,2026-08-07 11:19:46.117218
PAY_007169,CUST_04146,1800.86,CARD,,SUCCESS,2026-08-14 13:54:46.117859
PAY_007170,CUST_00192,3111.12,NETBANKING,,SUCCESS,2026-08-12 07:13:46.118764
PAY_007171,CUST_00589,1745.11,NETBANKING,NETWORK_ERROR,FAILED,2026-08-12 15:32:46.119319
PAY_007172,CUST_04024,1357.53,WALLET,,SUCCESS,2026-08-06 17:37:46.120448
PAY_007173,CUST_04636,1123.72,WALLET,,SUCCESS,2026-08-15 23:22:46.121003
PAY_007174,CUST_03279,990.18,UPI,,SUCCESS,2026-08-24 12:27:46.121554
PAY_007175,CUST_03315,3242.87,CARD,,SUCCESS,2026-08-10 19:32:46.122176
PAY_007176,CUST_02143,100.0,CARD,,SUCCESS,2026-08-24 00:13:46.122934
PAY_007177,CUST_03687,1868.68,WALLET,,SUCCESS,2026-08-18 01:31:46.123671
PAY_007178,CUST_00479,1153.71,UPI,,SUCCESS,2026-08-11 21:24:46.124261
PAY_007179,CUST_04275,1854.21,CARD,,SUCCESS,2026-08-18 22:24:46.124844
PAY_007180,CUST_02803,2313.62,CARD,,SUCCESS,2026-08-21 00:58:46.125406
PAY_007181,CUST_04594,333.07,CARD,,SUCCESS,2026-08-12 21:24:46.126296
PAY_007182,CUST_04915,1797.44,CARD,,SUCCESS,2026-08-04 23:02:46.126868
PAY_007183,CUST_02368,1734.42,UPI,,SUCCESS,2026-07-31 22:46:46.127404
PAY_007184,CUST_01227,8448.83,NETBANKING,,SUCCESS,2026-08-06 22:46:46.127921
PAY_007185,CUST_01016,1415.22,UPI,,SUCCESS,2026-08-23 00:25:46.128445
PAY_007186,CUST_04119,1148.74,UPI,,SUCCESS,2026-08-14 06:57:46.128943
PAY_007187,CUST_02614,824.78,CARD,INSUFFICIENT_FUNDS,FAILED,2026-08-13 03:11:46.129463
PAY_007188,CUST_00837,1409.53,UPI,,SUCCESS,2026-08-11 14:27:46.129981
PAY_007189,CUST_01089,1359.99,WALLET,,SUCCESS,2026-08-15 18:32:46.130503
PAY_007190,CUST_03902,1188.44,WALLET,,SUCCESS,2026-08-08 13:42:46.131017
PAY_007191,CUST_04327,1993.71,WALLET,,SUCCESS,2026-08-22 00:55:46.131554
PAY_007192,CUST_04721,2643.68,NETBANKING,,SUCCESS,2026-08-14 21:34:46.132093
PAY_007193,CUST_01634,1704.37,UPI,,SUCCESS,2026-08-11 01:59:46.132714
PAY_007194,CUST_01049,1750.15,CARD,NETWORK_ERROR,FAILED,2026-08-24 22:12:46.133251
PAY_007195,CUST_04140,1950.22,WALLET,,SUCCESS,2026-08-04 17:37:46.133780
PAY_007196,CUST_01630,1232.65,WALLET,,SUCCESS,2026-07-28 23:29:46.134318
PAY_007197,CUST_00078,1067.34,WALLET,,SUCCESS,2026-08-20 14:17:46.134967
PAY_007198,CUST_04240,1446.07,NETBANKING,INSUFFICIENT_FUNDS,FAILED,2026-08-08 19:20:46.135501
PAY_007199,CUST_04201,709.22,NETBANKING,,SUCCESS,2026-07-29 09:15:46.136021
PAY_007200,CUST_02617,8442.73,UPI,,SUCCESS,2026-07-30 12:17:46.136549
PAY_007201,CUST_00475,607.3,NETBANKING,,SUCCESS,2026-08-08 04:23:46.137058
PAY_007202,CUST_01833,1207.83,CARD,,SUCCESS,2026-08-03 23:19:46.137575
PAY_007203,CUST_01766,661.91,UPI,,SUCCESS,2026-08-19 00:25:46.138087
PAY_007204,CUST_03018,886.26,NETBANKING,,SUCCESS,2026-08-12 04:17:46.138703
PAY_007205,CUST_00620,2355.1,CARD,,SUCCESS,2026-08-01 10:24:46.139901
PAY_007206,CUST_02834,1841.61,UPI,,SUCCESS,2026-08-04 03:53:46.140699
PAY_007207,CUST_02192,1157.73,NETBANKING,,SUCCESS,2026-08-01 19:12:46.141414
PAY_007208,CUST_01317,1976.93,CARD,,SUCCESS,2026-08-09 04:57:46.141981
PAY_007209,CUST_01971,1091.1,NETBANKING,,SUCCESS,2026-08-16 21:16:46.142536
PAY_007210,CUST_04192,493.8,NETBANKING,,SUCCESS,2026-08-08 16:31:46.143045
PAY_007211,CUST_02061,858.68,NETBANKING,,SUCCESS,2026-08-13 15:41:46.143606
PAY_007212,CUST_04673,365.88,UPI,,SUCCESS,2026-08-06 11:56:46.144122
PAY_007213,CUST_01938,1286.71,UPI,,SUCCESS,2026-08-04 22:03:46.144671
PAY_007214,CUST_03522,1290.5,UPI,,SUCCESS,2026-08-01 04:23:46.145184
PAY_007215,CUST_02959,1491.31,UPI,,SUCCESS,2026-07-30 03:42:46.145765
PAY_007216,CUST_00464,2270.34,WALLET,,SUCCESS,2026-08-04 19:01:46.146498
PAY_007217,CUST_01192,2197.52,UPI,,SUCCESS,2026-08-19 19:34:46.147031
PAY_007218,CUST_00774,778.0,NETBANKING,,SUCCESS,2026-08-13 04:21:46.147603
PAY_007219,CUST_01639,1804.35,NETBANKING,AUTHENTICATION_FAILED,FAILED,2026-08-19 06:25:46.148115
PAY_007220,CUST_04314,2064.33,UPI,,SUCCESS,2026-08-07 05:48:46.148687
PAY_007221,CUST_04986,1126.02,CARD,,SUCCESS,2026-08-03 02:53:46.149203
PAY_007222,CUST_04725,2380.31,CARD,,SUCCESS,2026-08-03 05:47:46.149767
PAY_007223,CUST_02905,1872.45,NETBANKING,,SUCCESS,2026-07-31 19:53:46.150278
PAY_007224,CUST_01626,2441.97,WALLET,,SUCCESS,2026-08-06 12:53:46.150944
PAY_007225,CUST_01815,1639.6,WALLET,,SUCCESS,2026-08-12 06:11:46.151502
PAY_007226,CUST_04303,581.0,UPI,,SUCCESS,2026-08-04 21:03:46.152016
PAY_007227,CUST_03041,1064.78,NETBANKING,BANK_DECLINED,FAILED,2026-07-29 21:35:46.152607
PAY_007228,CUST_01739,2646.67,CARD,,SUCCESS,2026-07-28 17:18:46.153277
PAY_007229,CUST_03490,1109.5,CARD,,SUCCESS,2026-08-07 03:07:46.154007
PAY_007230,CUST_04762,1414.86,WALLET,,SUCCESS,2026-08-22 03:38:46.154624
PAY_007231,CUST_03774,7426.27,WALLET,,SUCCESS,2026-08-01 03:11:46.155140
PAY_007232,CUST_03842,751.41,CARD,,SUCCESS,2026-08-26 15:57:46.156146
PAY_007233,CUST_00098,1980.22,NETBANKING,,SUCCESS,2026-07-29 21:52:46.156735
PAY_007234,CUST_03062,2086.05,UPI,,SUCCESS,2026-08-04 15:05:46.157255
PAY_007235,CUST_02304,10308.68,CARD,,SUCCESS,2026-08-13 04:53:46.157813
PAY_007236,CUST_01495,787.84,NETBANKING,,SUCCESS,2026-08-17 04:57:46.158328
PAY_007237,CUST_03308,8673.66,WALLET,,SUCCESS,2026-08-05 13:12:46.158872
PAY_007238,CUST_04636,615.89,UPI,BANK_TIMEOUT,FAILED,2026-08-21 18:57:46.159467
PAY_007239,CUST_00979,2104.59,NETBANKING,,SUCCESS,2026-07-28 12:03:46.160155
PAY_007240,CUST_02613,338.93,WALLET,,SUCCESS,2026-08-16 09:03:46.160726
PAY_007241,CUST_03950,1330.02,NETBANKING,,SUCCESS,2026-08-15 20:18:46.161242
PAY_007242,CUST_03051,1494.52,NETBANKING,,SUCCESS,2026-08-02 08:49:46.161798
PAY_007243,CUST_02113,2325.62,CARD,,SUCCESS,2026-08-10 17:58:46.162312
PAY_007244,CUST_02353,893.07,WALLET,,SUCCESS,2026-08-04 00:13:46.162860
PAY_007245,CUST_04258,1335.23,NETBANKING,,SUCCESS,2026-08-22 01:26:46.163369
PAY_007246,CUST_00437,1395.81,NETBANKING,,SUCCESS,2026-07-28 06:55:46.163929
PAY_007247,CUST_03927,327.84,WALLET,,SUCCESS,2026-08-12 17:21:46.164476
PAY_007248,CUST_01452,822.88,NETBANKING,,SUCCESS,2026-07-28 06:19:46.164984
PAY_007249,CUST_00472,1494.41,CARD,,SUCCESS,2026-07-29 14:08:46.165541
PAY_007250,CUST_03127,2243.69,CARD,,SUCCESS,2026-08-15 23:09:46.166083
PAY_007251,CUST_01948,513.5,NETBANKING,,SUCCESS,2026-08-09 19:35:46.166761
PAY_007252,CUST_04211,1232.3,UPI,,SUCCESS,2026-07-31 07:06:46.167359
PAY_007253,CUST_01964,1630.59,NETBANKING,,SUCCESS,2026-08-04 16:03:46.168010
PAY_007254,CUST_01398,1875.97,NETBANKING,,SUCCESS,2026-08-04 14:04:46.168899
PAY_007255,CUST_00592,2388.34,UPI,,SUCCESS,2026-07-28 00:57:46.169488
PAY_007256,CUST_02857,1413.85,UPI,,SUCCESS,2026-08-19 17:09:46.170005
PAY_007257,CUST_02335,100.0,NETBANKING,,SUCCESS,2026-07-29 04:51:46.170536
PAY_007258,CUST_00078,566.5,CARD,,SUCCESS,2026-08-08 02:27:46.171054
PAY_007259,CUST_03636,6942.43,CARD,,SUCCESS,2026-07-27 23:13:46.171569
PAY_007260,CUST_02157,805.21,NETBANKING,,SUCCESS,2026-08-06 13:52:46.172236
PAY_007261,CUST_04222,6880.82,UPI,NETWORK_ERROR,FAILED,2026-08-22 03:43:46.172923
PAY_007262,CUST_03163,2351.48,WALLET,,SUCCESS,2026-07-28 22:49:46.173461
PAY_007263,CUST_03707,1823.77,NETBANKING,,SUCCESS,2026-08-04 08:43:46.174021
PAY_007264,CUST_01857,7969.23,WALLET,,SUCCESS,2026-08-15 14:40:46.174729
PAY_007265,CUST_00443,1863.51,UPI,,SUCCESS,2026-08-01 11:36:46.175685
PAY_007266,CUST_04045,2158.81,NETBANKING,,SUCCESS,2026-07-31 18:12:46.176223
PAY_007267,CUST_04324,1945.14,UPI,,SUCCESS,2026-08-03 04:52:46.176747
PAY_007268,CUST_02889,6274.12,WALLET,,SUCCESS,2026-08-13 21:20:46.177256
PAY_007269,CUST_01696,1249.52,WALLET,,SUCCESS,2026-08-25 02:22:46.177777
PAY_007270,CUST_03688,449.83,UPI,INSUFFICIENT_FUNDS,FAILED,2026-07-30 02:15:46.178286
PAY_007271,CUST_01520,1148.95,UPI,,SUCCESS,2026-08-25 21:48:46.178797
PAY_007272,CUST_03697,1895.97,NETBANKING,,SUCCESS,2026-07-29 18:17:46.179309
PAY_007273,CUST_01535,1435.25,UPI,,SUCCESS,2026-08-22 00:20:46.179833
PAY_007274,CUST_00359,2831.58,UPI,,SUCCESS,2026-08-09 08:18:46.180346
PAY_007275,CUST_02791,551.17,NETBANKING,,SUCCESS,2026-07-31 15:14:46.181009
PAY_007276,CUST_02273,1940.88,WALLET,AUTHENTICATION_FAILED,FAILED,2026-08-18 16:21:46.181738
PAY_007277,CUST_02813,1141.42,NETBANKING,,SUCCESS,2026-08-12 12:06:46.182268
PAY_007278,CUST_04295,1853.92,WALLET,,SUCCESS,2026-08-19 16:23:46.183054
PAY_007279,CUST_02323,789.57,NETBANKING,AUTHENTICATION_FAILED,FAILED,2026-08-16 00:43:46.183582
PAY_007280,CUST_04790,960.7,WALLET,,SUCCESS,2026-08-06 12:38:46.184104
PAY_007281,CUST_04546,1184.09,CARD,,SUCCESS,2026-08-10 17:22:46.184641
PAY_007282,CUST_02256,557.88,WALLET,,SUCCESS,2026-08-04 15:09:46.185154
PAY_007283,CUST_03757,1840.06,NETBANKING,,SUCCESS,2026-08-10 13:59:46.185678
PAY_007284,CUST_01243,1034.9,WALLET,,SUCCESS,2026-08-24 17:12:46.186201
PAY_007285,CUST_02104,3302.79,WALLET,,SUCCESS,2026-08-20 22:58:46.186722
PAY_007286,CUST_04318,988.43,CARD,BANK_DECLINED,FAILED,2026-08-22 21:37:46.187233
PAY_007287,CUST_00356,1601.35,CARD,,SUCCESS,2026-08-11 01:36:46.187809
PAY_007288,CUST_03018,1368.7,CARD,,SUCCESS,2026-07-29 22:18:46.188391
PAY_007289,CUST_01679,1066.99,NETBANKING,INSUFFICIENT_FUNDS,FAILED,2026-08-24 15:24:46.189164
PAY_007290,CUST_00644,1989.4,NETBANKING,,SUCCESS,2026-08-19 06:41:46.189925
PAY_007291,CUST_01179,5353.68,NETBANKING,,SUCCESS,2026-07-29 19:42:46.190635
PAY_007292,CUST_03105,377.87,WALLET,,SUCCESS,2026-08-16 13:06:46.191229
PAY_007293,CUST_02362,856.36,WALLET,,SUCCESS,2026-08-06 16:30:46.191762
PAY_007294,CUST_01607,1050.21,UPI,,SUCCESS,2026-08-14 14:07:46.192278
PAY_007295,CUST_01049,2006.97,UPI,,SUCCESS,2026-08-17 20:46:46.192799
PAY_007296,CUST_01533,1422.68,UPI,,SUCCESS,2026-08-24 10:34:46.193313
PAY_007297,CUST_04769,1034.22,CARD,,SUCCESS,2026-08-10 05:04:46.193827
PAY_007298,CUST_02783,1147.72,WALLET,,SUCCESS,2026-08-10 04:28:46.194335
PAY_007299,CUST_02918,1938.64,CARD,,SUCCESS,2026-08-09 01:04:46.194896
PAY_007300,CUST_02080,100.0,CARD,,SUCCESS,2026-08-11 04:33:46.195553
PAY_007301,CUST_03708,9174.0,WALLET,,SUCCESS,2026-08-15 23:42:46.196265
PAY_007302,CUST_02498,2197.22,WALLET,,SUCCESS,2026-07-30 21:01:46.196829
PAY_007303,CUST_00694,100.0,UPI,,SUCCESS,2026-08-20 08:20:46.197344
PAY_007304,CUST_03567,1791.27,WALLET,,SUCCESS,2026-08-07 06:07:46.197958
PAY_007305,CUST_04179,336.66,UPI,,SUCCESS,2026-08-22 18:15:46.198478
PAY_007306,CUST_03928,165.09,CARD,,SUCCESS,2026-08-17 20:39:46.198982
PAY_007307,CUST_03294,100.0,CARD,,SUCCESS,2026-08-23 08:21:46.199544
PAY_007308,CUST_03210,1735.97,CARD,,SUCCESS,2026-08-12 02:52:46.200061
PAY_007309,CUST_03740,1661.78,WALLET,,SUCCESS,2026-08-23 00:39:46.200583
PAY_007310,CUST_02484,6336.28,WALLET,,SUCCESS,2026-07-28 13:44:46.201093
PAY_007311,CUST_04461,1164.12,CARD,,SUCCESS,2026-08-11 14:59:46.201610
PAY_007312,CUST_02520,7771.88,NETBANKING,,SUCCESS,2026-08-08 20:11:46.202170
PAY_007313,CUST_03912,1521.97,NETBANKING,,SUCCESS,2026-08-06 05:43:46.202780
PAY_007314,CUST_04163,1056.07,NETBANKING,,SUCCESS,2026-08-09 14:30:46.203308
PAY_007315,CUST_02433,1267.49,CARD,,SUCCESS,2026-08-18 13:19:46.203829
PAY_007316,CUST_03791,1032.94,NETBANKING,,SUCCESS,2026-08-14 00:52:46.204336
PAY_007317,CUST_04575,1386.29,UPI,,SUCCESS,2026-08-21 19:24:46.204847
PAY_007318,CUST_02757,2048.5,NETBANKING,,SUCCESS,2026-08-22 21:40:46.205426
PAY_007319,CUST_04150,1519.88,WALLET,,SUCCESS,2026-08-18 05:59:46.206112
PAY_007320,CUST_01283,1719.55,UPI,,SUCCESS,2026-08-11 09:33:46.206816
PAY_007321,CUST_00471,1387.07,CARD,,SUCCESS,2026-08-01 15:16:46.207379
PAY_007322,CUST_02182,2110.82,UPI,,SUCCESS,2026-07-30 19:02:46.207948
PAY_007323,CUST_02943,1580.33,WALLET,,SUCCESS,2026-08-03 10:33:46.208463
PAY_007324,CUST_04433,866.21,UPI,,SUCCESS,2026-08-02 08:16:46.208976
PAY_007325,CUST_04340,1916.04,NETBANKING,,SUCCESS,2026-08-04 04:24:46.209539
PAY_007326,CUST_01007,1071.34,NETBANKING,,SUCCESS,2026-08-09 09:38:46.210097
PAY_007327,CUST_04066,1661.76,CARD,,SUCCESS,2026-08-25 12:24:46.210658
PAY_007328,CUST_02840,100.0,NETBANKING,,SUCCESS,2026-08-03 00:28:46.211174
PAY_007329,CUST_04722,1495.47,CARD,,SUCCESS,2026-08-12 01:22:46.211696
PAY_007330,CUST_03487,776.08,UPI,,SUCCESS,2026-08-22 08:26:46.212200
PAY_007331,CUST_04942,1111.82,WALLET,INSUFFICIENT_FUNDS,FAILED,2026-08-02 03:11:46.212721
PAY_007332,CUST_02115,1163.24,WALLET,,SUCCESS,2026-08-26 06:24:46.213228
PAY_007333,CUST_01329,672.33,WALLET,,SUCCESS,2026-08-08 19:33:46.213898
PAY_007334,CUST_00381,6857.3,WALLET,,SUCCESS,2026-08-04 19:25:46.214424
PAY_007335,CUST_01840,1350.88,UPI,NETWORK_ERROR,FAILED,2026-08-04 19:08:46.214950
PAY_007336,CUST_01317,2220.7,CARD,,SUCCESS,2026-08-05 14:56:46.215474
PAY_007337,CUST_00913,2482.95,NETBANKING,,SUCCESS,2026-08-26 16:03:46.216020
PAY_007338,CUST_03235,1938.58,WALLET,,SUCCESS,2026-08-23 19:08:46.216613
PAY_007339,CUST_04257,1081.12,CARD,,SUCCESS,2026-08-22 12:25:46.217166
PAY_007340,CUST_01515,464.79,UPI,,SUCCESS,2026-08-13 22:55:46.217690
PAY_007341,CUST_00382,1024.49,WALLET,,SUCCESS,2026-08-01 06:12:46.218198
PAY_007342,CUST_01379,352.79,NETBANKING,BANK_TIMEOUT,FAILED,2026-08-03 23:39:46.218714
PAY_007343,CUST_00258,1623.25,CARD,,SUCCESS,2026-08-24 18:02:46.219234
PAY_007344,CUST_00671,930.37,CARD,,SUCCESS,2026-08-09 04:02:46.219748
PAY_007345,CUST_01162,1718.71,NETBANKING,,SUCCESS,2026-08-08 13:18:46.220254
PAY_007346,CUST_00223,852.76,WALLET,,SUCCESS,2026-08-05 12:30:46.220771
PAY_007347,CUST_02023,1631.09,UPI,,SUCCESS,2026-08-08 12:34:46.221280
PAY_007348,CUST_00616,1474.08,CARD,AUTHENTICATION_FAILED,FAILED,2026-08-25 20:33:46.221796
PAY_007349,CUST_04066,1194.45,NETBANKING,,SUCCESS,2026-07-31 21:14:46.222511
PAY_007350,CUST_00161,2590.16,WALLET,BANK_TIMEOUT,FAILED,2026-08-16 08:14:46.223318
PAY_007351,CUST_02208,1795.9,NETBANKING,,SUCCESS,2026-08-21 13:49:46.224287
PAY_007352,CUST_03221,1599.96,WALLET,,SUCCESS,2026-08-24 08:54:46.225010
PAY_007353,CUST_01348,1239.78,UPI,BANK_DECLINED,FAILED,2026-08-01 08:41:46.225550
PAY_007354,CUST_02273,2266.59,CARD,,SUCCESS,2026-08-08 17:08:46.226077
PAY_007355,CUST_03650,1293.35,CARD,,SUCCESS,2026-07-31 09:49:46.226609
PAY_007356,CUST_02002,1250.17,UPI,,SUCCESS,2026-08-05 17:51:46.227128
PAY_007357,CUST_02656,962.95,UPI,,SUCCESS,2026-08-11 16:07:46.227651
PAY_007358,CUST_02119,1021.18,UPI,,SUCCESS,2026-07-30 13:18:46.228174
PAY_007359,CUST_03484,337.5,WALLET,,SUCCESS,2026-08-20 11:33:46.228790
PAY_007360,CUST_03444,2158.55,NETBANKING,,SUCCESS,2026-08-18 23:09:46.229309
PAY_007361,CUST_03021,953.83,UPI,,SUCCESS,2026-08-20 09:18:46.229903
PAY_007362,CUST_04942,786.91,WALLET,,SUCCESS,2026-07-31 18:46:46.230457
PAY_007363,CUST_03579,2082.34,UPI,,SUCCESS,2026-08-01 17:41:46.231033
PAY_007364,CUST_02272,382.64,WALLET,,SUCCESS,2026-08-10 02:11:46.231565
PAY_007365,CUST_01268,1154.94,UPI,,SUCCESS,2026-08-20 08:15:46.232093
PAY_007366,CUST_03810,960.62,CARD,,SUCCESS,2026-08-17 17:32:46.232619
PAY_007367,CUST_01027,2260.19,NETBANKING,,SUCCESS,2026-08-01 23:20:46.233131
PAY_007368,CUST_03363,1626.33,NETBANKING,,SUCCESS,2026-08-18 01:01:46.233653
PAY_007369,CUST_00935,1202.63,UPI,,SUCCESS,2026-08-26 14:13:46.234178
PAY_007370,CUST_02136,1252.61,WALLET,,SUCCESS,2026-08-15 21:29:46.234697
PAY_007371,CUST_02644,1062.26,NETBANKING,,SUCCESS,2026-08-22 22:37:46.235241
PAY_007372,CUST_03127,1138.2,NETBANKING,,SUCCESS,2026-08-15 05:45:46.235765
PAY_007373,CUST_02093,1275.3,CARD,,SUCCESS,2026-08-11 01:52:46.236289
PAY_007374,CUST_02393,508.1,CARD,,SUCCESS,2026-08-23 01:52:46.236865
PAY_007375,CUST_01197,1502.48,UPI,,SUCCESS,2026-08-19 22:27:46.237411
PAY_007376,CUST_00190,837.94,CARD,,SUCCESS,2026-08-18 04:00:46.238095
PAY_007377,CUST_02427,1893.89,NETBANKING,,SUCCESS,2026-08-10 01:19:46.238656
PAY_007378,CUST_03117,1557.82,WALLET,,SUCCESS,2026-08-01 00:22:46.239442
PAY_007379,CUST_00725,279.7,CARD,,SUCCESS,2026-08-11 08:44:46.240168
PAY_007380,CUST_01897,804.94,WALLET,,SUCCESS,2026-08-22 05:41:46.240771
PAY_007381,CUST_03338,395.55,WALLET,,SUCCESS,2026-08-23 01:55:46.241289
PAY_007382,CUST_04875,2010.65,UPI,,SUCCESS,2026-08-18 00:53:46.241808
PAY_007383,CUST_01331,1278.1,WALLET,AUTHENTICATION_FAILED,FAILED,2026-08-06 05:17:46.242316
PAY_007384,CUST_04718,8532.09,NETBANKING,,SUCCESS,2026-08-23 10:22:46.242884
PAY_007385,CUST_03250,784.13,WALLET,BANK_TIMEOUT,FAILED,2026-08-11 18:28:46.243500
PAY_007386,CUST_03960,1264.29,WALLET,BANK_DECLINED,FAILED,2026-08-02 04:06:46.244164
PAY_007387,CUST_02413,1990.92,NETBANKING,,SUCCESS,2026-08-17 06:46:46.244745
PAY_007388,CUST_00553,1702.58,WALLET,,SUCCESS,2026-08-01 08:43:46.245315
PAY_007389,CUST_03880,474.04,WALLET,,SUCCESS,2026-08-08 09:55:46.245880
PAY_007390,CUST_04280,1807.05,WALLET,,SUCCESS,2026-08-24 00:38:46.246403
PAY_007391,CUST_02114,1456.27,NETBANKING,INSUFFICIENT_FUNDS,FAILED,2026-08-12 16:06:46.246914
PAY_007392,CUST_03617,637.16,WALLET,,SUCCESS,2026-07-28 21:16:46.247462
PAY_007393,CUST_01684,1140.3,CARD,,SUCCESS,2026-08-23 03:28:46.248014
PAY_007394,CUST_01408,441.01,WALLET,,SUCCESS,2026-08-16 00:44:46.248537
PAY_007395,CUST_01621,1338.99,CARD,INSUFFICIENT_FUNDS,FAILED,2026-08-14 18:18:46.249054
PAY_007396,CUST_00484,7735.66,WALLET,,SUCCESS,2026-08-06 06:03:46.249575
PAY_007397,CUST_04424,545.64,WALLET,,SUCCESS,2026-08-14 18:29:46.250091
PAY_007398,CUST_03059,2047.22,NETBANKING,,SUCCESS,2026-08-21 11:50:46.250610
PAY_007399,CUST_02472,626.05,NETBANKING,,SUCCESS,2026-08-02 01:57:46.251123
PAY_007400,CUST_00928,992.32,UPI,,SUCCESS,2026-07-31 02:06:46.251688
PAY_007401,CUST_00234,1298.86,WALLET,,SUCCESS,2026-08-16 21:37:46.252243
PAY_007402,CUST_02547,910.35,UPI,,SUCCESS,2026-08-11 02:39:46.252827
PAY_007403,CUST_04435,902.75,NETBANKING,,SUCCESS,2026-08-13 14:39:46.253346
PAY_007404,CUST_01953,1140.42,UPI,,SUCCESS,2026-08-06 01:53:46.253863
PAY_007405,CUST_01711,1728.57,NETBANKING,,SUCCESS,2026-07-31 09:40:46.254382
PAY_007406,CUST_00384,442.75,NETBANKING,,SUCCESS,2026-08-05 01:31:46.254896
PAY_007407,CUST_04254,399.74,UPI,,SUCCESS,2026-08-21 23:59:46.255581
PAY_007408,CUST_01877,839.05,WALLET,AUTHENTICATION_FAILED,FAILED,2026-08-05 06:36:46.256290
PAY_007409,CUST_01249,1130.03,WALLET,,SUCCESS,2026-08-10 07:25:46.256875
PAY_007410,CUST_03813,2396.75,NETBANKING,,SUCCESS,2026-08-07 17:57:46.257426
PAY_007411,CUST_04593,11937.27,CARD,,SUCCESS,2026-08-03 11:55:46.257974
PAY_007412,CUST_04509,1299.54,WALLET,,SUCCESS,2026-08-19 21:11:46.258573
PAY_007413,CUST_01318,2336.93,CARD,BANK_DECLINED,FAILED,2026-08-03 17:12:46.259237
PAY_007414,CUST_01607,459.23,UPI,,SUCCESS,2026-08-17 12:54:46.259890
PAY_007415,CUST_02141,964.91,NETBANKING,,SUCCESS,2026-08-09 11:34:46.260434
PAY_007416,CUST_04695,1800.54,NETBANKING,,SUCCESS,2026-08-07 19:33:46.260970
PAY_007417,CUST_04870,845.12,WALLET,NETWORK_ERROR,FAILED,2026-07-30 22:18:46.261539
PAY_007418,CUST_04360,1204.92,CARD,,SUCCESS,2026-07-28 04:57:46.262059
PAY_007419,CUST_00140,1731.82,WALLET,,SUCCESS,2026-08-23 16:57:46.262617
PAY_007420,CUST_00594,7081.97,CARD,,SUCCESS,2026-08-08 03:18:46.263130
PAY_007421,CUST_03599,5420.51,WALLET,,SUCCESS,2026-08-25 05:59:46.263698
PAY_007422,CUST_02554,1566.95,WALLET,,SUCCESS,2026-08-06 17:30:46.264210
PAY_007423,CUST_04959,867.46,WALLET,,SUCCESS,2026-07-30 15:44:46.264763
PAY_007424,CUST_00790,471.18,UPI,,SUCCESS,2026-07-28 00:15:46.265361
PAY_007425,CUST_01923,1479.24,WALLET,,SUCCESS,2026-08-20 05:15:46.266034
PAY_007426,CUST_03796,8558.51,WALLET,,SUCCESS,2026-08-05 11:13:46.266600
PAY_007427,CUST_04321,1544.28,WALLET,,SUCCESS,2026-08-23 14:41:46.267120
PAY_007428,CUST_03777,2307.13,UPI,,SUCCESS,2026-08-24 06:37:46.267689
PAY_007429,CUST_01216,2053.79,CARD,,SUCCESS,2026-08-10 12:17:46.268198
PAY_007430,CUST_02081,868.88,WALLET,INSUFFICIENT_FUNDS,FAILED,2026-08-18 06:09:46.268747
PAY_007431,CUST_02314,8101.94,UPI,,SUCCESS,2026-08-08 06:28:46.269270
PAY_007432,CUST_00454,1443.94,CARD,,SUCCESS,2026-08-13 16:56:46.269817
PAY_007433,CUST_03901,989.93,CARD,,SUCCESS,2026-08-18 00:31:46.270331
PAY_007434,CUST_01485,1447.57,CARD,,SUCCESS,2026-08-24 10:12:46.270879
PAY_007435,CUST_04954,2122.93,CARD,,SUCCESS,2026-07-29 17:11:46.271436
PAY_007436,CUST_04383,1200.59,CARD,,SUCCESS,2026-08-15 07:22:46.272203
PAY_007437,CUST_04213,1324.71,UPI,,SUCCESS,2026-08-08 12:44:46.273214
PAY_007438,CUST_02431,1660.68,UPI,,SUCCESS,2026-08-09 14:10:46.273833
PAY_007439,CUST_04195,1515.09,NETBANKING,,SUCCESS,2026-08-16 11:24:46.274352
PAY_007440,CUST_03065,1705.03,UPI,,SUCCESS,2026-08-08 15:15:46.274905
PAY_007441,CUST_01550,639.56,CARD,,SUCCESS,2026-08-18 02:33:46.275431
PAY_007442,CUST_01045,3657.81,WALLET,,SUCCESS,2026-08-12 01:57:46.276150
PAY_007443,CUST_02588,1718.74,NETBANKING,,SUCCESS,2026-08-22 16:12:46.276723
PAY_007444,CUST_01560,1219.52,NETBANKING,INSUFFICIENT_FUNDS,FAILED,2026-08-04 19:58:46.277292
PAY_007445,CUST_02525,562.73,UPI,,SUCCESS,2026-08-25 06:49:46.277857
PAY_007446,CUST_02694,2042.28,NETBANKING,,SUCCESS,2026-08-15 05:39:46.278393
PAY_007447,CUST_04264,1105.7,NETBANKING,,SUCCESS,2026-08-13 17:06:46.278928
PAY_007448,CUST_01323,2463.3,NETBANKING,,SUCCESS,2026-08-15 14:49:46.279555
PAY_007449,CUST_00294,1465.21,UPI,,SUCCESS,2026-08-15 03:20:46.280187
PAY_007450,CUST_04371,1272.97,NETBANKING,,SUCCESS,2026-08-12 15:10:46.280755
PAY_007451,CUST_04359,1199.66,UPI,,SUCCESS,2026-08-12 01:00:46.281274
PAY_007452,CUST_03434,1958.43,WALLET,,SUCCESS,2026-08-08 02:50:46.281841
PAY_007453,CUST_04609,2195.64,NETBANKING,,SUCCESS,2026-08-20 18:41:46.282353
PAY_007454,CUST_03404,1975.07,UPI,,SUCCESS,2026-08-04 22:57:46.282903
PAY_007455,CUST_01642,1999.7,WALLET,,SUCCESS,2026-08-01 17:25:46.283441
PAY_007456,CUST_04105,9304.99,WALLET,,SUCCESS,2026-08-02 00:18:46.283976
PAY_007457,CUST_01466,841.11,CARD,,SUCCESS,2026-08-24 20:57:46.284519
PAY_007458,CUST_00952,1001.26,CARD,INSUFFICIENT_FUNDS,FAILED,2026-08-21 05:15:46.285020
PAY_007459,CUST_04757,1453.86,UPI,,SUCCESS,2026-08-04 22:00:46.285572
PAY_007460,CUST_02997,1261.67,UPI,AUTHENTICATION_FAILED,FAILED,2026-08-11 22:46:46.286093
PAY_007461,CUST_01490,1921.75,WALLET,,SUCCESS,2026-08-17 06:45:46.286634
PAY_007462,CUST_04490,1103.26,CARD,,SUCCESS,2026-08-02 05:07:46.287254
PAY_007463,CUST_03551,1513.44,WALLET,,SUCCESS,2026-08-19 12:41:46.288095
PAY_007464,CUST_04618,844.17,WALLET,,SUCCESS,2026-08-17 13:10:46.289068
PAY_007465,CUST_01303,990.33,UPI,,SUCCESS,2026-08-15 08:04:46.289808
PAY_007466,CUST_03389,660.22,NETBANKING,,SUCCESS,2026-07-31 23:08:46.290350
PAY_007467,CUST_03267,956.82,WALLET,,SUCCESS,2026-08-18 21:10:46.291058
PAY_007468,CUST_04577,842.8,UPI,,SUCCESS,2026-08-05 05:16:46.291612
PAY_007469,CUST_03032,1465.46,WALLET,,SUCCESS,2026-08-12 16:35:46.292156
PAY_007470,CUST_01855,8140.26,WALLET,,SUCCESS,2026-08-26 09:46:46.292692
PAY_007471,CUST_02918,1245.49,CARD,,SUCCESS,2026-08-02 02:58:46.293203
PAY_007472,CUST_02534,768.26,UPI,,SUCCESS,2026-08-05 08:25:46.293781
PAY_007473,CUST_02742,394.18,NETBANKING,BANK_TIMEOUT,FAILED,2026-08-24 21:44:46.294323
PAY_007474,CUST_04295,1472.87,WALLET,,SUCCESS,2026-08-12 13:51:46.294928
PAY_007475,CUST_03644,1759.05,UPI,,SUCCESS,2026-08-19 22:58:46.295458
PAY_007476,CUST_01383,1045.33,CARD,,SUCCESS,2026-08-19 12:58:46.295969
PAY_007477,CUST_02303,1361.67,UPI,,SUCCESS,2026-08-23 01:01:46.296535
PAY_007478,CUST_01062,1833.17,WALLET,,SUCCESS,2026-08-10 08:44:46.297055
PAY_007479,CUST_01739,1829.13,NETBANKING,,SUCCESS,2026-08-23 17:53:46.297572
PAY_007480,CUST_00779,1050.66,WALLET,,SUCCESS,2026-07-29 14:12:46.298081
PAY_007481,CUST_03163,2773.08,UPI,BANK_TIMEOUT,FAILED,2026-08-14 12:59:46.298615
PAY_007482,CUST_03397,1673.88,CARD,,SUCCESS,2026-08-05 13:22:46.299123
PAY_007483,CUST_01529,589.6,UPI,,SUCCESS,2026-08-22 08:11:46.299648
PAY_007484,CUST_01147,3895.54,WALLET,,SUCCESS,2026-07-31 19:01:46.300162
PAY_007485,CUST_04815,1231.69,NETBANKING,,SUCCESS,2026-08-19 00:18:46.300750
PAY_007486,CUST_03989,1187.88,CARD,,SUCCESS,2026-08-08 15:53:46.301344
PAY_007487,CUST_03056,100.0,NETBANKING,BANK_DECLINED,FAILED,2026-08-02 01:56:46.301876
PAY_007488,CUST_00645,1499.7,CARD,,SUCCESS,2026-08-17 14:36:46.302393
PAY_007489,CUST_03002,1375.29,NETBANKING,AUTHENTICATION_FAILED,FAILED,2026-08-04 07:56:46.302919
PAY_007490,CUST_02283,939.29,CARD,AUTHENTICATION_FAILED,FAILED,2026-08-16 22:46:46.303442
PAY_007491,CUST_01223,100.0,UPI,,SUCCESS,2026-08-07 09:18:46.303964
PAY_007492,CUST_03528,1234.47,UPI,,SUCCESS,2026-08-14 23:18:46.304477
PAY_007493,CUST_03836,905.12,CARD,,SUCCESS,2026-08-16 08:37:46.305000
PAY_007494,CUST_02401,386.32,WALLET,BANK_TIMEOUT,FAILED,2026-08-14 14:16:46.305681
PAY_007495,CUST_00467,3352.89,NETBANKING,,SUCCESS,2026-08-04 00:34:46.306295
PAY_007496,CUST_04855,7579.05,WALLET,,SUCCESS,2026-08-26 11:16:46.306969
PAY_007497,CUST_00341,9222.43,UPI,,SUCCESS,2026-08-21 22:09:46.307581
PAY_007498,CUST_00907,1072.93,WALLET,,SUCCESS,2026-07-30 01:21:46.308170
PAY_007499,CUST_00564,1280.24,WALLET,,SUCCESS,2026-08-20 18:26:46.309000
PAY_007500,CUST_01479,652.75,CARD,BANK_DECLINED,FAILED,2026-08-23 10:28:46.309653
PAY_007501,CUST_00453,909.13,UPI,,SUCCESS,2026-08-21 08:43:46.310168
PAY_007502,CUST_03916,10795.98,CARD,,SUCCESS,2026-08-01 18:27:46.310722
PAY_007503,CUST_00539,6720.51,NETBANKING,,SUCCESS,2026-08-21 00:53:46.311243
PAY_007504,CUST_01381,989.08,CARD,AUTHENTICATION_FAILED,FAILED,2026-08-06 07:24:46.311796
PAY_007505,CUST_03797,977.53,NETBANKING,,SUCCESS,2026-07-31 14:26:46.312306
PAY_007506,CUST_03641,7422.23,CARD,,SUCCESS,2026-08-05 02:17:46.312858
PAY_007507,CUST_04117,1440.26,CARD,,SUCCESS,2026-07-30 18:44:46.313395
PAY_007508,CUST_01339,4263.62,NETBANKING,,SUCCESS,2026-08-02 09:56:46.313931
PAY_007509,CUST_00814,736.4,NETBANKING,,SUCCESS,2026-08-12 02:23:46.314484
PAY_007510,CUST_00394,1691.79,UPI,,SUCCESS,2026-08-07 05:54:46.315027
PAY_007511,CUST_02911,8025.81,WALLET,,SUCCESS,2026-08-22 23:55:46.315716
PAY_007512,CUST_04226,1263.5,CARD,,SUCCESS,2026-08-25 21:41:46.316240
PAY_007513,CUST_00836,968.11,WALLET,,SUCCESS,2026-08-11 13:47:46.316795
PAY_007514,CUST_04297,2143.66,WALLET,,SUCCESS,2026-08-13 00:14:46.317325
PAY_007515,CUST_04766,1227.39,UPI,,SUCCESS,2026-08-12 16:31:46.317882
PAY_007516,CUST_02187,937.6,NETBANKING,,SUCCESS,2026-08-01 05:48:46.318419
PAY_007517,CUST_01866,1145.37,CARD,,SUCCESS,2026-07-31 06:17:46.318941
PAY_007518,CUST_00702,1451.88,WALLET,,SUCCESS,2026-08-20 20:34:46.319530
PAY_007519,CUST_02654,524.21,UPI,,SUCCESS,2026-08-03 06:02:46.320034
PAY_007520,CUST_02909,1364.06,CARD,,SUCCESS,2026-08-23 14:19:46.320584
PAY_007521,CUST_04555,590.16,WALLET,,SUCCESS,2026-08-06 07:52:46.321098
PAY_007522,CUST_02766,4565.84,WALLET,,SUCCESS,2026-08-05 19:15:46.321781
PAY_007523,CUST_04572,1482.61,NETBANKING,,SUCCESS,2026-08-13 06:24:46.322712
PAY_007524,CUST_01055,985.53,NETBANKING,INSUFFICIENT_FUNDS,FAILED,2026-07-29 03:07:46.323316
PAY_007525,CUST_02071,1585.58,NETBANKING,,SUCCESS,2026-07-29 10:47:46.323853
PAY_007526,CUST_04891,396.97,WALLET,,SUCCESS,2026-08-19 06:53:46.324364
PAY_007527,CUST_01688,1927.73,WALLET,,SUCCESS,2026-08-10 07:35:46.324888
PAY_007528,CUST_01926,451.27,NETBANKING,,SUCCESS,2026-08-08 07:18:46.325408
PAY_007529,CUST_00599,884.19,NETBANKING,,SUCCESS,2026-08-16 15:31:46.325922
PAY_007530,CUST_01441,2404.78,UPI,,SUCCESS,2026-08-19 15:44:46.326453
PAY_007531,CUST_01289,1125.56,UPI,,SUCCESS,2026-08-16 11:36:46.326968
PAY_007532,CUST_04796,877.18,UPI,BANK_DECLINED,FAILED,2026-08-21 01:57:46.327486
PAY_007533,CUST_02007,675.86,WALLET,,SUCCESS,2026-08-24 11:39:46.328000
PAY_007534,CUST_00107,2154.08,UPI,,SUCCESS,2026-07-31 22:53:46.328518
PAY_007535,CUST_01236,2025.95,UPI,,SUCCESS,2026-08-07 17:16:46.329026
PAY_007536,CUST_02961,1405.19,WALLET,,SUCCESS,2026-08-16 09:47:46.329589
PAY_007537,CUST_01332,1515.28,CARD,,SUCCESS,2026-08-13 16:19:46.330283
PAY_007538,CUST_03710,1221.3,WALLET,,SUCCESS,2026-08-09 09:41:46.331126
PAY_007539,CUST_01230,1174.2,CARD,,SUCCESS,2026-08-21 01:22:46.331674
PAY_007540,CUST_04863,6898.5,CARD,,SUCCESS,2026-08-25 06:46:46.332194
PAY_007541,CUST_03726,1751.54,CARD,,SUCCESS,2026-08-24 08:56:46.332768
PAY_007542,CUST_00745,1084.74,UPI,,SUCCESS,2026-08-14 13:41:46.333285
PAY_007543,CUST_00051,1892.52,UPI,,SUCCESS,2026-08-22 05:22:46.333807
PAY_007544,CUST_03557,7516.67,CARD,,SUCCESS,2026-08-05 13:03:46.334319
PAY_007545,CUST_03830,1151.16,UPI,,SUCCESS,2026-08-05 20:18:46.334841
PAY_007546,CUST_00535,1967.39,CARD,,SUCCESS,2026-08-08 18:20:46.335352
PAY_007547,CUST_02470,2227.04,UPI,,SUCCESS,2026-08-15 00:23:46.335914
PAY_007548,CUST_02380,714.17,NETBANKING,,SUCCESS,2026-08-07 14:55:46.336533
PAY_007549,CUST_03390,1929.96,UPI,,SUCCESS,2026-08-26 06:17:46.337064
PAY_007550,CUST_02614,1530.13,NETBANKING,,SUCCESS,2026-08-21 01:23:46.337745
PAY_007551,CUST_03986,1083.91,CARD,,SUCCESS,2026-08-16 21:23:46.338432
PAY_007552,CUST_04162,1138.74,NETBANKING,,SUCCESS,2026-08-06 09:08:46.339185
PAY_007553,CUST_04227,2256.57,CARD,,SUCCESS,2026-08-19 14:23:46.339925
PAY_007554,CUST_01793,1124.47,CARD,,SUCCESS,2026-07-28 07:46:46.340660
PAY_007555,CUST_00375,598.88,WALLET,,SUCCESS,2026-08-07 21:06:46.341196
PAY_007556,CUST_02501,7337.87,WALLET,,SUCCESS,2026-08-05 02:14:46.341749
PAY_007557,CUST_00431,1532.66,UPI,,SUCCESS,2026-08-10 17:24:46.342267
PAY_007558,CUST_02476,1253.78,UPI,,SUCCESS,2026-08-19 02:29:46.342900
PAY_007559,CUST_04050,840.06,CARD,,SUCCESS,2026-08-13 01:53:46.343510
PAY_007560,CUST_02807,206.18,CARD,,SUCCESS,2026-08-08 11:02:46.344617
PAY_007561,CUST_03294,452.23,UPI,,SUCCESS,2026-08-17 13:22:46.345308
PAY_007562,CUST_01501,1147.58,UPI,AUTHENTICATION_FAILED,FAILED,2026-08-25 01:26:46.345876
PAY_007563,CUST_04194,1496.25,UPI,,SUCCESS,2026-08-07 02:40:46.346414
PAY_007564,CUST_02167,1129.58,WALLET,,SUCCESS,2026-08-08 06:47:46.347040
PAY_007565,CUST_00774,931.49,NETBANKING,BANK_DECLINED,FAILED,2026-08-20 03:47:46.347612
PAY_007566,CUST_03161,3813.99,WALLET,,SUCCESS,2026-08-15 10:27:46.348124
PAY_007567,CUST_02357,1714.11,NETBANKING,,SUCCESS,2026-08-12 07:26:46.348683
PAY_007568,CUST_00866,4983.67,UPI,,SUCCESS,2026-08-13 20:31:46.349195
PAY_007569,CUST_03629,1837.81,CARD,,SUCCESS,2026-08-21 02:24:46.349833
PAY_007570,CUST_03076,1299.65,WALLET,,SUCCESS,2026-07-30 12:57:46.350401
PAY_007571,CUST_01970,781.86,UPI,,SUCCESS,2026-08-07 02:04:46.351015
PAY_007572,CUST_00672,2083.52,NETBANKING,,SUCCESS,2026-08-14 14:32:46.351574
PAY_007573,CUST_00268,891.45,CARD,,SUCCESS,2026-07-29 11:31:46.352089
PAY_007574,CUST_02067,1268.19,CARD,,SUCCESS,2026-07-31 15:18:46.352660
PAY_007575,CUST_01724,100.0,UPI,,SUCCESS,2026-08-14 04:07:46.353172
PAY_007576,CUST_03720,1043.16,CARD,,SUCCESS,2026-07-30 22:29:46.353787
PAY_007577,CUST_01121,1488.08,NETBANKING,,SUCCESS,2026-08-18 20:15:46.354307
PAY_007578,CUST_01319,628.11,CARD,,SUCCESS,2026-08-11 13:39:46.354850
PAY_007579,CUST_03686,1791.69,CARD,,SUCCESS,2026-08-03 12:47:46.355576
PAY_007580,CUST_01208,1470.51,CARD,INSUFFICIENT_FUNDS,FAILED,2026-08-25 21:22:46.356217
PAY_007581,CUST_00798,486.6,CARD,,SUCCESS,2026-08-14 04:04:46.356848
PAY_007582,CUST_03547,1400.78,CARD,,SUCCESS,2026-08-24 11:45:46.357511
PAY_007583,CUST_02347,1736.23,CARD,,SUCCESS,2026-08-07 12:44:46.358466
PAY_007584,CUST_01902,7160.07,CARD,,SUCCESS,2026-08-19 20:16:46.359020
PAY_007585,CUST_00310,1105.63,WALLET,,SUCCESS,2026-08-15 05:59:46.359587
PAY_007586,CUST_01177,1762.21,NETBANKING,INSUFFICIENT_FUNDS,FAILED,2026-08-05 21:55:46.360102
PAY_007587,CUST_03168,1861.76,CARD,,SUCCESS,2026-08-16 07:29:46.360650
PAY_007588,CUST_02638,1146.96,NETBANKING,,SUCCESS,2026-08-23 11:33:46.361161
PAY_007589,CUST_04135,256.48,CARD,,SUCCESS,2026-08-15 11:24:46.361725
PAY_007590,CUST_00768,1439.94,NETBANKING,,SUCCESS,2026-08-22 10:12:46.362241
PAY_007591,CUST_03383,1344.85,WALLET,,SUCCESS,2026-08-22 16:49:46.362788
PAY_007592,CUST_03287,2132.87,NETBANKING,,SUCCESS,2026-08-12 00:41:46.363304
PAY_007593,CUST_03830,721.35,WALLET,,SUCCESS,2026-08-24 07:44:46.363866
PAY_007594,CUST_01290,1384.82,NETBANKING,,SUCCESS,2026-07-28 22:19:46.364414
PAY_007595,CUST_02113,2471.67,UPI,,SUCCESS,2026-08-14 08:16:46.364965
PAY_007596,CUST_02593,1606.2,NETBANKING,,SUCCESS,2026-08-11 06:32:46.365604
PAY_007597,CUST_02835,1650.47,UPI,,SUCCESS,2026-08-23 04:55:46.366153
PAY_007598,CUST_02089,423.88,CARD,,SUCCESS,2026-08-09 21:17:46.366712
PAY_007599,CUST_00214,1222.98,UPI,,SUCCESS,2026-08-20 19:08:46.367224
PAY_007600,CUST_04734,1877.76,UPI,,SUCCESS,2026-08-04 15:41:46.367788
PAY_007601,CUST_01133,1082.02,UPI,,SUCCESS,2026-07-31 02:23:46.368305
PAY_007602,CUST_01708,1029.01,CARD,,SUCCESS,2026-08-11 01:46:46.368854
PAY_007603,CUST_01377,1700.0,NETBANKING,,SUCCESS,2026-08-16 15:04:46.369368
PAY_007604,CUST_03682,1057.79,NETBANKING,,SUCCESS,2026-07-29 23:14:46.370024
PAY_007605,CUST_04490,259.73,UPI,,SUCCESS,2026-07-29 17:31:46.370578
PAY_007606,CUST_00844,205.18,WALLET,,SUCCESS,2026-08-21 18:39:46.371135
PAY_007607,CUST_02786,2778.14,WALLET,,SUCCESS,2026-08-12 11:50:46.371750
PAY_007608,CUST_00350,1828.61,UPI,,SUCCESS,2026-08-08 22:21:46.372683
PAY_007609,CUST_03415,6948.12,CARD,,SUCCESS,2026-08-18 21:10:46.373254
PAY_007610,CUST_00843,362.51,CARD,,SUCCESS,2026-08-14 03:35:46.373851
PAY_007611,CUST_01975,1081.15,UPI,,SUCCESS,2026-08-07 04:34:46.374381
PAY_007612,CUST_02657,1110.89,WALLET,,SUCCESS,2026-08-20 16:22:46.374899
PAY_007613,CUST_01223,786.71,UPI,,SUCCESS,2026-08-02 08:56:46.375425
PAY_007614,CUST_01129,1830.72,WALLET,,SUCCESS,2026-08-15 23:31:46.375940
PAY_007615,CUST_03833,2257.7,UPI,,SUCCESS,2026-08-26 18:02:46.376466
PAY_007616,CUST_04589,2491.4,UPI,,SUCCESS,2026-08-12 13:22:46.376977
PAY_007617,CUST_00682,1811.21,CARD,,SUCCESS,2026-08-24 07:05:46.377496
PAY_007618,CUST_00493,896.73,WALLET,,SUCCESS,2026-08-03 23:41:46.378056
PAY_007619,CUST_01775,645.15,WALLET,,SUCCESS,2026-07-30 16:16:46.378623
PAY_007620,CUST_03029,6951.42,UPI,,SUCCESS,2026-08-12 20:34:46.379552
PAY_007621,CUST_00049,1496.78,CARD,,SUCCESS,2026-08-07 13:26:46.380167
PAY_007622,CUST_02280,941.54,UPI,AUTHENTICATION_FAILED,FAILED,2026-08-25 01:26:46.380714
PAY_007623,CUST_00659,2122.27,UPI,,SUCCESS,2026-08-13 20:06:46.381227
PAY_007624,CUST_00766,742.01,WALLET,,SUCCESS,2026-08-22 09:58:46.381750
PAY_007625,CUST_02721,581.79,CARD,,SUCCESS,2026-07-30 11:38:46.382262
PAY_007626,CUST_01097,635.93,UPI,AUTHENTICATION_FAILED,FAILED,2026-07-30 18:11:46.382784
PAY_007627,CUST_01980,1364.4,NETBANKING,,SUCCESS,2026-08-09 00:05:46.383296
PAY_007628,CUST_00973,441.67,WALLET,,SUCCESS,2026-08-15 17:22:46.383817
PAY_007629,CUST_01902,6793.55,UPI,,SUCCESS,2026-08-08 05:38:46.384333
PAY_007630,CUST_01427,1227.55,WALLET,,SUCCESS,2026-08-02 09:48:46.384851
PAY_007631,CUST_01233,686.3,UPI,,SUCCESS,2026-08-02 18:46:46.385485
PAY_007632,CUST_01349,832.21,NETBANKING,,SUCCESS,2026-08-07 15:37:46.386337
PAY_007633,CUST_04090,556.56,UPI,,SUCCESS,2026-08-10 20:01:46.387099
PAY_007634,CUST_04298,100.0,WALLET,,SUCCESS,2026-08-11 13:59:46.387645
PAY_007635,CUST_01020,1702.65,CARD,,SUCCESS,2026-08-09 11:36:46.388162
PAY_007636,CUST_04239,2382.27,UPI,,SUCCESS,2026-08-26 05:44:46.388717
PAY_007637,CUST_00337,1718.28,CARD,,SUCCESS,2026-08-04 13:33:46.389438
PAY_007638,CUST_01070,387.49,UPI,AUTHENTICATION_FAILED,FAILED,2026-08-21 16:15:46.389999
PAY_007639,CUST_00177,1654.63,NETBANKING,,SUCCESS,2026-08-06 10:10:46.390579
PAY_007640,CUST_01692,7733.38,CARD,,SUCCESS,2026-08-05 22:30:46.391096
PAY_007641,CUST_00689,1564.14,WALLET,,SUCCESS,2026-08-13 22:04:46.391656
PAY_007642,CUST_04135,435.52,CARD,BANK_TIMEOUT,FAILED,2026-08-02 12:11:46.392236
PAY_007643,CUST_03326,562.02,WALLET,,SUCCESS,2026-07-30 07:31:46.392895
PAY_007644,CUST_04496,1841.24,NETBANKING,,SUCCESS,2026-08-22 02:07:46.393452
PAY_007645,CUST_02243,1118.96,NETBANKING,,SUCCESS,2026-08-13 20:37:46.393985
PAY_007646,CUST_03554,982.1,CARD,,SUCCESS,2026-08-08 01:14:46.394546
PAY_007647,CUST_00529,771.76,UPI,,SUCCESS,2026-08-14 22:39:46.395064
PAY_007648,CUST_04306,1741.19,NETBANKING,,SUCCESS,2026-08-01 02:31:46.395611
PAY_007649,CUST_04041,1489.43,WALLET,NETWORK_ERROR,FAILED,2026-08-02 19:25:46.396123
PAY_007650,CUST_04501,1537.39,WALLET,,SUCCESS,2026-08-06 07:58:46.396686
PAY_007651,CUST_01043,8472.77,NETBANKING,,SUCCESS,2026-08-04 10:07:46.397196
PAY_007652,CUST_04716,1754.56,UPI,,SUCCESS,2026-08-07 10:41:46.397739
PAY_007653,CUST_01516,4812.21,WALLET,,SUCCESS,2026-08-24 17:15:46.398248
PAY_007654,CUST_01862,1415.69,NETBANKING,,SUCCESS,2026-08-08 11:36:46.398800
PAY_007655,CUST_03709,1407.78,NETBANKING,,SUCCESS,2026-08-15 10:58:46.399367
PAY_007656,CUST_02847,2099.72,UPI,,SUCCESS,2026-08-03 20:37:46.400039
PAY_007657,CUST_00535,1094.63,WALLET,INSUFFICIENT_FUNDS,FAILED,2026-07-31 00:00:46.401087
PAY_007658,CUST_01050,833.38,UPI,,SUCCESS,2026-08-25 07:31:46.401682
PAY_007659,CUST_02997,1297.19,NETBANKING,,SUCCESS,2026-08-07 06:49:46.402210
PAY_007660,CUST_01348,861.51,CARD,INSUFFICIENT_FUNDS,FAILED,2026-08-05 09:49:46.402721
PAY_007661,CUST_02672,7276.68,WALLET,,SUCCESS,2026-08-15 18:36:46.403234
PAY_007662,CUST_00023,1602.86,CARD,BANK_TIMEOUT,FAILED,2026-08-09 13:25:46.403754
PAY_007663,CUST_03317,1092.54,WALLET,,SUCCESS,2026-08-21 20:37:46.404268
PAY_007664,CUST_02998,1202.4,CARD,,SUCCESS,2026-08-07 20:50:46.404791
PAY_007665,CUST_03665,5143.75,NETBANKING,,SUCCESS,2026-08-01 20:51:46.405325
PAY_007666,CUST_00231,1954.1,CARD,,SUCCESS,2026-08-26 05:06:46.406055
PAY_007667,CUST_01085,1042.26,CARD,,SUCCESS,2026-08-14 20:01:46.406634
PAY_007668,CUST_00562,973.49,CARD,,SUCCESS,2026-08-09 17:20:46.407189
PAY_007669,CUST_01673,7846.16,NETBANKING,,SUCCESS,2026-08-11 10:46:46.407955
PAY_007670,CUST_00010,2213.81,UPI,,SUCCESS,2026-08-11 05:13:46.408805
PAY_007671,CUST_02579,1128.88,UPI,,SUCCESS,2026-08-03 16:47:46.409344
PAY_007672,CUST_04722,1470.11,UPI,,SUCCESS,2026-08-01 03:17:46.409888
PAY_007673,CUST_04623,2560.99,CARD,,SUCCESS,2026-07-31 22:26:46.410410
PAY_007674,CUST_00551,898.8,WALLET,,SUCCESS,2026-07-29 01:33:46.410926
PAY_007675,CUST_00221,452.77,WALLET,,SUCCESS,2026-08-20 15:18:46.411439
PAY_007676,CUST_03952,1494.46,UPI,,SUCCESS,2026-08-08 23:00:46.411954
PAY_007677,CUST_03685,1407.12,CARD,,SUCCESS,2026-08-13 22:45:46.412468
PAY_007678,CUST_04543,1408.91,CARD,,SUCCESS,2026-08-24 01:57:46.412974
PAY_007679,CUST_01209,2621.54,UPI,BANK_DECLINED,FAILED,2026-08-16 14:52:46.413540
PAY_007680,CUST_00714,1283.24,NETBANKING,,SUCCESS,2026-07-29 15:21:46.414127
PAY_007681,CUST_03964,836.46,UPI,,SUCCESS,2026-08-04 09:47:46.414656
PAY_007682,CUST_04025,1318.07,NETBANKING,,SUCCESS,2026-08-21 22:42:46.415172
PAY_007683,CUST_04580,1512.49,WALLET,,SUCCESS,2026-08-12 11:48:46.415696
PAY_007684,CUST_04148,684.12,WALLET,,SUCCESS,2026-08-09 03:38:46.416208
PAY_007685,CUST_04661,100.0,WALLET,,SUCCESS,2026-08-17 22:16:46.416841
PAY_007686,CUST_03230,1419.94,WALLET,,SUCCESS,2026-08-19 15:39:46.417373
PAY_007687,CUST_01228,5252.52,CARD,,SUCCESS,2026-08-06 04:48:46.417889
PAY_007688,CUST_01117,1048.32,WALLET,,SUCCESS,2026-08-24 06:03:46.418409
PAY_007689,CUST_03286,1685.22,CARD,INSUFFICIENT_FUNDS,FAILED,2026-08-25 02:04:46.418922
PAY_007690,CUST_03511,1251.62,NETBANKING,,SUCCESS,2026-08-25 00:20:46.419438
PAY_007691,CUST_03410,2151.32,WALLET,,SUCCESS,2026-08-06 05:36:46.419946
PAY_007692,CUST_02076,100.0,UPI,,SUCCESS,2026-08-18 09:24:46.420518
PAY_007693,CUST_01760,7318.4,NETBANKING,,SUCCESS,2026-08-03 04:22:46.421099
PAY_007694,CUST_02587,1816.82,UPI,,SUCCESS,2026-08-14 20:16:46.422142
PAY_007695,CUST_02293,5065.52,CARD,,SUCCESS,2026-08-03 17:16:46.422881
PAY_007696,CUST_00952,1078.53,UPI,,SUCCESS,2026-08-11 10:59:46.423452
PAY_007697,CUST_00495,896.05,WALLET,NETWORK_ERROR,FAILED,2026-08-24 19:25:46.424008
PAY_007698,CUST_01298,1199.84,UPI,,SUCCESS,2026-08-18 14:36:46.424561
PAY_007699,CUST_01868,1615.49,CARD,,SUCCESS,2026-08-04 14:04:46.425073
PAY_007700,CUST_03268,1546.6,NETBANKING,,SUCCESS,2026-08-14 06:03:46.425622
PAY_007701,CUST_03575,1360.36,UPI,,SUCCESS,2026-07-31 05:19:46.426142
PAY_007702,CUST_02853,1564.66,CARD,,SUCCESS,2026-08-07 20:11:46.426698
PAY_007703,CUST_01498,1026.36,CARD,NETWORK_ERROR,FAILED,2026-08-08 23:54:46.427671
PAY_007704,CUST_01607,669.89,NETBANKING,,SUCCESS,2026-08-13 00:12:46.428517
PAY_007705,CUST_04067,1616.35,UPI,,SUCCESS,2026-08-20 04:46:46.429261
PAY_007706,CUST_00583,926.36,NETBANKING,AUTHENTICATION_FAILED,FAILED,2026-08-19 23:56:46.429881
PAY_007707,CUST_00240,710.9,WALLET,,SUCCESS,2026-08-18 01:49:46.430425
PAY_007708,CUST_01012,684.74,CARD,,SUCCESS,2026-08-05 18:48:46.430958
PAY_007709,CUST_03035,1187.01,UPI,,SUCCESS,2026-08-13 02:58:46.431595
PAY_007710,CUST_04723,554.1,CARD,,SUCCESS,2026-08-23 10:24:46.432132
PAY_007711,CUST_01003,1603.04,UPI,,SUCCESS,2026-08-02 12:41:46.432687
PAY_007712,CUST_00836,969.6,CARD,NETWORK_ERROR,FAILED,2026-08-09 11:06:46.433209
PAY_007713,CUST_01170,866.52,UPI,,SUCCESS,2026-08-14 18:59:46.433759
PAY_007714,CUST_00501,937.29,CARD,,SUCCESS,2026-07-31 16:11:46.434337
PAY_007715,CUST_04650,1343.41,WALLET,,SUCCESS,2026-08-22 21:44:46.435046
PAY_007716,CUST_00721,2252.84,WALLET,BANK_TIMEOUT,FAILED,2026-08-03 23:15:46.435645
PAY_007717,CUST_02618,2361.13,UPI,,SUCCESS,2026-08-22 03:32:46.436163
PAY_007718,CUST_04401,1935.59,CARD,,SUCCESS,2026-08-12 10:27:46.436736
PAY_007719,CUST_00910,1485.36,WALLET,,SUCCESS,2026-07-27 20:24:46.437268
PAY_007720,CUST_02285,2661.88,CARD,,SUCCESS,2026-08-12 23:04:46.437820
PAY_007721,CUST_01461,2308.56,WALLET,,SUCCESS,2026-08-01 06:59:46.438332
PAY_007722,CUST_02912,768.92,CARD,,SUCCESS,2026-08-13 14:42:46.439142
PAY_007723,CUST_04703,1034.86,UPI,INSUFFICIENT_FUNDS,FAILED,2026-08-14 20:53:46.439747
PAY_007724,CUST_02255,2019.77,UPI,,SUCCESS,2026-08-17 18:36:46.440277
PAY_007725,CUST_01259,1134.04,UPI,,SUCCESS,2026-08-21 17:47:46.440814
PAY_007726,CUST_00610,1786.47,UPI,,SUCCESS,2026-08-12 14:02:46.441328
PAY_007727,CUST_01196,637.44,NETBANKING,BANK_TIMEOUT,FAILED,2026-08-16 06:04:46.441871
PAY_007728,CUST_04002,1192.79,UPI,,SUCCESS,2026-08-06 12:53:46.442425
PAY_007729,CUST_00508,1140.24,UPI,,SUCCESS,2026-08-12 16:35:46.443049
PAY_007730,CUST_01654,1255.04,UPI,,SUCCESS,2026-08-03 22:12:46.443624
PAY_007731,CUST_01383,1023.82,UPI,,SUCCESS,2026-07-31 17:32:46.444144
PAY_007732,CUST_00854,2014.85,UPI,,SUCCESS,2026-08-09 04:50:46.444674
PAY_007733,CUST_00527,1156.48,NETBANKING,,SUCCESS,2026-08-03 21:06:46.445188
PAY_007734,CUST_02967,580.95,CARD,,SUCCESS,2026-08-23 15:17:46.445705
PAY_007735,CUST_01328,1682.52,UPI,BANK_DECLINED,FAILED,2026-08-10 16:33:46.446212
PAY_007736,CUST_02313,666.3,WALLET,,SUCCESS,2026-08-14 10:02:46.446749
PAY_007737,CUST_03569,1706.39,CARD,,SUCCESS,2026-08-19 20:20:46.447259
PAY_007738,CUST_01987,1722.08,WALLET,,SUCCESS,2026-07-30 11:54:46.447860
PAY_007739,CUST_02196,1035.9,UPI,,SUCCESS,2026-08-06 01:54:46.448375
PAY_007740,CUST_00664,1671.7,UPI,,SUCCESS,2026-08-16 15:52:46.448990
PAY_007741,CUST_04015,5917.19,WALLET,,SUCCESS,2026-08-14 16:51:46.449553
PAY_007742,CUST_03552,1815.23,WALLET,,SUCCESS,2026-08-26 14:49:46.450360
PAY_007743,CUST_02433,1087.51,CARD,,SUCCESS,2026-08-15 13:10:46.451054
PAY_007744,CUST_01764,578.16,CARD,,SUCCESS,2026-08-08 21:25:46.451597
PAY_007745,CUST_01340,1584.84,NETBANKING,,SUCCESS,2026-08-22 17:42:46.452134
PAY_007746,CUST_04964,1272.09,WALLET,,SUCCESS,2026-08-13 02:42:46.452666
PAY_007747,CUST_00608,9568.02,WALLET,,SUCCESS,2026-08-26 00:24:46.453181
PAY_007748,CUST_03994,2302.4,WALLET,,SUCCESS,2026-08-06 06:21:46.453702
PAY_007749,CUST_00342,1692.0,UPI,,SUCCESS,2026-07-28 09:23:46.454216
PAY_007750,CUST_04422,2246.11,NETBANKING,,SUCCESS,2026-08-04 12:51:46.454838
PAY_007751,CUST_01991,1613.55,WALLET,,SUCCESS,2026-08-15 19:10:46.455523
PAY_007752,CUST_01556,6331.3,UPI,,SUCCESS,2026-08-23 02:10:46.456437
PAY_007753,CUST_04981,1440.98,WALLET,BANK_DECLINED,FAILED,2026-08-13 08:18:46.457014
PAY_007754,CUST_03801,1631.78,UPI,,SUCCESS,2026-08-19 05:50:46.457583
PAY_007755,CUST_01415,1354.07,WALLET,,SUCCESS,2026-08-25 01:58:46.458107
PAY_007756,CUST_03534,1186.59,NETBANKING,,SUCCESS,2026-08-25 19:35:46.458657
PAY_007757,CUST_03064,9623.07,WALLET,BANK_DECLINED,FAILED,2026-08-03 01:45:46.459180
PAY_007758,CUST_02828,1282.12,NETBANKING,,SUCCESS,2026-08-01 05:39:46.459724
PAY_007759,CUST_04724,1662.19,NETBANKING,,SUCCESS,2026-08-03 15:10:46.460232
PAY_007760,CUST_00400,976.28,UPI,,SUCCESS,2026-08-05 12:28:46.460780
PAY_007761,CUST_03089,7021.6,CARD,NETWORK_ERROR,FAILED,2026-08-21 22:31:46.461300
PAY_007762,CUST_02355,327.21,UPI,NETWORK_ERROR,FAILED,2026-08-05 11:07:46.461852
PAY_007763,CUST_03258,6836.97,UPI,NETWORK_ERROR,FAILED,2026-08-04 15:43:46.462367
PAY_007764,CUST_01729,712.78,CARD,,SUCCESS,2026-07-28 00:42:46.463049
PAY_007765,CUST_04260,1273.27,NETBANKING,,SUCCESS,2026-07-30 16:25:46.463682
PAY_007766,CUST_00736,100.0,CARD,,SUCCESS,2026-08-25 02:29:46.464207
PAY_007767,CUST_00250,661.29,UPI,,SUCCESS,2026-08-21 18:01:46.464730
PAY_007768,CUST_00926,783.09,UPI,,SUCCESS,2026-08-06 15:43:46.465249
PAY_007769,CUST_03715,1182.5,WALLET,BANK_TIMEOUT,FAILED,2026-08-25 03:00:46.465774
PAY_007770,CUST_03910,1388.48,UPI,,SUCCESS,2026-08-19 00:57:46.466286
PAY_007771,CUST_04358,544.72,NETBANKING,,SUCCESS,2026-08-13 17:49:46.466863
PAY_007772,CUST_00687,273.04,NETBANKING,,SUCCESS,2026-08-11 13:51:46.467376
PAY_007773,CUST_02050,844.92,WALLET,,SUCCESS,2026-08-06 09:49:46.467888
PAY_007774,CUST_03850,893.68,CARD,,SUCCESS,2026-08-16 04:03:46.468401
PAY_007775,CUST_03649,2348.32,NETBANKING,,SUCCESS,2026-08-01 02:08:46.468913
PAY_007776,CUST_03626,1498.98,NETBANKING,,SUCCESS,2026-08-09 18:20:46.469451
PAY_007777,CUST_00583,1599.48,CARD,,SUCCESS,2026-07-31 22:58:46.470016
PAY_007778,CUST_03259,538.52,WALLET,,SUCCESS,2026-08-25 13:55:46.470765
PAY_007779,CUST_00610,1422.43,CARD,,SUCCESS,2026-08-10 09:27:46.471581
PAY_007780,CUST_04109,810.35,UPI,,SUCCESS,2026-08-24 06:22:46.472235
PAY_007781,CUST_03723,385.98,CARD,NETWORK_ERROR,FAILED,2026-07-29 06:34:46.472914
PAY_007782,CUST_00212,5823.5,NETBANKING,,SUCCESS,2026-08-17 00:39:46.473485
PAY_007783,CUST_01614,3774.67,UPI,,SUCCESS,2026-07-29 20:51:46.474014
PAY_007784,CUST_00690,8491.75,WALLET,,SUCCESS,2026-08-16 01:48:46.474566
PAY_007785,CUST_01580,905.12,WALLET,INSUFFICIENT_FUNDS,FAILED,2026-07-31 22:33:46.475081
PAY_007786,CUST_02047,166.22,WALLET,,SUCCESS,2026-08-19 17:49:46.475627
PAY_007787,CUST_00893,1965.27,WALLET,,SUCCESS,2026-08-19 20:36:46.476150
PAY_007788,CUST_01570,1937.04,CARD,,SUCCESS,2026-08-01 07:02:46.476721
PAY_007789,CUST_00356,1234.37,WALLET,,SUCCESS,2026-08-11 18:54:46.477322
PAY_007790,CUST_03482,5141.23,CARD,,SUCCESS,2026-07-29 11:47:46.477888
PAY_007791,CUST_04055,567.45,WALLET,,SUCCESS,2026-07-27 19:14:46.478439
PAY_007792,CUST_04676,2697.92,WALLET,,SUCCESS,2026-08-22 13:51:46.479265
PAY_007793,CUST_02700,1916.09,UPI,,SUCCESS,2026-08-15 19:10:46.479815
PAY_007794,CUST_03353,1359.36,CARD,,SUCCESS,2026-08-21 03:02:46.480334
PAY_007795,CUST_00563,1850.93,WALLET,,SUCCESS,2026-07-30 01:44:46.480861
PAY_007796,CUST_04734,1261.65,UPI,,SUCCESS,2026-08-07 04:44:46.481420
PAY_007797,CUST_02879,2092.46,NETBANKING,AUTHENTICATION_FAILED,FAILED,2026-07-28 14:38:46.481973
PAY_007798,CUST_00850,5074.18,CARD,,SUCCESS,2026-08-12 05:58:46.482494
PAY_007799,CUST_02132,1926.96,CARD,,SUCCESS,2026-08-21 09:30:46.483005
PAY_007800,CUST_02480,1128.13,UPI,,SUCCESS,2026-08-09 02:26:46.483531
PAY_007801,CUST_01605,786.93,UPI,NETWORK_ERROR,FAILED,2026-07-31 01:14:46.484037
PAY_007802,CUST_00937,1177.52,CARD,,SUCCESS,2026-08-09 21:39:46.484606
PAY_007803,CUST_02337,1113.15,WALLET,,SUCCESS,2026-08-13 00:44:46.485280
PAY_007804,CUST_03541,1014.62,WALLET,,SUCCESS,2026-08-26 01:52:46.486404
PAY_007805,CUST_00232,2066.37,NETBANKING,,SUCCESS,2026-07-29 04:30:46.487080
PAY_007806,CUST_00710,2382.01,NETBANKING,,SUCCESS,2026-08-04 16:02:46.487714
PAY_007807,CUST_00569,559.63,CARD,AUTHENTICATION_FAILED,FAILED,2026-08-15 23:38:46.488235
PAY_007808,CUST_00835,7110.68,CARD,,SUCCESS,2026-08-05 03:34:46.488913
PAY_007809,CUST_00749,604.2,UPI,,SUCCESS,2026-08-02 03:57:46.489638
PAY_007810,CUST_03187,968.7,WALLET,,SUCCESS,2026-07-31 05:52:46.490169
PAY_007811,CUST_02227,2141.01,NETBANKING,,SUCCESS,2026-08-12 03:00:46.490736
PAY_007812,CUST_02719,1370.99,UPI,,SUCCESS,2026-08-11 19:14:46.491309
PAY_007813,CUST_03465,873.71,CARD,NETWORK_ERROR,FAILED,2026-08-24 08:20:46.491962
PAY_007814,CUST_04104,1253.95,UPI,BANK_TIMEOUT,FAILED,2026-08-24 06:23:46.492538
PAY_007815,CUST_04609,2042.47,NETBANKING,,SUCCESS,2026-08-07 11:37:46.493059
PAY_007816,CUST_03317,996.51,UPI,,SUCCESS,2026-07-31 03:26:46.493775
PAY_007817,CUST_00275,1725.54,NETBANKING,,SUCCESS,2026-08-15 07:13:46.494396
PAY_007818,CUST_03726,1688.72,UPI,,SUCCESS,2026-08-20 10:42:46.494924
PAY_007819,CUST_04937,1457.79,CARD,,SUCCESS,2026-08-26 17:33:46.495458
PAY_007820,CUST_00074,549.21,CARD,INSUFFICIENT_FUNDS,FAILED,2026-08-02 15:02:46.495973
PAY_007821,CUST_02587,1938.25,WALLET,,SUCCESS,2026-07-31 17:03:46.496498
PAY_007822,CUST_02895,1249.6,WALLET,,SUCCESS,2026-08-05 00:42:46.497040
PAY_007823,CUST_03794,1159.63,CARD,BANK_TIMEOUT,FAILED,2026-08-23 23:51:46.497576
PAY_007824,CUST_01162,2548.81,NETBANKING,,SUCCESS,2026-08-02 16:49:46.498143
PAY_007825,CUST_03376,840.12,WALLET,,SUCCESS,2026-07-29 04:50:46.498841
PAY_007826,CUST_02449,1438.38,WALLET,,SUCCESS,2026-08-10 06:36:46.499798
PAY_007827,CUST_03546,1885.61,WALLET,,SUCCESS,2026-08-23 14:11:46.500353
PAY_007828,CUST_04316,1317.72,CARD,,SUCCESS,2026-08-23 12:26:46.500874
PAY_007829,CUST_04132,797.16,CARD,,SUCCESS,2026-08-20 10:17:46.501407
PAY_007830,CUST_04619,1116.61,CARD,BANK_TIMEOUT,FAILED,2026-08-02 20:03:46.501926
PAY_007831,CUST_01797,1482.84,WALLET,,SUCCESS,2026-08-13 16:56:46.502441
PAY_007832,CUST_04430,1034.32,WALLET,BANK_TIMEOUT,FAILED,2026-07-28 17:56:46.502955
PAY_007833,CUST_01629,1776.33,CARD,,SUCCESS,2026-08-25 11:08:46.503489
PAY_007834,CUST_04675,1792.59,WALLET,BANK_DECLINED,FAILED,2026-08-21 11:46:46.504013
PAY_007835,CUST_00968,2216.32,WALLET,,SUCCESS,2026-07-30 03:16:46.504534
PAY_007836,CUST_02267,1641.35,CARD,,SUCCESS,2026-08-12 08:46:46.505098
PAY_007837,CUST_02904,1329.98,UPI,,SUCCESS,2026-08-07 22:52:46.505911
PAY_007838,CUST_00053,1988.02,WALLET,,SUCCESS,2026-08-14 07:41:46.506548
PAY_007839,CUST_03528,605.32,CARD,INSUFFICIENT_FUNDS,FAILED,2026-08-16 12:45:46.507080
PAY_007840,CUST_02623,2097.77,UPI,,SUCCESS,2026-07-31 18:34:46.507652
PAY_007841,CUST_02981,1873.43,CARD,,SUCCESS,2026-08-11 03:55:46.508168
PAY_007842,CUST_01154,1659.05,CARD,,SUCCESS,2026-07-28 21:13:46.508734
PAY_007843,CUST_03545,1729.11,WALLET,,SUCCESS,2026-08-22 03:48:46.509261
PAY_007844,CUST_03686,2181.57,CARD,,SUCCESS,2026-08-05 19:14:46.510086
PAY_007845,CUST_01183,899.61,NETBANKING,,SUCCESS,2026-08-19 06:12:46.510640
PAY_007846,CUST_00497,1819.45,NETBANKING,,SUCCESS,2026-08-18 08:48:46.511175
PAY_007847,CUST_01554,1722.97,WALLET,,SUCCESS,2026-08-15 01:53:46.511702
PAY_007848,CUST_03436,212.13,NETBANKING,,SUCCESS,2026-08-15 11:39:46.512269
PAY_007849,CUST_03064,9810.12,WALLET,,SUCCESS,2026-08-02 02:44:46.512903
PAY_007850,CUST_02737,2367.05,UPI,,SUCCESS,2026-08-21 12:01:46.513452
PAY_007851,CUST_03482,4928.1,CARD,,SUCCESS,2026-08-16 17:43:46.513974
PAY_007852,CUST_01661,1277.09,NETBANKING,BANK_TIMEOUT,FAILED,2026-07-30 06:03:46.514505
PAY_007853,CUST_03765,797.61,UPI,,SUCCESS,2026-08-12 04:50:46.515018
PAY_007854,CUST_04851,1210.2,WALLET,,SUCCESS,2026-08-22 21:51:46.515543
PAY_007855,CUST_04351,2084.91,NETBANKING,,SUCCESS,2026-08-10 23:04:46.516054
PAY_007856,CUST_04142,1395.02,UPI,,SUCCESS,2026-07-28 15:29:46.516574
PAY_007857,CUST_01735,100.0,CARD,,SUCCESS,2026-08-04 20:58:46.517086
PAY_007858,CUST_00023,1545.36,UPI,,SUCCESS,2026-08-18 23:18:46.517610
PAY_007859,CUST_01259,495.4,UPI,,SUCCESS,2026-08-19 20:55:46.518129
PAY_007860,CUST_03703,2027.65,NETBANKING,NETWORK_ERROR,FAILED,2026-08-16 01:47:46.518653
PAY_007861,CUST_02149,6361.64,UPI,,SUCCESS,2026-08-08 00:22:46.519224
PAY_007862,CUST_00373,6695.19,WALLET,,SUCCESS,2026-08-08 19:08:46.519797
PAY_007863,CUST_04208,1084.46,CARD,,SUCCESS,2026-08-20 03:40:46.520760
PAY_007864,CUST_02296,100.0,NETBANKING,,SUCCESS,2026-08-23 11:44:46.521340
PAY_007865,CUST_03447,6422.98,UPI,,SUCCESS,2026-08-18 19:30:46.521879
PAY_007866,CUST_02163,1223.62,NETBANKING,,SUCCESS,2026-07-27 20:17:46.522653
PAY_007867,CUST_00945,1054.96,WALLET,,SUCCESS,2026-08-05 11:15:46.523206
PAY_007868,CUST_03572,1310.28,WALLET,,SUCCESS,2026-07-31 18:55:46.523742
PAY_007869,CUST_00757,1602.92,NETBANKING,,SUCCESS,2026-08-04 12:54:46.524268
PAY_007870,CUST_02804,1981.86,NETBANKING,,SUCCESS,2026-08-11 00:40:46.524800
PAY_007871,CUST_00996,1744.17,CARD,,SUCCESS,2026-08-15 04:30:46.525320
PAY_007872,CUST_00623,1886.33,NETBANKING,,SUCCESS,2026-08-22 21:40:46.525973
PAY_007873,CUST_03942,1658.61,WALLET,,SUCCESS,2026-08-16 22:19:46.526593
PAY_007874,CUST_04333,1706.24,WALLET,,SUCCESS,2026-08-26 05:56:46.527215
PAY_007875,CUST_01544,2093.32,WALLET,,SUCCESS,2026-08-20 00:46:46.527832
PAY_007876,CUST_01284,3012.63,WALLET,,SUCCESS,2026-07-28 01:42:46.528370
PAY_007877,CUST_00655,1287.72,WALLET,,SUCCESS,2026-08-22 01:12:46.528919
PAY_007878,CUST_01670,1435.43,NETBANKING,AUTHENTICATION_FAILED,FAILED,2026-08-13 12:18:46.529496
PAY_007879,CUST_03230,2079.56,CARD,,SUCCESS,2026-08-17 10:39:46.530018
PAY_007880,CUST_02662,2893.05,UPI,,SUCCESS,2026-08-02 01:44:46.530568
PAY_007881,CUST_00161,2510.62,WALLET,,SUCCESS,2026-08-15 10:38:46.531078
PAY_007882,CUST_02137,1223.14,CARD,AUTHENTICATION_FAILED,FAILED,2026-08-19 05:25:46.531625
PAY_007883,CUST_02894,1365.71,CARD,,SUCCESS,2026-08-03 12:25:46.532147
PAY_007884,CUST_00090,1956.57,CARD,,SUCCESS,2026-08-21 18:02:46.532698
PAY_007885,CUST_00387,1866.91,WALLET,AUTHENTICATION_FAILED,FAILED,2026-08-02 21:42:46.533275
PAY_007886,CUST_03206,7436.91,CARD,,SUCCESS,2026-07-28 19:27:46.533938
PAY_007887,CUST_03725,1220.11,WALLET,,SUCCESS,2026-08-10 17:09:46.534517
PAY_007888,CUST_03326,886.49,NETBANKING,,SUCCESS,2026-08-01 23:51:46.535032
PAY_007889,CUST_04258,1418.45,CARD,,SUCCESS,2026-08-26 15:58:46.535582
PAY_007890,CUST_01179,5437.04,UPI,,SUCCESS,2026-08-23 20:55:46.536100
PAY_007891,CUST_02366,2880.48,UPI,,SUCCESS,2026-08-01 17:41:46.536659
PAY_007892,CUST_03569,1982.64,WALLET,,SUCCESS,2026-08-15 06:07:46.537172
PAY_007893,CUST_00909,1600.14,UPI,,SUCCESS,2026-08-06 21:43:46.537722
PAY_007894,CUST_00634,1007.42,CARD,,SUCCESS,2026-08-04 11:36:46.538240
PAY_007895,CUST_01367,577.33,WALLET,,SUCCESS,2026-08-17 06:13:46.538998
PAY_007896,CUST_02277,2324.04,NETBANKING,,SUCCESS,2026-08-23 18:33:46.539625
PAY_007897,CUST_02810,1186.1,NETBANKING,,SUCCESS,2026-08-10 16:47:46.540205
PAY_007898,CUST_02639,1929.6,UPI,,SUCCESS,2026-08-25 22:52:46.541265
PAY_007899,CUST_03333,1597.7,UPI,,SUCCESS,2026-08-25 07:32:46.542077
PAY_007900,CUST_03171,2401.89,NETBANKING,,SUCCESS,2026-08-02 07:29:46.542623
PAY_007901,CUST_03592,2074.66,CARD,,SUCCESS,2026-08-20 22:10:46.543150
PAY_007902,CUST_04554,10070.93,CARD,,SUCCESS,2026-08-17 07:42:46.543670
PAY_007903,CUST_02065,2298.79,UPI,,SUCCESS,2026-08-17 05:43:46.544185
PAY_007904,CUST_04174,488.55,WALLET,,SUCCESS,2026-08-20 15:49:46.544755
PAY_007905,CUST_01934,1380.83,NETBANKING,,SUCCESS,2026-08-25 01:03:46.545268
PAY_007906,CUST_02325,1418.61,CARD,BANK_TIMEOUT,FAILED,2026-08-18 02:54:46.545789
PAY_007907,CUST_01159,8678.22,CARD,,SUCCESS,2026-07-28 16:06:46.546304
PAY_007908,CUST_02988,1014.4,WALLET,,SUCCESS,2026-08-11 17:27:46.546824
PAY_007909,CUST_00198,2493.51,UPI,,SUCCESS,2026-08-07 00:01:46.547396
PAY_007910,CUST_02143,453.63,CARD,,SUCCESS,2026-08-01 06:56:46.547995
PAY_007911,CUST_01007,1411.73,UPI,NETWORK_ERROR,FAILED,2026-08-08 17:54:46.548539
PAY_007912,CUST_01088,911.17,WALLET,,SUCCESS,2026-08-07 09:16:46.549056
PAY_007913,CUST_01335,816.22,WALLET,,SUCCESS,2026-08-12 21:08:46.549632
PAY_007914,CUST_00490,1304.77,CARD,BANK_TIMEOUT,FAILED,2026-08-15 05:11:46.550147
PAY_007915,CUST_00375,449.56,NETBANKING,,SUCCESS,2026-08-23 20:40:46.550677
PAY_007916,CUST_01851,205.09,WALLET,,SUCCESS,2026-08-22 06:06:46.551198
PAY_007917,CUST_04706,1577.78,NETBANKING,,SUCCESS,2026-07-31 09:03:46.551724
PAY_007918,CUST_03737,2369.8,UPI,,SUCCESS,2026-08-01 21:51:46.552239
PAY_007919,CUST_04253,888.41,NETBANKING,,SUCCESS,2026-08-01 15:36:46.552754
PAY_007920,CUST_02746,326.24,NETBANKING,BANK_TIMEOUT,FAILED,2026-08-04 11:53:46.553272
PAY_007921,CUST_02903,815.8,CARD,,SUCCESS,2026-07-31 09:15:46.553794
PAY_007922,CUST_02687,11467.07,CARD,,SUCCESS,2026-08-03 07:34:46.554350
PAY_007923,CUST_00790,879.84,CARD,BANK_DECLINED,FAILED,2026-08-22 10:08:46.555027
PAY_007924,CUST_02382,2876.06,UPI,,SUCCESS,2026-08-12 07:42:46.556082
PAY_007925,CUST_00215,503.15,WALLET,,SUCCESS,2026-07-29 18:50:46.556773
PAY_007926,CUST_03998,1521.91,WALLET,,SUCCESS,2026-08-22 07:03:46.557317
PAY_007927,CUST_02975,2271.81,CARD,,SUCCESS,2026-08-21 05:26:46.557875
PAY_007928,CUST_02730,1537.76,CARD,,SUCCESS,2026-08-11 16:53:46.558423
PAY_007929,CUST_04847,922.5,CARD,,SUCCESS,2026-08-19 09:13:46.558938
PAY_007930,CUST_01886,2430.43,UPI,,SUCCESS,2026-08-12 00:34:46.559528
PAY_007931,CUST_04071,768.46,CARD,,SUCCESS,2026-08-06 00:46:46.560040
PAY_007932,CUST_02293,5160.27,NETBANKING,,SUCCESS,2026-08-16 02:11:46.560598
PAY_007933,CUST_03537,6943.52,NETBANKING,,SUCCESS,2026-08-24 04:20:46.561114
PAY_007934,CUST_01860,610.16,NETBANKING,,SUCCESS,2026-08-04 04:05:46.561701
PAY_007935,CUST_00272,2576.24,CARD,,SUCCESS,2026-08-11 07:39:46.562255
PAY_007936,CUST_00300,2016.97,CARD,,SUCCESS,2026-07-30 16:05:46.562904
PAY_007937,CUST_01436,6898.52,UPI,,SUCCESS,2026-08-22 19:55:46.563485
PAY_007938,CUST_00501,894.37,NETBANKING,INSUFFICIENT_FUNDS,FAILED,2026-08-12 00:18:46.564005
PAY_007939,CUST_01248,734.89,WALLET,,SUCCESS,2026-08-18 12:33:46.564555
PAY_007940,CUST_01444,695.46,CARD,,SUCCESS,2026-08-08 11:56:46.565088
PAY_007941,CUST_03765,795.35,UPI,NETWORK_ERROR,FAILED,2026-08-14 05:01:46.565644
PAY_007942,CUST_01944,418.71,UPI,,SUCCESS,2026-08-15 22:58:46.566158
PAY_007943,CUST_02972,1468.83,NETBANKING,AUTHENTICATION_FAILED,FAILED,2026-08-03 16:33:46.566711
PAY_007944,CUST_00839,1248.56,WALLET,BANK_TIMEOUT,FAILED,2026-08-02 01:09:46.567233
PAY_007945,CUST_00221,458.81,NETBANKING,,SUCCESS,2026-08-20 19:31:46.567787
PAY_007946,CUST_01508,7898.33,CARD,,SUCCESS,2026-08-10 00:57:46.568297
PAY_007947,CUST_03675,1329.9,NETBANKING,,SUCCESS,2026-08-13 08:38:46.568909
PAY_007948,CUST_00539,6002.86,NETBANKING,,SUCCESS,2026-07-30 15:36:46.569537
PAY_007949,CUST_03898,1455.12,UPI,,SUCCESS,2026-08-11 22:49:46.570556
PAY_007950,CUST_04491,957.6,NETBANKING,,SUCCESS,2026-08-01 03:21:46.571134
PAY_007951,CUST_00920,8360.86,NETBANKING,,SUCCESS,2026-08-06 12:54:46.571686
PAY_007952,CUST_01039,1299.69,UPI,,SUCCESS,2026-08-21 22:02:46.572428
PAY_007953,CUST_01837,1842.49,WALLET,,SUCCESS,2026-07-30 19:48:46.573141
PAY_007954,CUST_04952,2252.14,CARD,,SUCCESS,2026-08-25 22:52:46.573687
PAY_007955,CUST_04830,927.87,NETBANKING,,SUCCESS,2026-08-05 11:59:46.574227
PAY_007956,CUST_00715,1327.9,CARD,,SUCCESS,2026-08-06 15:56:46.574742
PAY_007957,CUST_03345,1917.22,NETBANKING,,SUCCESS,2026-08-22 01:12:46.575283
PAY_007958,CUST_01508,7473.85,WALLET,,SUCCESS,2026-08-26 18:16:46.575843
PAY_007959,CUST_04231,2392.73,NETBANKING,,SUCCESS,2026-08-02 15:19:46.576478
PAY_007960,CUST_02968,2143.63,UPI,,SUCCESS,2026-08-21 19:47:46.577011
PAY_007961,CUST_04030,4443.65,CARD,,SUCCESS,2026-08-18 12:35:46.577533
PAY_007962,CUST_04356,796.07,CARD,,SUCCESS,2026-08-17 14:52:46.578059
PAY_007963,CUST_02062,6999.59,WALLET,,SUCCESS,2026-08-24 00:29:46.578578
PAY_007964,CUST_03516,1544.5,CARD,BANK_DECLINED,FAILED,2026-08-05 22:04:46.579093
PAY_007965,CUST_04362,1308.37,UPI,,SUCCESS,2026-08-20 20:59:46.579614
PAY_007966,CUST_02994,1094.18,CARD,,SUCCESS,2026-08-26 11:12:46.580135
PAY_007967,CUST_02920,960.67,WALLET,,SUCCESS,2026-08-14 00:12:46.580677
PAY_007968,CUST_03901,1070.49,UPI,,SUCCESS,2026-08-21 11:16:46.581189
PAY_007969,CUST_03778,7316.92,WALLET,,SUCCESS,2026-07-31 12:18:46.581711
PAY_007970,CUST_00815,100.0,CARD,,SUCCESS,2026-08-05 13:17:46.582230
PAY_007971,CUST_02200,1023.65,NETBANKING,NETWORK_ERROR,FAILED,2026-08-24 13:45:46.582795
PAY_007972,CUST_00375,961.5,CARD,,SUCCESS,2026-08-17 04:08:46.583392
PAY_007973,CUST_00908,6765.24,WALLET,,SUCCESS,2026-08-02 03:57:46.583924
PAY_007974,CUST_00410,1083.09,NETBANKING,,SUCCESS,2026-08-20 03:55:46.584449
PAY_007975,CUST_02142,788.75,WALLET,,SUCCESS,2026-08-03 11:03:46.584967
PAY_007976,CUST_04363,1681.57,NETBANKING,,SUCCESS,2026-08-16 02:21:46.585479
PAY_007977,CUST_03596,922.43,WALLET,,SUCCESS,2026-08-08 18:25:46.586000
PAY_007978,CUST_04474,1923.87,UPI,,SUCCESS,2026-07-31 21:57:46.586519
PAY_007979,CUST_01785,1734.14,UPI,NETWORK_ERROR,FAILED,2026-08-15 23:47:46.587026
PAY_007980,CUST_03516,1003.05,NETBANKING,,SUCCESS,2026-07-29 18:37:46.587666
PAY_007981,CUST_03619,8552.95,NETBANKING,,SUCCESS,2026-08-14 04:39:46.588228
PAY_007982,CUST_01326,2177.94,NETBANKING,,SUCCESS,2026-08-12 16:36:46.588838
PAY_007983,CUST_04891,675.17,UPI,NETWORK_ERROR,FAILED,2026-08-08 10:42:46.589620
PAY_007984,CUST_00204,2604.8,CARD,,SUCCESS,2026-08-07 09:31:46.590249
PAY_007985,CUST_00166,2395.46,NETBANKING,,SUCCESS,2026-08-13 19:47:46.590845
PAY_007986,CUST_02263,647.75,NETBANKING,,SUCCESS,2026-08-06 05:15:46.591364
PAY_007987,CUST_03424,1775.25,UPI,,SUCCESS,2026-08-08 23:48:46.591916
PAY_007988,CUST_00434,695.27,NETBANKING,INSUFFICIENT_FUNDS,FAILED,2026-08-11 06:32:46.592468
PAY_007989,CUST_03620,1010.47,CARD,,SUCCESS,2026-07-29 23:15:46.592985
PAY_007990,CUST_02710,1396.74,UPI,,SUCCESS,2026-08-05 18:11:46.593533
PAY_007991,CUST_04667,355.91,WALLET,,SUCCESS,2026-08-10 05:26:46.594043
PAY_007992,CUST_00205,859.49,NETBANKING,,SUCCESS,2026-08-06 06:52:46.594606
PAY_007993,CUST_03919,1186.38,CARD,,SUCCESS,2026-08-04 04:09:46.595114
PAY_007994,CUST_01565,1263.48,UPI,NETWORK_ERROR,FAILED,2026-08-05 01:55:46.595663
PAY_007995,CUST_01949,736.91,CARD,,SUCCESS,2026-08-12 20:00:46.596175
PAY_007996,CUST_04722,1674.94,WALLET,,SUCCESS,2026-08-17 04:56:46.596765
PAY_007997,CUST_04786,1439.15,WALLET,,SUCCESS,2026-07-28 02:33:46.597437
PAY_007998,CUST_02687,11511.79,WALLET,,SUCCESS,2026-08-05 14:13:46.598166
PAY_007999,CUST_03055,2263.71,UPI,,SUCCESS,2026-07-28 19:18:46.598771
PAY_008000,CUST_02616,1297.29,NETBANKING,,SUCCESS,2026-07-27 20:37:46.599290
PAY_008001,CUST_03463,1245.44,UPI,NETWORK_ERROR,FAILED,2026-08-03 16:09:46.599840
PAY_008002,CUST_02461,2592.3,WALLET,,SUCCESS,2026-07-31 05:08:46.600350
PAY_008003,CUST_00814,1149.36,CARD,INSUFFICIENT_FUNDS,FAILED,2026-08-03 23:36:46.600911
PAY_008004,CUST_03146,1514.29,UPI,,SUCCESS,2026-08-16 00:47:46.601467
PAY_008005,CUST_04138,6701.93,WALLET,,SUCCESS,2026-07-31 07:34:46.601979
PAY_008006,CUST_00954,1121.51,NETBANKING,,SUCCESS,2026-08-20 21:00:46.602528
PAY_008007,CUST_01952,781.55,NETBANKING,,SUCCESS,2026-08-24 19:40:46.603041
PAY_008008,CUST_01641,1642.64,CARD,,SUCCESS,2026-08-22 19:51:46.603660
PAY_008009,CUST_04235,1877.1,CARD,,SUCCESS,2026-08-08 22:04:46.604218
PAY_008010,CUST_02859,274.75,CARD,,SUCCESS,2026-08-05 21:58:46.604805
PAY_008011,CUST_01004,858.31,NETBANKING,BANK_TIMEOUT,FAILED,2026-08-13 19:52:46.605659
PAY_008012,CUST_03121,530.26,CARD,,SUCCESS,2026-08-14 20:10:46.606369
PAY_008013,CUST_00610,1663.84,UPI,,SUCCESS,2026-08-18 05:07:46.606933
PAY_008014,CUST_02893,304.29,CARD,INSUFFICIENT_FUNDS,FAILED,2026-08-14 14:19:46.607491
PAY_008015,CUST_01665,908.95,UPI,,SUCCESS,2026-08-13 11:55:46.608000
PAY_008016,CUST_00512,1854.09,NETBANKING,,SUCCESS,2026-08-25 06:25:46.608544
PAY_008017,CUST_01172,1993.06,NETBANKING,,SUCCESS,2026-08-12 11:57:46.609055
PAY_008018,CUST_04014,1082.71,WALLET,,SUCCESS,2026-08-24 21:06:46.609620
PAY_008019,CUST_00493,1186.8,CARD,,SUCCESS,2026-08-25 02:44:46.610134
PAY_008020,CUST_02908,1216.44,UPI,NETWORK_ERROR,FAILED,2026-08-15 08:12:46.610720
PAY_008021,CUST_03696,2353.2,WALLET,,SUCCESS,2026-08-12 17:11:46.611285
PAY_008022,CUST_03559,1093.05,NETBANKING,,SUCCESS,2026-08-01 03:16:46.612038
PAY_008023,CUST_01461,1957.26,WALLET,,SUCCESS,2026-08-08 23:07:46.612640
PAY_008024,CUST_04316,1197.85,CARD,,SUCCESS,2026-08-21 21:09:46.613224
PAY_008025,CUST_04486,1794.7,CARD,,SUCCESS,2026-07-30 14:43:46.613824
PAY_008026,CUST_04715,726.75,CARD,NETWORK_ERROR,FAILED,2026-08-26 03:17:46.614401
PAY_008027,CUST_04323,1493.98,NETBANKING,,SUCCESS,2026-08-25 10:28:46.614931
PAY_008028,CUST_01917,1386.64,WALLET,,SUCCESS,2026-08-22 01:58:46.615490
PAY_008029,CUST_04557,1814.31,CARD,,SUCCESS,2026-08-19 23:40:46.616005
PAY_008030,CUST_01583,1725.07,CARD,,SUCCESS,2026-07-27 22:07:46.616558
PAY_008031,CUST_01967,1356.24,UPI,,SUCCESS,2026-08-10 04:33:46.617070
PAY_008032,CUST_01265,1069.3,NETBANKING,,SUCCESS,2026-08-07 16:57:46.617684
PAY_008033,CUST_00833,712.05,NETBANKING,,SUCCESS,2026-08-15 11:38:46.618246
PAY_008034,CUST_01288,638.34,NETBANKING,,SUCCESS,2026-08-09 21:40:46.618851
PAY_008035,CUST_03346,3603.48,NETBANKING,,SUCCESS,2026-07-31 08:40:46.619402
PAY_008036,CUST_01395,2269.56,CARD,,SUCCESS,2026-08-08 05:21:46.619997
PAY_008037,CUST_01813,1139.15,NETBANKING,,SUCCESS,2026-08-07 06:37:46.620546
PAY_008038,CUST_01152,1107.55,WALLET,NETWORK_ERROR,FAILED,2026-08-02 06:13:46.621059
PAY_008039,CUST_04237,1896.49,NETBANKING,,SUCCESS,2026-08-16 22:31:46.621609
PAY_008040,CUST_01372,1552.86,CARD,,SUCCESS,2026-08-04 13:41:46.622249
PAY_008041,CUST_03614,1524.62,CARD,,SUCCESS,2026-07-31 13:07:46.622904
PAY_008042,CUST_00280,1761.46,UPI,,SUCCESS,2026-08-14 19:46:46.623444
PAY_008043,CUST_04899,1362.51,WALLET,,SUCCESS,2026-08-25 04:15:46.623965
PAY_008044,CUST_01216,1947.51,CARD,INSUFFICIENT_FUNDS,FAILED,2026-08-08 13:38:46.624494
PAY_008045,CUST_02474,1235.05,CARD,,SUCCESS,2026-08-07 11:39:46.625061
PAY_008046,CUST_01755,2635.02,UPI,,SUCCESS,2026-08-18 10:11:46.625689
PAY_008047,CUST_02394,1576.74,CARD,,SUCCESS,2026-08-19 23:24:46.626217
PAY_008048,CUST_02177,640.12,WALLET,BANK_DECLINED,FAILED,2026-08-11 10:36:46.626741
PAY_008049,CUST_02240,574.65,WALLET,,SUCCESS,2026-08-22 01:05:46.627256
PAY_008050,CUST_03688,327.94,UPI,,SUCCESS,2026-08-07 03:23:46.627777
PAY_008051,CUST_02724,957.17,WALLET,,SUCCESS,2026-08-25 16:56:46.628288
PAY_008052,CUST_03052,878.0,UPI,,SUCCESS,2026-08-11 06:40:46.628810
PAY_008053,CUST_03026,1688.17,CARD,,SUCCESS,2026-08-25 00:38:46.629323
PAY_008054,CUST_00330,1739.41,CARD,BANK_DECLINED,FAILED,2026-08-12 17:00:46.629844
PAY_008055,CUST_03677,287.5,WALLET,,SUCCESS,2026-08-06 22:11:46.630357
PAY_008056,CUST_03894,963.09,CARD,,SUCCESS,2026-08-21 13:48:46.630884
PAY_008057,CUST_03188,1153.75,UPI,,SUCCESS,2026-08-01 16:47:46.631422
PAY_008058,CUST_02934,1462.67,CARD,,SUCCESS,2026-08-16 06:20:46.631977
PAY_008059,CUST_04734,2246.08,UPI,,SUCCESS,2026-07-30 15:35:46.632713
PAY_008060,CUST_02426,1009.61,WALLET,,SUCCESS,2026-07-28 06:13:46.633496
PAY_008061,CUST_01381,918.74,UPI,,SUCCESS,2026-08-26 16:12:46.634034
PAY_008062,CUST_03459,1762.35,CARD,,SUCCESS,2026-08-25 15:41:46.634692
PAY_008063,CUST_03750,8634.97,CARD,,SUCCESS,2026-08-18 21:33:46.635220
PAY_008064,CUST_00911,1693.4,UPI,,SUCCESS,2026-08-24 06:05:46.635754
PAY_008065,CUST_03726,1435.16,CARD,,SUCCESS,2026-08-20 04:09:46.636268
PAY_008066,CUST_04812,707.46,WALLET,,SUCCESS,2026-08-06 13:24:46.636788
PAY_008067,CUST_01228,4459.9,CARD,,SUCCESS,2026-08-06 02:57:46.637303
PAY_008068,CUST_00700,1590.32,NETBANKING,,SUCCESS,2026-08-13 18:24:46.637820
PAY_008069,CUST_03258,6159.68,NETBANKING,,SUCCESS,2026-08-04 10:35:46.638330
PAY_008070,CUST_01045,4011.6,WALLET,,SUCCESS,2026-08-19 05:00:46.638981
PAY_008071,CUST_04793,1322.67,CARD,,SUCCESS,2026-08-23 23:00:46.639620
PAY_008072,CUST_03615,1577.63,CARD,,SUCCESS,2026-08-19 13:27:46.640225
PAY_008073,CUST_03480,1446.37,UPI,,SUCCESS,2026-08-23 04:25:46.640773
PAY_008074,CUST_04789,1429.11,CARD,,SUCCESS,2026-08-07 14:36:46.641290
PAY_008075,CUST_03186,1860.07,UPI,,SUCCESS,2026-08-13 12:53:46.641806
PAY_008076,CUST_00560,1474.8,WALLET,,SUCCESS,2026-08-10 03:28:46.642326
PAY_008077,CUST_02164,2424.58,NETBANKING,,SUCCESS,2026-08-20 12:51:46.642851
PAY_008078,CUST_04435,1510.34,NETBANKING,,SUCCESS,2026-08-04 10:30:46.643395
PAY_008079,CUST_03101,1108.94,WALLET,,SUCCESS,2026-08-25 21:38:46.643910
PAY_008080,CUST_04020,1479.21,NETBANKING,,SUCCESS,2026-08-06 18:19:46.644460
PAY_008081,CUST_03304,1097.34,NETBANKING,BANK_DECLINED,FAILED,2026-08-18 17:40:46.644993
PAY_008082,CUST_00198,2547.37,CARD,,SUCCESS,2026-08-06 04:02:46.645516
PAY_008083,CUST_01579,2207.51,NETBANKING,,SUCCESS,2026-08-05 10:18:46.646035
PAY_008084,CUST_01479,1363.7,NETBANKING,,SUCCESS,2026-08-26 03:29:46.646614
PAY_008085,CUST_02424,1001.81,NETBANKING,,SUCCESS,2026-08-07 19:52:46.647204
PAY_008086,CUST_04648,1006.62,WALLET,,SUCCESS,2026-08-05 22:27:46.647743
PAY_008087,CUST_02655,2201.8,UPI,,SUCCESS,2026-08-07 00:51:46.648264
PAY_008088,CUST_02004,925.21,WALLET,INSUFFICIENT_FUNDS,FAILED,2026-08-01 22:46:46.648807
PAY_008089,CUST_04528,1762.79,WALLET,,SUCCESS,2026-08-03 00:13:46.649318
PAY_008090,CUST_03549,4281.55,CARD,AUTHENTICATION_FAILED,FAILED,2026-08-20 02:43:46.649923
PAY_008091,CUST_01918,805.45,UPI,,SUCCESS,2026-07-28 11:34:46.650500
PAY_008092,CUST_00218,5820.94,NETBANKING,,SUCCESS,2026-08-21 08:19:46.651047
PAY_008093,CUST_00424,716.05,UPI,,SUCCESS,2026-08-11 05:45:46.651576
PAY_008094,CUST_03186,1936.61,WALLET,,SUCCESS,2026-08-23 09:28:46.652092
PAY_008095,CUST_00395,2047.86,WALLET,,SUCCESS,2026-08-25 06:32:46.652627
PAY_008096,CUST_04798,100.0,WALLET,AUTHENTICATION_FAILED,FAILED,2026-08-03 08:01:46.653196
PAY_008097,CUST_04236,1635.78,CARD,BANK_TIMEOUT,FAILED,2026-07-28 14:27:46.653829
PAY_008098,CUST_04510,1641.13,NETBANKING,,SUCCESS,2026-08-05 07:23:46.654347
PAY_008099,CUST_02181,1876.72,NETBANKING,,SUCCESS,2026-07-28 20:13:46.654883
PAY_008100,CUST_02794,1635.18,WALLET,,SUCCESS,2026-07-31 06:29:46.655476
PAY_008101,CUST_03802,1889.2,UPI,,SUCCESS,2026-08-18 20:36:46.656132
PAY_008102,CUST_02355,741.0,NETBANKING,,SUCCESS,2026-08-20 17:01:46.656673
PAY_008103,CUST_01559,1030.65,NETBANKING,,SUCCESS,2026-08-15 22:40:46.657189
PAY_008104,CUST_03251,8485.51,NETBANKING,,SUCCESS,2026-08-23 00:00:46.657704
PAY_008105,CUST_01663,1327.65,UPI,,SUCCESS,2026-08-22 22:19:46.658218
PAY_008106,CUST_04651,807.64,UPI,,SUCCESS,2026-07-29 17:10:46.658735
PAY_008107,CUST_02755,1434.05,NETBANKING,,SUCCESS,2026-08-01 11:24:46.659249
PAY_008108,CUST_00152,1311.64,WALLET,BANK_TIMEOUT,FAILED,2026-08-21 09:26:46.659768
PAY_008109,CUST_00365,1330.48,WALLET,,SUCCESS,2026-08-04 16:09:46.660320
PAY_008110,CUST_00399,1862.77,UPI,,SUCCESS,2026-08-10 02:00:46.661035
PAY_008111,CUST_00017,2039.67,WALLET,,SUCCESS,2026-08-05 12:25:46.661852
PAY_008112,CUST_02370,360.0,UPI,,SUCCESS,2026-08-05 08:06:46.662412
PAY_008113,CUST_02202,2189.85,UPI,,SUCCESS,2026-08-13 19:36:46.662927
PAY_008114,CUST_02205,1339.57,WALLET,,SUCCESS,2026-08-01 20:21:46.663444
PAY_008115,CUST_02446,6614.02,WALLET,,SUCCESS,2026-07-30 14:41:46.663968
PAY_008116,CUST_01908,1041.76,CARD,,SUCCESS,2026-07-28 06:58:46.664489
PAY_008117,CUST_04684,1321.7,WALLET,,SUCCESS,2026-08-22 23:57:46.665004
PAY_008118,CUST_01917,1812.74,NETBANKING,,SUCCESS,2026-08-23 17:17:46.665630
PAY_008119,CUST_04329,1320.41,UPI,BANK_TIMEOUT,FAILED,2026-08-05 10:37:46.666148
PAY_008120,CUST_04774,1905.62,UPI,,SUCCESS,2026-08-04 04:43:46.666684
PAY_008121,CUST_02298,7842.48,NETBANKING,,SUCCESS,2026-08-25 12:12:46.667249
PAY_008122,CUST_04229,2066.41,UPI,,SUCCESS,2026-08-09 20:18:46.667854
PAY_008123,CUST_02114,972.29,NETBANKING,BANK_DECLINED,FAILED,2026-08-01 01:22:46.668385
PAY_008124,CUST_00489,946.35,CARD,,SUCCESS,2026-07-29 16:06:46.668892
PAY_008125,CUST_01562,715.13,UPI,,SUCCESS,2026-08-26 05:49:46.669415
PAY_008126,CUST_02328,5851.68,CARD,,SUCCESS,2026-07-29 13:33:46.669925
PAY_008127,CUST_02243,767.15,WALLET,,SUCCESS,2026-08-10 04:46:46.670448
PAY_008128,CUST_01374,2395.8,WALLET,,SUCCESS,2026-08-14 13:01:46.670959
PAY_008129,CUST_01246,2331.85,NETBANKING,,SUCCESS,2026-07-28 15:49:46.671478
PAY_008130,CUST_03175,2056.83,WALLET,,SUCCESS,2026-08-12 03:56:46.672016
PAY_008131,CUST_04258,699.79,WALLET,,SUCCESS,2026-08-12 17:07:46.672760
PAY_008132,CUST_04451,8128.4,CARD,,SUCCESS,2026-08-11 00:21:46.673306
PAY_008133,CUST_02332,901.26,NETBANKING,,SUCCESS,2026-07-28 06:36:46.673919
PAY_008134,CUST_03180,345.94,NETBANKING,BANK_TIMEOUT,FAILED,2026-08-08 09:06:46.674597
PAY_008135,CUST_04451,7842.39,NETBANKING,,SUCCESS,2026-08-17 04:12:46.675171
PAY_008136,CUST_03417,1309.21,UPI,,SUCCESS,2026-08-10 02:41:46.675732
PAY_008137,CUST_03079,608.64,CARD,INSUFFICIENT_FUNDS,FAILED,2026-08-05 21:59:46.676256
PAY_008138,CUST_03149,2337.5,CARD,,SUCCESS,2026-08-06 13:45:46.676804
PAY_008139,CUST_01652,1044.11,WALLET,,SUCCESS,2026-07-31 16:32:46.677319
PAY_008140,CUST_03388,1785.54,WALLET,,SUCCESS,2026-08-09 12:33:46.677874
PAY_008141,CUST_02835,1367.12,WALLET,,SUCCESS,2026-08-26 13:38:46.678420
PAY_008142,CUST_01794,899.14,NETBANKING,,SUCCESS,2026-08-11 03:41:46.678953
PAY_008143,CUST_01099,1224.15,UPI,,SUCCESS,2026-08-05 22:50:46.679540
PAY_008144,CUST_03020,1475.46,UPI,,SUCCESS,2026-08-10 06:12:46.680056
PAY_008145,CUST_00129,566.24,WALLET,,SUCCESS,2026-08-03 07:02:46.680614
PAY_008146,CUST_03568,752.46,NETBANKING,,SUCCESS,2026-08-14 08:50:46.681124
PAY_008147,CUST_02149,6470.48,UPI,,SUCCESS,2026-08-03 07:48:46.681958
PAY_008148,CUST_03628,1806.32,NETBANKING,,SUCCESS,2026-08-03 21:07:46.683093
PAY_008149,CUST_01994,1176.07,NETBANKING,,SUCCESS,2026-08-24 17:35:46.684045
PAY_008150,CUST_03152,1426.43,WALLET,,SUCCESS,2026-08-15 03:49:46.684911
PAY_008151,CUST_04242,476.63,UPI,,SUCCESS,2026-08-01 01:49:46.685800
PAY_008152,CUST_03171,1754.67,WALLET,,SUCCESS,2026-08-17 06:29:46.686678
PAY_008153,CUST_04391,1547.52,NETBANKING,,SUCCESS,2026-08-15 16:55:46.687532
PAY_008154,CUST_02351,2140.21,WALLET,,SUCCESS,2026-07-30 21:10:46.688070
PAY_008155,CUST_00431,1762.06,UPI,,SUCCESS,2026-08-22 16:00:46.688789
PAY_008156,CUST_01254,8892.71,UPI,,SUCCESS,2026-08-03 05:00:46.689709
PAY_008157,CUST_04589,2680.01,UPI,,SUCCESS,2026-08-02 11:21:46.690817
PAY_008158,CUST_03289,502.91,WALLET,,SUCCESS,2026-08-03 11:59:46.691406
PAY_008159,CUST_00856,347.18,NETBANKING,,SUCCESS,2026-07-30 15:23:46.692005
PAY_008160,CUST_01119,1389.21,CARD,,SUCCESS,2026-08-23 07:27:46.692531
PAY_008161,CUST_00574,252.08,WALLET,BANK_TIMEOUT,FAILED,2026-08-04 00:39:46.693049
PAY_008162,CUST_04130,1748.73,UPI,,SUCCESS,2026-07-27 18:59:46.693573
PAY_008163,CUST_03412,2466.21,CARD,,SUCCESS,2026-07-28 03:59:46.694108
PAY_008164,CUST_04734,2469.7,UPI,,SUCCESS,2026-08-24 23:19:46.694629
PAY_008165,CUST_03237,710.79,CARD,,SUCCESS,2026-07-27 21:39:46.695181
PAY_008166,CUST_03805,1358.11,NETBANKING,,SUCCESS,2026-08-19 17:43:46.695745
PAY_008167,CUST_01011,1393.2,WALLET,,SUCCESS,2026-08-20 16:14:46.696329
PAY_008168,CUST_03854,1695.04,NETBANKING,BANK_DECLINED,FAILED,2026-08-01 21:47:46.696859
PAY_008169,CUST_00418,1121.14,WALLET,,SUCCESS,2026-08-01 20:15:46.697366
PAY_008170,CUST_00628,2473.03,CARD,,SUCCESS,2026-08-23 20:43:46.697938
PAY_008171,CUST_03053,1496.92,NETBANKING,,SUCCESS,2026-08-05 08:59:46.698468
PAY_008172,CUST_00942,1840.06,NETBANKING,,SUCCESS,2026-07-30 01:51:46.698984
PAY_008173,CUST_00293,592.91,NETBANKING,,SUCCESS,2026-08-06 10:47:46.699510
PAY_008174,CUST_00630,5862.58,UPI,,SUCCESS,2026-08-13 09:00:46.700037
PAY_008175,CUST_01826,2182.96,CARD,,SUCCESS,2026-08-06 01:10:46.700561
PAY_008176,CUST_00132,2601.01,WALLET,,SUCCESS,2026-08-01 20:42:46.701067
PAY_008177,CUST_00848,794.92,WALLET,,SUCCESS,2026-08-18 14:00:46.701588
PAY_008178,CUST_04872,1152.71,WALLET,BANK_TIMEOUT,FAILED,2026-08-05 22:36:46.702163
PAY_008179,CUST_03813,2235.77,NETBANKING,,SUCCESS,2026-08-02 10:09:46.702716
PAY_008180,CUST_00697,1127.73,NETBANKING,BANK_DECLINED,FAILED,2026-08-20 05:32:46.703313
PAY_008181,CUST_02077,1268.22,CARD,,SUCCESS,2026-08-07 11:57:46.703841
PAY_008182,CUST_03701,1596.15,WALLET,,SUCCESS,2026-07-29 14:02:46.704366
PAY_008183,CUST_00446,291.91,WALLET,,SUCCESS,2026-07-30 22:47:46.704890
PAY_008184,CUST_04240,1457.42,WALLET,,SUCCESS,2026-08-05 08:49:46.705549
PAY_008185,CUST_01862,1066.42,NETBANKING,,SUCCESS,2026-08-11 19:06:46.706404
PAY_008186,CUST_02967,733.7,WALLET,,SUCCESS,2026-08-13 08:45:46.706959
PAY_008187,CUST_03462,2494.26,CARD,,SUCCESS,2026-08-14 03:37:46.707478
PAY_008188,CUST_01928,7225.58,CARD,AUTHENTICATION_FAILED,FAILED,2026-08-17 02:11:46.708002
PAY_008189,CUST_01510,1228.41,UPI,,SUCCESS,2026-08-11 20:17:46.708526
PAY_008190,CUST_02738,1035.07,WALLET,,SUCCESS,2026-08-18 12:05:46.709046
PAY_008191,CUST_02011,2323.3,NETBANKING,,SUCCESS,2026-08-23 20:58:46.709654
PAY_008192,CUST_03648,3125.45,CARD,,SUCCESS,2026-08-15 08:32:46.710263
PAY_008193,CUST_03159,1971.34,CARD,,SUCCESS,2026-08-03 07:20:46.710867
PAY_008194,CUST_02024,3878.91,UPI,,SUCCESS,2026-08-19 19:33:46.711400
PAY_008195,CUST_04560,2462.51,NETBANKING,,SUCCESS,2026-08-13 09:05:46.711927
PAY_008196,CUST_01829,1330.05,CARD,,SUCCESS,2026-08-07 14:01:46.712487
PAY_008197,CUST_02235,446.88,NETBANKING,,SUCCESS,2026-08-08 06:11:46.713088
PAY_008198,CUST_01861,529.44,UPI,BANK_DECLINED,FAILED,2026-08-08 03:30:46.713615
PAY_008199,CUST_02844,1005.54,WALLET,,SUCCESS,2026-08-20 14:13:46.714138
PAY_008200,CUST_02497,1776.43,CARD,,SUCCESS,2026-08-23 23:03:46.714654
PAY_008201,CUST_02952,365.1,WALLET,,SUCCESS,2026-08-25 12:03:46.715162
PAY_008202,CUST_01457,1287.42,NETBANKING,,SUCCESS,2026-07-29 21:00:46.715686
PAY_008203,CUST_03297,542.41,UPI,,SUCCESS,2026-08-12 09:38:46.716193
PAY_008204,CUST_00290,1943.47,UPI,,SUCCESS,2026-08-09 13:10:46.716759
PAY_008205,CUST_04820,1059.66,CARD,NETWORK_ERROR,FAILED,2026-07-28 20:34:46.717399
PAY_008206,CUST_01154,2063.21,CARD,,SUCCESS,2026-08-15 11:55:46.718259
PAY_008207,CUST_03186,1617.17,WALLET,INSUFFICIENT_FUNDS,FAILED,2026-07-28 04:17:46.718817
PAY_008208,CUST_03081,430.18,WALLET,,SUCCESS,2026-08-23 17:15:46.719334
PAY_008209,CUST_00938,834.0,CARD,,SUCCESS,2026-08-13 20:23:46.719864
PAY_008210,CUST_04957,903.39,NETBANKING,,SUCCESS,2026-08-07 17:54:46.720378
PAY_008211,CUST_03695,1118.38,UPI,,SUCCESS,2026-08-22 00:02:46.720894
PAY_008212,CUST_01949,732.49,UPI,INSUFFICIENT_FUNDS,FAILED,2026-08-02 01:07:46.721412
PAY_008213,CUST_02888,973.76,WALLET,,SUCCESS,2026-08-02 00:06:46.721966
PAY_008214,CUST_00626,8031.9,WALLET,,SUCCESS,2026-08-02 05:30:46.722787
PAY_008215,CUST_03261,6248.52,UPI,,SUCCESS,2026-08-08 19:20:46.723352
PAY_008216,CUST_00544,1621.22,NETBANKING,,SUCCESS,2026-08-13 04:30:46.723990
PAY_008217,CUST_02469,2759.32,NETBANKING,,SUCCESS,2026-08-03 09:53:46.724651
PAY_008218,CUST_03272,2313.54,CARD,,SUCCESS,2026-08-10 16:36:46.725221
PAY_008219,CUST_00145,2253.09,NETBANKING,,SUCCESS,2026-08-23 03:36:46.725786
PAY_008220,CUST_00752,1027.0,UPI,,SUCCESS,2026-08-19 06:23:46.726294
PAY_008221,CUST_02413,981.76,CARD,,SUCCESS,2026-08-11 09:03:46.726847
PAY_008222,CUST_02550,1080.59,CARD,,SUCCESS,2026-08-02 23:17:46.727363
PAY_008223,CUST_03252,944.77,WALLET,,SUCCESS,2026-08-07 02:09:46.727925
PAY_008224,CUST_03356,459.37,NETBANKING,,SUCCESS,2026-07-29 20:49:46.728522
PAY_008225,CUST_02154,1861.58,NETBANKING,,SUCCESS,2026-08-18 19:04:46.729422
PAY_008226,CUST_00767,1812.33,CARD,,SUCCESS,2026-08-02 13:07:46.729982
PAY_008227,CUST_02416,541.21,WALLET,,SUCCESS,2026-08-25 03:33:46.730576
PAY_008228,CUST_02283,1370.5,UPI,,SUCCESS,2026-08-15 17:57:46.731140
PAY_008229,CUST_04006,1868.26,CARD,INSUFFICIENT_FUNDS,FAILED,2026-07-29 17:04:46.731704
PAY_008230,CUST_04716,1097.2,WALLET,,SUCCESS,2026-08-22 15:18:46.732237
PAY_008231,CUST_01304,8941.43,CARD,,SUCCESS,2026-08-17 05:56:46.732760
PAY_008232,CUST_02783,1130.51,UPI,,SUCCESS,2026-08-17 07:42:46.733277
PAY_008233,CUST_04510,2404.57,WALLET,,SUCCESS,2026-08-02 23:40:46.733796
PAY_008234,CUST_02253,1915.13,NETBANKING,,SUCCESS,2026-08-21 00:24:46.734316
PAY_008235,CUST_02881,818.83,WALLET,,SUCCESS,2026-08-01 23:26:46.734843
PAY_008236,CUST_03854,1089.41,WALLET,,SUCCESS,2026-08-02 03:20:46.735354
PAY_008237,CUST_02519,9446.23,NETBANKING,,SUCCESS,2026-08-18 07:33:46.735868
PAY_008238,CUST_03453,100.0,WALLET,,SUCCESS,2026-08-09 13:13:46.736398
PAY_008239,CUST_03005,2581.13,CARD,,SUCCESS,2026-08-19 23:32:46.736912
PAY_008240,CUST_04097,1826.83,WALLET,NETWORK_ERROR,FAILED,2026-08-01 06:04:46.737451
PAY_008241,CUST_04994,1109.4,NETBANKING,NETWORK_ERROR,FAILED,2026-08-23 03:30:46.737988
PAY_008242,CUST_02412,1190.55,UPI,,SUCCESS,2026-08-08 06:39:46.738617
PAY_008243,CUST_00568,100.0,CARD,INSUFFICIENT_FUNDS,FAILED,2026-08-14 16:23:46.739415
PAY_008244,CUST_02425,961.89,NETBANKING,,SUCCESS,2026-07-28 19:32:46.739970
PAY_008245,CUST_03737,2495.81,WALLET,,SUCCESS,2026-08-15 17:46:46.740497
PAY_008246,CUST_00692,1640.69,WALLET,,SUCCESS,2026-08-18 21:23:46.741021
PAY_008247,CUST_01435,6237.3,CARD,,SUCCESS,2026-08-06 04:10:46.741548
PAY_008248,CUST_03267,1504.73,UPI,,SUCCESS,2026-08-24 05:47:46.742063
PAY_008249,CUST_00685,1195.04,CARD,,SUCCESS,2026-08-11 07:53:46.742582
PAY_008250,CUST_00389,315.07,WALLET,,SUCCESS,2026-08-16 20:24:46.743110
PAY_008251,CUST_04464,957.24,CARD,NETWORK_ERROR,FAILED,2026-08-16 17:54:46.743633
PAY_008252,CUST_02525,510.09,CARD,,SUCCESS,2026-08-19 00:57:46.744144
PAY_008253,CUST_02867,2621.19,WALLET,,SUCCESS,2026-08-25 18:08:46.744882
PAY_008254,CUST_03280,1152.86,CARD,,SUCCESS,2026-08-15 04:49:46.745571
PAY_008255,CUST_00909,1535.24,CARD,,SUCCESS,2026-08-11 17:16:46.746117
PAY_008256,CUST_01681,100.0,NETBANKING,,SUCCESS,2026-08-08 02:27:46.746671
PAY_008257,CUST_04902,741.02,CARD,,SUCCESS,2026-07-31 10:37:46.747198
PAY_008258,CUST_02058,1110.31,WALLET,,SUCCESS,2026-07-28 05:44:46.747749
PAY_008259,CUST_03470,1276.81,UPI,BANK_TIMEOUT,FAILED,2026-08-07 20:58:46.748265
PAY_008260,CUST_02938,860.85,UPI,,SUCCESS,2026-08-10 10:00:46.748814
PAY_008261,CUST_00639,1174.62,WALLET,,SUCCESS,2026-07-28 18:25:46.749341
PAY_008262,CUST_04383,1306.9,NETBANKING,,SUCCESS,2026-08-08 14:16:46.749904
PAY_008263,CUST_04326,1243.17,WALLET,,SUCCESS,2026-08-16 04:33:46.750443
PAY_008264,CUST_00498,2056.01,NETBANKING,,SUCCESS,2026-08-09 11:41:46.750963
PAY_008265,CUST_04050,1188.15,NETBANKING,,SUCCESS,2026-08-14 02:38:46.751541
PAY_008266,CUST_00535,1292.87,NETBANKING,,SUCCESS,2026-08-07 03:51:46.752136
PAY_008267,CUST_01413,1363.03,CARD,,SUCCESS,2026-08-17 08:32:46.752785
PAY_008268,CUST_00235,2322.57,CARD,,SUCCESS,2026-07-29 09:44:46.753319
PAY_008269,CUST_02323,149.02,CARD,,SUCCESS,2026-08-13 21:18:46.753878
PAY_008270,CUST_01541,451.02,NETBANKING,,SUCCESS,2026-08-10 18:07:46.754410
PAY_008271,CUST_01573,1214.18,WALLET,,SUCCESS,2026-08-25 11:11:46.754958
PAY_008272,CUST_00427,1037.24,WALLET,INSUFFICIENT_FUNDS,FAILED,2026-08-15 21:39:46.755654
PAY_008273,CUST_00700,1021.16,NETBANKING,,SUCCESS,2026-08-12 13:14:46.756321
PAY_008274,CUST_04944,1773.16,NETBANKING,,SUCCESS,2026-08-19 12:29:46.756868
PAY_008275,CUST_02709,1015.33,UPI,,SUCCESS,2026-08-04 13:38:46.757392
PAY_008276,CUST_03662,1025.32,NETBANKING,,SUCCESS,2026-08-17 09:31:46.757926
PAY_008277,CUST_01070,100.0,CARD,BANK_TIMEOUT,FAILED,2026-08-16 12:41:46.758444
PAY_008278,CUST_02223,565.51,CARD,,SUCCESS,2026-07-31 13:49:46.758963
PAY_008279,CUST_04721,1857.79,UPI,,SUCCESS,2026-08-15 19:17:46.759633
PAY_008280,CUST_01902,6856.0,WALLET,,SUCCESS,2026-08-22 15:21:46.760255
PAY_008281,CUST_03913,899.84,WALLET,,SUCCESS,2026-08-20 05:50:46.760793
PAY_008282,CUST_00369,1936.55,CARD,,SUCCESS,2026-08-10 14:11:46.761309
PAY_008283,CUST_02375,1697.33,UPI,,SUCCESS,2026-08-12 04:50:46.761837
PAY_008284,CUST_00188,1529.39,UPI,,SUCCESS,2026-08-25 01:10:46.762353
PAY_008285,CUST_03744,2099.16,UPI,,SUCCESS,2026-08-21 11:07:46.762876
PAY_008286,CUST_02965,1033.98,CARD,,SUCCESS,2026-08-17 09:06:46.763389
PAY_008287,CUST_04377,428.2,CARD,,SUCCESS,2026-08-11 22:43:46.763905
PAY_008288,CUST_01412,1212.54,UPI,,SUCCESS,2026-08-20 21:39:46.764424
PAY_008289,CUST_01349,900.69,WALLET,,SUCCESS,2026-08-04 10:34:46.764937
PAY_008290,CUST_04613,1004.57,WALLET,,SUCCESS,2026-08-23 13:27:46.765455
PAY_008291,CUST_01393,1842.57,WALLET,,SUCCESS,2026-08-10 03:18:46.766030
PAY_008292,CUST_01050,1118.94,NETBANKING,,SUCCESS,2026-08-05 17:30:46.766591
PAY_008293,CUST_01855,7932.45,NETBANKING,,SUCCESS,2026-08-10 16:49:46.767148
PAY_008294,CUST_02028,1463.38,NETBANKING,,SUCCESS,2026-07-31 22:05:46.767690
PAY_008295,CUST_04508,974.14,NETBANKING,,SUCCESS,2026-08-10 01:05:46.768207
PAY_008296,CUST_04553,630.81,NETBANKING,BANK_DECLINED,FAILED,2026-07-28 06:30:46.768732
PAY_008297,CUST_03140,542.19,WALLET,INSUFFICIENT_FUNDS,FAILED,2026-08-01 03:46:46.769247
PAY_008298,CUST_01661,620.94,UPI,,SUCCESS,2026-08-06 14:53:46.769807
PAY_008299,CUST_02879,1823.85,NETBANKING,BANK_DECLINED,FAILED,2026-08-23 09:43:46.770322
PAY_008300,CUST_01561,795.55,NETBANKING,,SUCCESS,2026-08-19 11:37:46.770838
PAY_008301,CUST_02175,489.24,CARD,,SUCCESS,2026-08-10 02:03:46.771353
PAY_008302,CUST_04368,1209.52,UPI,,SUCCESS,2026-08-06 03:56:46.771880
PAY_008303,CUST_03980,1307.93,CARD,,SUCCESS,2026-08-23 09:43:46.772656
PAY_008304,CUST_03662,637.64,NETBANKING,,SUCCESS,2026-08-22 09:43:46.773257
PAY_008305,CUST_04950,715.81,CARD,,SUCCESS,2026-08-22 13:48:46.773923
PAY_008306,CUST_03982,1199.62,NETBANKING,,SUCCESS,2026-08-04 10:06:46.774530
PAY_008307,CUST_04371,1064.59,NETBANKING,,SUCCESS,2026-08-12 05:43:46.775075
PAY_008308,CUST_04323,1893.14,CARD,,SUCCESS,2026-08-24 22:47:46.775599
PAY_008309,CUST_01004,1113.61,CARD,,SUCCESS,2026-08-05 05:36:46.776113
PAY_008310,CUST_01702,573.77,NETBANKING,,SUCCESS,2026-08-05 16:54:46.776651
PAY_008311,CUST_01590,886.62,CARD,BANK_DECLINED,FAILED,2026-08-24 04:58:46.777153
PAY_008312,CUST_01152,905.05,NETBANKING,,SUCCESS,2026-08-15 18:35:46.777673
PAY_008313,CUST_03780,2454.08,UPI,,SUCCESS,2026-08-19 02:48:46.778195
PAY_008314,CUST_04992,723.82,NETBANKING,,SUCCESS,2026-08-13 18:47:46.778717
PAY_008315,CUST_04052,288.03,CARD,AUTHENTICATION_FAILED,FAILED,2026-08-17 16:07:46.779233
PAY_008316,CUST_00931,1792.22,WALLET,,SUCCESS,2026-08-16 03:46:46.779805
PAY_008317,CUST_02355,841.81,UPI,,SUCCESS,2026-07-31 13:52:46.780353
PAY_008318,CUST_02977,2738.84,CARD,,SUCCESS,2026-08-22 18:09:46.780964
PAY_008319,CUST_03012,1429.31,UPI,,SUCCESS,2026-08-10 07:48:46.781489
PAY_008320,CUST_01533,1948.6,CARD,,SUCCESS,2026-08-10 16:40:46.782000
PAY_008321,CUST_01812,455.09,NETBANKING,,SUCCESS,2026-07-31 06:05:46.782531
PAY_008322,CUST_00014,1816.55,UPI,,SUCCESS,2026-08-13 22:31:46.783045
PAY_008323,CUST_01073,839.49,WALLET,,SUCCESS,2026-07-30 03:01:46.783567
PAY_008324,CUST_03004,1815.28,UPI,,SUCCESS,2026-08-20 14:00:46.784080
PAY_008325,CUST_04701,1645.13,CARD,,SUCCESS,2026-08-19 18:49:46.784606
PAY_008326,CUST_04972,1867.09,WALLET,,SUCCESS,2026-08-26 09:58:46.785119
PAY_008327,CUST_04444,1384.44,UPI,,SUCCESS,2026-08-21 14:31:46.785646
PAY_008328,CUST_01763,219.08,NETBANKING,,SUCCESS,2026-08-16 04:08:46.786150
PAY_008329,CUST_03987,1435.84,NETBANKING,,SUCCESS,2026-08-05 06:15:46.786692
PAY_008330,CUST_02390,880.3,CARD,AUTHENTICATION_FAILED,FAILED,2026-07-29 09:57:46.787236
PAY_008331,CUST_04758,1813.92,CARD,,SUCCESS,2026-08-05 18:36:46.788136
PAY_008332,CUST_02766,4177.17,WALLET,,SUCCESS,2026-08-22 19:39:46.789003
PAY_008333,CUST_00952,1106.04,CARD,BANK_DECLINED,FAILED,2026-08-20 22:36:46.789653
PAY_008334,CUST_01811,495.95,UPI,INSUFFICIENT_FUNDS,FAILED,2026-08-25 14:34:46.790182
PAY_008335,CUST_00235,2487.93,UPI,,SUCCESS,2026-08-17 12:15:46.790819
PAY_008336,CUST_02093,1444.67,CARD,,SUCCESS,2026-08-24 23:48:46.791331
PAY_008337,CUST_04322,1191.08,NETBANKING,AUTHENTICATION_FAILED,FAILED,2026-08-25 05:20:46.791842
PAY_008338,CUST_04232,2382.03,UPI,,SUCCESS,2026-08-01 11:31:46.792373
PAY_008339,CUST_01030,2372.12,UPI,,SUCCESS,2026-07-31 11:07:46.792897
PAY_008340,CUST_03628,1540.16,WALLET,,SUCCESS,2026-08-13 00:59:46.793417
PAY_008341,CUST_04802,573.35,CARD,,SUCCESS,2026-08-18 05:15:46.793951
PAY_008342,CUST_04834,1398.55,UPI,AUTHENTICATION_FAILED,FAILED,2026-07-30 22:20:46.794510
PAY_008343,CUST_04750,808.16,CARD,BANK_TIMEOUT,FAILED,2026-08-16 21:54:46.795151
PAY_008344,CUST_04449,1870.28,WALLET,,SUCCESS,2026-08-01 05:28:46.795696
PAY_008345,CUST_00077,757.24,CARD,,SUCCESS,2026-08-22 12:06:46.796217
PAY_008346,CUST_04607,1163.15,CARD,,SUCCESS,2026-08-16 03:50:46.796753
PAY_008347,CUST_00927,1185.15,WALLET,,SUCCESS,2026-08-04 12:42:46.797270
PAY_008348,CUST_03083,730.75,NETBANKING,BANK_TIMEOUT,FAILED,2026-08-04 17:56:46.797795
PAY_008349,CUST_02478,1948.94,CARD,,SUCCESS,2026-08-01 20:28:46.798318
PAY_008350,CUST_01650,483.84,UPI,,SUCCESS,2026-07-29 15:26:46.798846
PAY_008351,CUST_04786,1731.05,WALLET,,SUCCESS,2026-08-13 13:30:46.799363
PAY_008352,CUST_03883,5825.11,UPI,BANK_TIMEOUT,FAILED,2026-08-15 21:38:46.799915
PAY_008353,CUST_03781,3992.02,CARD,,SUCCESS,2026-08-25 17:50:46.800444
PAY_008354,CUST_04573,972.9,CARD,,SUCCESS,2026-08-14 09:18:46.800961
PAY_008355,CUST_03175,1872.05,NETBANKING,,SUCCESS,2026-07-30 19:47:46.801517
PAY_008356,CUST_03267,1731.57,UPI,,SUCCESS,2026-08-04 08:17:46.802076
PAY_008357,CUST_00161,2508.04,WALLET,,SUCCESS,2026-08-08 23:58:46.802671
PAY_008358,CUST_03681,2212.71,WALLET,,SUCCESS,2026-08-06 03:13:46.803195
PAY_008359,CUST_02452,2454.92,CARD,,SUCCESS,2026-08-10 11:44:46.803724
PAY_008360,CUST_04593,11506.9,WALLET,,SUCCESS,2026-08-19 20:49:46.804242
PAY_008361,CUST_01884,7076.77,WALLET,,SUCCESS,2026-08-17 06:38:46.804777
PAY_008362,CUST_01915,1044.29,UPI,INSUFFICIENT_FUNDS,FAILED,2026-08-04 03:31:46.805319
PAY_008363,CUST_03400,4715.46,UPI,,SUCCESS,2026-08-22 13:29:46.806240
PAY_008364,CUST_01095,1752.22,UPI,,SUCCESS,2026-08-12 10:19:46.806952
PAY_008365,CUST_02765,100.0,WALLET,,SUCCESS,2026-08-25 09:02:46.807529
PAY_008366,CUST_02236,710.95,WALLET,,SUCCESS,2026-08-17 10:07:46.808123
PAY_008367,CUST_02427,2152.82,WALLET,,SUCCESS,2026-08-05 18:37:46.808701
PAY_008368,CUST_04551,691.08,NETBANKING,AUTHENTICATION_FAILED,FAILED,2026-07-30 03:17:46.809260
PAY_008369,CUST_03013,3513.48,WALLET,,SUCCESS,2026-08-08 17:01:46.809822
PAY_008370,CUST_02861,2097.45,CARD,,SUCCESS,2026-08-20 13:19:46.810340
PAY_008371,CUST_01016,1639.9,CARD,,SUCCESS,2026-08-16 20:33:46.810860
PAY_008372,CUST_01671,1578.27,UPI,,SUCCESS,2026-08-25 10:54:46.811376
PAY_008373,CUST_04456,463.88,NETBANKING,,SUCCESS,2026-08-02 23:43:46.811957
PAY_008374,CUST_03599,5068.65,UPI,,SUCCESS,2026-07-31 09:22:46.812480
PAY_008375,CUST_02560,1334.11,UPI,,SUCCESS,2026-08-14 07:13:46.813005
PAY_008376,CUST_00708,1136.71,WALLET,,SUCCESS,2026-08-17 18:43:46.813528
PAY_008377,CUST_01962,2032.14,CARD,,SUCCESS,2026-08-13 05:07:46.814052
PAY_008378,CUST_00772,1372.17,UPI,,SUCCESS,2026-08-08 07:10:46.814572
PAY_008379,CUST_03156,1019.96,WALLET,,SUCCESS,2026-08-13 10:40:46.815139
PAY_008380,CUST_02787,5902.49,CARD,,SUCCESS,2026-07-29 10:20:46.815745
PAY_008381,CUST_01450,1947.58,CARD,,SUCCESS,2026-08-15 17:01:46.816296
PAY_008382,CUST_02147,1014.66,UPI,,SUCCESS,2026-07-31 11:48:46.816824
PAY_008383,CUST_03519,1848.41,CARD,,SUCCESS,2026-08-02 21:52:46.817339
PAY_008384,CUST_04928,1959.56,NETBANKING,,SUCCESS,2026-08-02 03:09:46.817863
PAY_008385,CUST_02014,724.21,CARD,,SUCCESS,2026-08-09 18:33:46.818382
PAY_008386,CUST_03337,1036.77,NETBANKING,,SUCCESS,2026-08-14 07:13:46.818896
PAY_008387,CUST_01699,1355.04,UPI,,SUCCESS,2026-08-17 03:47:46.819414
PAY_008388,CUST_02045,5043.37,UPI,,SUCCESS,2026-07-31 13:37:46.819935
PAY_008389,CUST_00704,1213.21,UPI,,SUCCESS,2026-08-17 00:17:46.820457
PAY_008390,CUST_00471,1119.1,CARD,,SUCCESS,2026-08-16 01:58:46.820969
PAY_008391,CUST_03114,248.53,CARD,,SUCCESS,2026-08-01 20:32:46.821546
PAY_008392,CUST_02794,915.7,CARD,,SUCCESS,2026-08-08 17:55:46.822243
PAY_008393,CUST_03340,398.44,CARD,,SUCCESS,2026-08-20 04:06:46.823068
PAY_008394,CUST_02128,2631.7,UPI,,SUCCESS,2026-08-25 07:20:46.823688
PAY_008395,CUST_01346,1235.16,CARD,,SUCCESS,2026-08-08 01:44:46.824288
PAY_008396,CUST_00840,1279.84,NETBANKING,AUTHENTICATION_FAILED,FAILED,2026-08-12 14:58:46.824853
PAY_008397,CUST_00035,1497.34,NETBANKING,,SUCCESS,2026-08-03 05:53:46.825418
PAY_008398,CUST_04247,889.92,WALLET,,SUCCESS,2026-08-14 16:36:46.826004
PAY_008399,CUST_04211,1214.84,CARD,NETWORK_ERROR,FAILED,2026-08-22 18:23:46.826596
PAY_008400,CUST_04271,841.54,WALLET,INSUFFICIENT_FUNDS,FAILED,2026-08-21 23:29:46.827435
PAY_008401,CUST_04321,1832.04,NETBANKING,,SUCCESS,2026-08-19 02:39:46.828424
PAY_008402,CUST_02402,8141.14,WALLET,,SUCCESS,2026-08-08 14:22:46.829041
PAY_008403,CUST_02568,861.62,NETBANKING,BANK_DECLINED,FAILED,2026-08-03 10:07:46.829685
PAY_008404,CUST_04719,1966.06,UPI,,SUCCESS,2026-08-21 17:44:46.830289
PAY_008405,CUST_02445,6508.38,NETBANKING,,SUCCESS,2026-08-15 06:28:46.830859
PAY_008406,CUST_04350,1373.49,NETBANKING,,SUCCESS,2026-08-06 18:55:46.831435
PAY_008407,CUST_01427,1362.45,UPI,,SUCCESS,2026-08-12 14:31:46.832012
PAY_008408,CUST_04709,1864.48,WALLET,,SUCCESS,2026-08-23 16:07:46.832577
PAY_008409,CUST_04418,758.91,WALLET,BANK_TIMEOUT,FAILED,2026-08-22 03:29:46.833146
PAY_008410,CUST_02016,414.95,UPI,,SUCCESS,2026-08-17 18:20:46.833712
PAY_008411,CUST_01912,430.58,UPI,,SUCCESS,2026-08-22 17:18:46.834285
PAY_008412,CUST_02910,1480.94,CARD,,SUCCESS,2026-08-08 14:20:46.834850
PAY_008413,CUST_02788,1137.44,UPI,,SUCCESS,2026-08-11 15:19:46.835413
PAY_008414,CUST_03719,1436.56,NETBANKING,NETWORK_ERROR,FAILED,2026-08-10 19:53:46.835999
PAY_008415,CUST_03442,1272.91,CARD,,SUCCESS,2026-08-08 15:54:46.836724
PAY_008416,CUST_03700,1981.26,CARD,,SUCCESS,2026-08-09 12:04:46.837298
PAY_008417,CUST_01629,1564.23,NETBANKING,,SUCCESS,2026-08-16 06:03:46.837879
PAY_008418,CUST_01161,900.84,UPI,,SUCCESS,2026-08-14 15:20:46.838449
PAY_008419,CUST_01507,1644.93,CARD,,SUCCESS,2026-08-13 14:03:46.839171
PAY_008420,CUST_01690,1885.59,NETBANKING,,SUCCESS,2026-07-29 00:41:46.839750
PAY_008421,CUST_02295,2233.64,NETBANKING,,SUCCESS,2026-08-11 09:44:46.840267
PAY_008422,CUST_01770,2330.43,NETBANKING,,SUCCESS,2026-08-08 02:45:46.840787
PAY_008423,CUST_00902,732.86,UPI,,SUCCESS,2026-08-26 09:11:46.841309
PAY_008424,CUST_03053,1228.33,UPI,,SUCCESS,2026-08-22 20:41:46.841832
PAY_008425,CUST_01692,7693.12,WALLET,,SUCCESS,2026-07-28 11:58:46.842341
PAY_008426,CUST_03376,890.78,CARD,,SUCCESS,2026-08-04 04:31:46.842866
PAY_008427,CUST_00658,947.68,CARD,,SUCCESS,2026-08-02 23:59:46.843392
PAY_008428,CUST_04342,1247.26,WALLET,,SUCCESS,2026-08-14 15:11:46.843957
PAY_008429,CUST_02530,1488.43,UPI,,SUCCESS,2026-07-28 03:07:46.844567
PAY_008430,CUST_02589,1675.66,WALLET,,SUCCESS,2026-08-17 08:03:46.845112
PAY_008431,CUST_02760,2714.4,CARD,,SUCCESS,2026-08-02 10:26:46.845639
PAY_008432,CUST_01623,960.28,UPI,,SUCCESS,2026-07-31 08:21:46.846154
PAY_008433,CUST_04433,1706.77,WALLET,,SUCCESS,2026-08-25 19:25:46.846679
PAY_008434,CUST_02529,1716.46,CARD,,SUCCESS,2026-08-15 00:22:46.847195
PAY_008435,CUST_04953,702.71,UPI,NETWORK_ERROR,FAILED,2026-08-10 08:53:46.847722
PAY_008436,CUST_02666,547.21,UPI,BANK_TIMEOUT,FAILED,2026-08-18 04:28:46.848233
PAY_008437,CUST_00474,1338.77,NETBANKING,,SUCCESS,2026-08-25 21:50:46.848748
PAY_008438,CUST_04059,784.51,NETBANKING,,SUCCESS,2026-08-01 05:03:46.849281
PAY_008439,CUST_01991,1786.86,WALLET,,SUCCESS,2026-08-05 16:43:46.849801
PAY_008440,CUST_02356,666.02,WALLET,INSUFFICIENT_FUNDS,FAILED,2026-08-04 14:56:46.850364
PAY_008441,CUST_01488,203.56,NETBANKING,,SUCCESS,2026-07-31 13:17:46.851035
PAY_008442,CUST_01812,1053.83,UPI,BANK_DECLINED,FAILED,2026-08-18 12:55:46.851618
PAY_008443,CUST_01959,1426.14,NETBANKING,,SUCCESS,2026-08-15 04:15:46.852137
PAY_008444,CUST_04141,462.7,WALLET,,SUCCESS,2026-08-07 07:40:46.852707
PAY_008445,CUST_04797,920.42,NETBANKING,,SUCCESS,2026-08-20 11:56:46.853233
PAY_008446,CUST_02300,1493.67,WALLET,,SUCCESS,2026-08-10 16:31:46.853746
PAY_008447,CUST_00002,2210.46,CARD,,SUCCESS,2026-08-05 04:26:46.854271
PAY_008448,CUST_04122,1368.86,UPI,,SUCCESS,2026-08-26 05:47:46.854798
PAY_008449,CUST_00213,1185.63,UPI,NETWORK_ERROR,FAILED,2026-08-17 11:18:46.855362
PAY_008450,CUST_01558,703.94,WALLET,,SUCCESS,2026-07-31 09:24:46.856093
PAY_008451,CUST_03856,1195.36,NETBANKING,,SUCCESS,2026-08-12 06:31:46.856641
PAY_008452,CUST_02312,434.88,CARD,,SUCCESS,2026-08-12 12:57:46.857156
PAY_008453,CUST_03103,1049.82,WALLET,,SUCCESS,2026-08-17 02:23:46.857743
PAY_008454,CUST_04272,190.06,CARD,,SUCCESS,2026-08-07 13:19:46.858342
PAY_008455,CUST_02109,1163.61,WALLET,,SUCCESS,2026-08-22 15:22:46.858867
PAY_008456,CUST_03006,618.32,UPI,,SUCCESS,2026-08-24 08:58:46.859385
PAY_008457,CUST_04571,1075.02,UPI,NETWORK_ERROR,FAILED,2026-08-01 11:22:46.859949
PAY_008458,CUST_00226,1215.51,UPI,,SUCCESS,2026-08-21 01:51:46.860470
PAY_008459,CUST_03868,2303.57,NETBANKING,,SUCCESS,2026-07-28 19:55:46.860986
PAY_008460,CUST_03415,6646.03,WALLET,,SUCCESS,2026-08-08 08:28:46.861519
PAY_008461,CUST_02922,490.93,CARD,,SUCCESS,2026-08-24 22:09:46.862031
PAY_008462,CUST_00065,1871.43,NETBANKING,,SUCCESS,2026-08-01 07:49:46.862545
PAY_008463,CUST_02987,920.56,NETBANKING,,SUCCESS,2026-08-18 21:07:46.863060
PAY_008464,CUST_04247,1175.19,CARD,,SUCCESS,2026-08-12 12:35:46.863583
PAY_008465,CUST_01724,519.61,CARD,,SUCCESS,2026-08-02 03:04:46.864114
PAY_008466,CUST_01737,1029.74,CARD,NETWORK_ERROR,FAILED,2026-08-19 02:18:46.864689
PAY_008467,CUST_00922,1545.05,WALLET,,SUCCESS,2026-08-10 10:32:46.865278
PAY_008468,CUST_00187,1906.36,WALLET,,SUCCESS,2026-07-31 16:09:46.865824
PAY_008469,CUST_03162,1609.9,UPI,,SUCCESS,2026-08-17 07:33:46.866337
PAY_008470,CUST_01744,4669.97,CARD,NETWORK_ERROR,FAILED,2026-08-11 23:07:46.866863
PAY_008471,CUST_04779,1594.72,WALLET,,SUCCESS,2026-08-05 06:56:46.867384
PAY_008472,CUST_02333,556.89,UPI,BANK_DECLINED,FAILED,2026-08-03 05:28:46.868054
PAY_008473,CUST_03409,644.45,UPI,,SUCCESS,2026-08-02 21:47:46.868599
PAY_008474,CUST_03283,1230.53,WALLET,,SUCCESS,2026-08-25 01:54:46.869112
PAY_008475,CUST_04512,513.41,NETBANKING,,SUCCESS,2026-08-23 11:09:46.869656
PAY_008476,CUST_00475,866.01,UPI,,SUCCESS,2026-08-04 14:14:46.870171
PAY_008477,CUST_01626,2390.81,UPI,,SUCCESS,2026-08-21 12:11:46.870692
PAY_008478,CUST_02961,1282.71,UPI,,SUCCESS,2026-08-23 07:47:46.871226
PAY_008479,CUST_00904,1272.82,WALLET,,SUCCESS,2026-08-15 01:18:46.871779
PAY_008480,CUST_03449,5471.4,UPI,,SUCCESS,2026-08-22 02:18:46.872841
PAY_008481,CUST_00028,1819.2,CARD,,SUCCESS,2026-08-24 00:57:46.873420
PAY_008482,CUST_04353,100.0,WALLET,,SUCCESS,2026-08-10 06:07:46.873960
PAY_008483,CUST_04164,2488.56,CARD,,SUCCESS,2026-08-13 01:02:46.874483
PAY_008484,CUST_00628,2206.56,WALLET,,SUCCESS,2026-08-17 02:21:46.874996
PAY_008485,CUST_03269,100.0,NETBANKING,,SUCCESS,2026-08-18 09:06:46.875510
PAY_008486,CUST_04402,1057.99,WALLET,,SUCCESS,2026-08-13 11:30:46.876038
PAY_008487,CUST_00999,1380.51,WALLET,,SUCCESS,2026-08-05 22:05:46.876555
PAY_008488,CUST_02727,761.83,WALLET,AUTHENTICATION_FAILED,FAILED,2026-08-01 06:39:46.877069
PAY_008489,CUST_01278,780.29,CARD,,SUCCESS,2026-08-11 06:49:46.877651
PAY_008490,CUST_03298,1476.28,NETBANKING,,SUCCESS,2026-08-22 11:19:46.878163
PAY_008491,CUST_03954,812.7,UPI,,SUCCESS,2026-08-01 17:28:46.878681
PAY_008492,CUST_04417,1527.63,CARD,,SUCCESS,2026-08-08 07:13:46.879237
PAY_008493,CUST_04032,731.93,UPI,,SUCCESS,2026-07-29 19:40:46.879858
PAY_008494,CUST_02521,1215.22,WALLET,,SUCCESS,2026-08-08 00:56:46.880399
PAY_008495,CUST_03819,2431.61,CARD,,SUCCESS,2026-08-02 03:48:46.880919
PAY_008496,CUST_02089,106.21,CARD,,SUCCESS,2026-08-01 18:53:46.881439
PAY_008497,CUST_00804,429.29,NETBANKING,,SUCCESS,2026-08-05 21:07:46.881954
PAY_008498,CUST_03096,334.93,NETBANKING,NETWORK_ERROR,FAILED,2026-08-02 16:24:46.882472
PAY_008499,CUST_03356,730.75,UPI,BANK_TIMEOUT,FAILED,2026-08-26 03:43:46.882983
PAY_008500,CUST_00114,1708.22,WALLET,,SUCCESS,2026-08-26 08:22:46.883588
PAY_008501,CUST_02397,904.34,UPI,,SUCCESS,2026-08-06 10:37:46.884112
PAY_008502,CUST_04615,1735.84,CARD,,SUCCESS,2026-08-04 14:29:46.884633
PAY_008503,CUST_00413,724.03,UPI,,SUCCESS,2026-08-02 18:27:46.885150
PAY_008504,CUST_03841,1283.69,WALLET,,SUCCESS,2026-08-07 00:08:46.885672
PAY_008505,CUST_00660,1621.26,CARD,,SUCCESS,2026-08-19 07:30:46.886235
PAY_008506,CUST_04066,1294.56,UPI,AUTHENTICATION_FAILED,FAILED,2026-08-03 08:31:46.886857
PAY_008507,CUST_04018,6393.15,NETBANKING,,SUCCESS,2026-07-30 18:13:46.887387
PAY_008508,CUST_01926,431.87,WALLET,,SUCCESS,2026-08-04 09:48:46.887967
PAY_008509,CUST_00101,2159.59,WALLET,,SUCCESS,2026-08-08 03:44:46.888490
PAY_008510,CUST_04174,682.2,CARD,,SUCCESS,2026-07-29 18:23:46.889230
PAY_008511,CUST_02297,1618.26,UPI,,SUCCESS,2026-08-05 04:18:46.889895
PAY_008512,CUST_00709,2037.51,NETBANKING,,SUCCESS,2026-08-11 07:10:46.890427
PAY_008513,CUST_00479,823.94,WALLET,,SUCCESS,2026-08-20 17:21:46.890954
PAY_008514,CUST_00190,1062.84,WALLET,,SUCCESS,2026-08-10 09:10:46.891472
PAY_008515,CUST_01321,2300.48,UPI,,SUCCESS,2026-07-30 13:37:46.891989
PAY_008516,CUST_03211,1005.94,UPI,,SUCCESS,2026-08-06 10:54:46.892543
PAY_008517,CUST_04682,2041.27,NETBANKING,,SUCCESS,2026-08-04 02:29:46.893103
PAY_008518,CUST_04151,860.49,NETBANKING,,SUCCESS,2026-08-26 15:04:46.893690
PAY_008519,CUST_01011,549.62,UPI,,SUCCESS,2026-08-17 23:10:46.894215
PAY_008520,CUST_01533,1440.72,CARD,,SUCCESS,2026-08-19 23:57:46.894738
PAY_008521,CUST_01472,1955.51,WALLET,INSUFFICIENT_FUNDS,FAILED,2026-08-08 17:01:46.895265
PAY_008522,CUST_01747,3814.52,CARD,,SUCCESS,2026-08-24 03:09:46.895776
PAY_008523,CUST_01051,8954.13,WALLET,,SUCCESS,2026-08-15 03:36:46.896282
PAY_008524,CUST_01065,1541.51,NETBANKING,,SUCCESS,2026-08-06 14:40:46.896802
PAY_008525,CUST_04195,997.8,UPI,,SUCCESS,2026-07-29 22:38:46.897339
PAY_008526,CUST_01445,776.92,UPI,,SUCCESS,2026-08-05 18:51:46.897857
PAY_008527,CUST_00086,2437.09,NETBANKING,,SUCCESS,2026-08-25 00:02:46.898372
PAY_008528,CUST_00244,1116.4,CARD,,SUCCESS,2026-08-11 12:57:46.898943
PAY_008529,CUST_04709,2143.19,NETBANKING,,SUCCESS,2026-08-20 02:42:46.899524
PAY_008530,CUST_04341,1208.69,NETBANKING,,SUCCESS,2026-08-05 14:59:46.900162
PAY_008531,CUST_04099,1471.25,WALLET,,SUCCESS,2026-08-10 00:49:46.900770
PAY_008532,CUST_03959,1591.39,NETBANKING,,SUCCESS,2026-08-01 09:25:46.901312
PAY_008533,CUST_04694,1436.77,UPI,,SUCCESS,2026-08-23 23:19:46.901838
PAY_008534,CUST_01808,1975.2,NETBANKING,,SUCCESS,2026-08-17 05:34:46.902345
PAY_008535,CUST_02563,7840.36,WALLET,,SUCCESS,2026-07-30 10:59:46.902876
PAY_008536,CUST_04201,1022.89,CARD,,SUCCESS,2026-08-20 14:19:46.903394
PAY_008537,CUST_01147,4786.17,CARD,,SUCCESS,2026-08-16 21:45:46.903904
PAY_008538,CUST_02697,347.09,CARD,,SUCCESS,2026-08-19 23:38:46.904421
PAY_008539,CUST_04082,793.7,NETBANKING,,SUCCESS,2026-08-08 13:42:46.904942
PAY_008540,CUST_00226,1099.47,CARD,NETWORK_ERROR,FAILED,2026-08-20 10:10:46.905553
PAY_008541,CUST_03661,592.41,CARD,,SUCCESS,2026-08-04 03:42:46.906239
PAY_008542,CUST_02049,1364.78,CARD,,SUCCESS,2026-08-11 10:46:46.906837
PAY_008543,CUST_02214,7831.69,CARD,,SUCCESS,2026-08-22 03:27:46.907561
PAY_008544,CUST_00684,1361.99,CARD,NETWORK_ERROR,FAILED,2026-08-24 08:46:46.908306
PAY_008545,CUST_01779,1243.27,NETBANKING,INSUFFICIENT_FUNDS,FAILED,2026-07-27 23:28:46.908921
PAY_008546,CUST_00537,1838.06,UPI,,SUCCESS,2026-08-17 11:36:46.909518
PAY_008547,CUST_03127,1840.34,UPI,,SUCCESS,2026-08-14 15:08:46.910090
PAY_008548,CUST_03203,2151.23,CARD,,SUCCESS,2026-08-17 20:05:46.910660
PAY_008549,CUST_00639,1273.37,CARD,,SUCCESS,2026-08-02 12:17:46.911239
PAY_008550,CUST_04100,2935.03,WALLET,,SUCCESS,2026-07-28 21:42:46.911811
PAY_008551,CUST_01705,1679.34,UPI,,SUCCESS,2026-08-20 23:12:46.912375
PAY_008552,CUST_01402,1594.7,WALLET,,SUCCESS,2026-08-01 20:56:46.912946
PAY_008553,CUST_04589,2521.13,UPI,,SUCCESS,2026-08-14 12:38:46.913524
PAY_008554,CUST_04570,1496.42,WALLET,,SUCCESS,2026-08-22 04:32:46.914109
PAY_008555,CUST_04992,714.19,NETBANKING,,SUCCESS,2026-08-21 14:43:46.914870
PAY_008556,CUST_04057,4536.87,WALLET,,SUCCESS,2026-07-31 18:47:46.915420
PAY_008557,CUST_03652,602.24,UPI,,SUCCESS,2026-07-28 02:07:46.915936
PAY_008558,CUST_03058,2703.39,NETBANKING,,SUCCESS,2026-08-09 23:15:46.916467
PAY_008559,CUST_01592,142.24,NETBANKING,,SUCCESS,2026-08-12 19:22:46.916983
PAY_008560,CUST_02030,523.41,CARD,,SUCCESS,2026-08-22 10:10:46.917503
PAY_008561,CUST_04438,1607.7,CARD,,SUCCESS,2026-08-05 16:32:46.918013
PAY_008562,CUST_02740,771.89,CARD,,SUCCESS,2026-08-06 23:39:46.918538
PAY_008563,CUST_02581,1403.41,NETBANKING,,SUCCESS,2026-08-17 09:35:46.919049
PAY_008564,CUST_01266,4912.35,WALLET,,SUCCESS,2026-08-17 18:22:46.919606
PAY_008565,CUST_04885,812.92,WALLET,,SUCCESS,2026-08-03 00:17:46.920118
PAY_008566,CUST_01607,709.07,CARD,,SUCCESS,2026-08-14 19:32:46.920656
PAY_008567,CUST_02021,1476.29,CARD,,SUCCESS,2026-08-02 20:09:46.921166
PAY_008568,CUST_02883,1514.13,CARD,,SUCCESS,2026-07-28 20:34:46.921732
PAY_008569,CUST_02192,1656.08,UPI,,SUCCESS,2026-08-16 17:32:46.922513
PAY_008570,CUST_04286,1583.85,WALLET,,SUCCESS,2026-08-03 05:13:46.923111
PAY_008571,CUST_01259,1297.35,CARD,,SUCCESS,2026-08-23 03:10:46.923645
PAY_008572,CUST_01059,1227.54,UPI,,SUCCESS,2026-08-15 22:53:46.924160
PAY_008573,CUST_00147,1103.59,NETBANKING,,SUCCESS,2026-07-31 07:33:46.924681
PAY_008574,CUST_01586,1835.48,WALLET,,SUCCESS,2026-08-11 01:33:46.925196
PAY_008575,CUST_04986,593.52,UPI,,SUCCESS,2026-08-25 10:16:46.925717
PAY_008576,CUST_04386,992.3,UPI,,SUCCESS,2026-08-08 18:12:46.926230
PAY_008577,CUST_00306,2236.25,WALLET,,SUCCESS,2026-07-28 18:07:46.926752
PAY_008578,CUST_00999,100.0,UPI,,SUCCESS,2026-08-08 10:24:46.927266
PAY_008579,CUST_04373,1922.71,CARD,,SUCCESS,2026-08-13 05:45:46.927828
PAY_008580,CUST_00089,1587.28,WALLET,,SUCCESS,2026-08-22 12:37:46.928377
PAY_008581,CUST_00718,1681.15,WALLET,,SUCCESS,2026-08-15 13:30:46.928953
PAY_008582,CUST_02288,1657.29,NETBANKING,,SUCCESS,2026-07-29 18:26:46.929483
PAY_008583,CUST_00636,2672.9,UPI,,SUCCESS,2026-08-16 06:26:46.929998
PAY_008584,CUST_04483,1335.08,CARD,,SUCCESS,2026-08-12 15:49:46.930721
PAY_008585,CUST_03144,480.47,WALLET,,SUCCESS,2026-08-09 10:35:46.931322
PAY_008586,CUST_02970,712.27,UPI,BANK_DECLINED,FAILED,2026-08-10 17:53:46.931897
PAY_008587,CUST_01190,935.89,WALLET,,SUCCESS,2026-08-15 18:32:46.932486
PAY_008588,CUST_02385,902.77,WALLET,,SUCCESS,2026-08-13 08:42:46.933055
PAY_008589,CUST_00444,902.04,WALLET,INSUFFICIENT_FUNDS,FAILED,2026-07-30 15:16:46.933624
PAY_008590,CUST_03461,1989.14,NETBANKING,,SUCCESS,2026-07-30 15:22:46.934200
PAY_008591,CUST_04440,1531.37,CARD,,SUCCESS,2026-08-01 11:13:46.934782
PAY_008592,CUST_04158,1397.01,NETBANKING,,SUCCESS,2026-08-13 18:29:46.935368
PAY_008593,CUST_01079,4330.86,WALLET,,SUCCESS,2026-07-28 01:43:46.935987
PAY_008594,CUST_03805,1601.68,UPI,,SUCCESS,2026-08-05 09:35:46.936577
PAY_008595,CUST_03680,1548.47,WALLET,INSUFFICIENT_FUNDS,FAILED,2026-08-25 08:40:46.937150
PAY_008596,CUST_01288,848.46,UPI,BANK_TIMEOUT,FAILED,2026-08-20 02:53:46.937718
PAY_008597,CUST_00792,1266.86,WALLET,,SUCCESS,2026-08-17 12:02:46.938298
PAY_008598,CUST_02373,1194.18,WALLET,,SUCCESS,2026-08-16 17:00:46.938981
PAY_008599,CUST_02560,1758.36,CARD,,SUCCESS,2026-08-10 19:34:46.939556
PAY_008600,CUST_04593,12087.45,WALLET,,SUCCESS,2026-08-17 11:05:46.940076
PAY_008601,CUST_03500,1852.75,CARD,,SUCCESS,2026-08-19 01:11:46.940615
PAY_008602,CUST_03615,1726.04,CARD,,SUCCESS,2026-08-13 19:29:46.941126
PAY_008603,CUST_00645,1115.52,WALLET,,SUCCESS,2026-08-14 14:15:46.941648
PAY_008604,CUST_01790,966.42,UPI,,SUCCESS,2026-08-07 09:29:46.942208
PAY_008605,CUST_02744,6163.64,UPI,,SUCCESS,2026-08-22 09:59:46.942852
PAY_008606,CUST_01408,262.04,UPI,,SUCCESS,2026-07-30 08:01:46.943740
PAY_008607,CUST_00898,1355.84,WALLET,NETWORK_ERROR,FAILED,2026-08-25 17:51:46.944287
PAY_008608,CUST_02595,954.34,CARD,,SUCCESS,2026-08-19 18:23:46.944874
PAY_008609,CUST_03255,1037.54,NETBANKING,,SUCCESS,2026-08-06 10:20:46.945397
PAY_008610,CUST_00141,2090.74,CARD,,SUCCESS,2026-08-05 10:34:46.945904
PAY_008611,CUST_00432,1431.79,NETBANKING,,SUCCESS,2026-07-29 02:38:46.946483
PAY_008612,CUST_04322,753.94,UPI,,SUCCESS,2026-08-04 17:51:46.947233
PAY_008613,CUST_00192,2394.7,UPI,,SUCCESS,2026-07-29 17:39:46.947928
PAY_008614,CUST_02097,1662.12,CARD,,SUCCESS,2026-08-04 05:30:46.948488
PAY_008615,CUST_01954,1228.95,WALLET,BANK_DECLINED,FAILED,2026-07-27 21:20:46.949061
PAY_008616,CUST_04002,1357.52,UPI,,SUCCESS,2026-08-26 03:04:46.949678
PAY_008617,CUST_02916,1288.69,WALLET,INSUFFICIENT_FUNDS,FAILED,2026-08-14 09:53:46.950227
PAY_008618,CUST_02882,1115.43,NETBANKING,,SUCCESS,2026-08-15 04:25:46.950767
PAY_008619,CUST_04619,1506.55,CARD,,SUCCESS,2026-08-16 03:30:46.951278
PAY_008620,CUST_03141,2171.16,UPI,,SUCCESS,2026-08-11 23:15:46.951859
PAY_008621,CUST_01910,1174.15,UPI,,SUCCESS,2026-07-27 18:52:46.952380
PAY_008622,CUST_01446,326.21,WALLET,,SUCCESS,2026-08-11 02:18:46.952888
PAY_008623,CUST_00172,685.13,UPI,,SUCCESS,2026-08-01 14:43:46.953408
PAY_008624,CUST_04076,1452.0,NETBANKING,,SUCCESS,2026-08-06 08:03:46.953923
PAY_008625,CUST_03903,1902.14,CARD,,SUCCESS,2026-08-06 12:45:46.954445
PAY_008626,CUST_00929,9725.37,NETBANKING,,SUCCESS,2026-08-10 15:23:46.954951
PAY_008627,CUST_00776,2690.21,WALLET,,SUCCESS,2026-08-03 15:53:46.955578
PAY_008628,CUST_04377,100.0,CARD,AUTHENTICATION_FAILED,FAILED,2026-08-24 22:33:46.956233
PAY_008629,CUST_02817,644.17,NETBANKING,,SUCCESS,2026-08-24 03:47:46.956835
PAY_008630,CUST_01271,849.83,UPI,,SUCCESS,2026-08-03 12:11:46.957481
PAY_008631,CUST_00515,5900.18,WALLET,,SUCCESS,2026-08-14 00:35:46.958067
PAY_008632,CUST_00702,1760.39,CARD,,SUCCESS,2026-08-14 17:11:46.958642
PAY_008633,CUST_03348,1294.18,NETBANKING,,SUCCESS,2026-08-16 05:15:46.959223
PAY_008634,CUST_03574,100.0,WALLET,,SUCCESS,2026-07-30 17:07:46.959793
PAY_008635,CUST_02097,2165.08,UPI,,SUCCESS,2026-08-18 06:59:46.960356
PAY_008636,CUST_02955,6359.43,NETBANKING,,SUCCESS,2026-08-09 02:07:46.960921
PAY_008637,CUST_03781,4361.6,CARD,AUTHENTICATION_FAILED,FAILED,2026-08-06 05:19:46.961496
PAY_008638,CUST_00539,6040.49,UPI,INSUFFICIENT_FUNDS,FAILED,2026-08-11 18:18:46.962077
PAY_008639,CUST_04745,2314.15,WALLET,,SUCCESS,2026-07-29 11:36:46.962685
PAY_008640,CUST_02676,5974.85,WALLET,,SUCCESS,2026-08-26 18:07:46.963264
PAY_008641,CUST_04687,1301.34,UPI,,SUCCESS,2026-08-17 03:23:46.963861
PAY_008642,CUST_01742,1288.93,NETBANKING,,SUCCESS,2026-08-06 16:52:46.964579
PAY_008643,CUST_00412,9010.01,WALLET,,SUCCESS,2026-07-31 06:16:46.965293
PAY_008644,CUST_03696,1622.23,UPI,,SUCCESS,2026-08-07 09:32:46.965891
PAY_008645,CUST_04010,701.63,CARD,BANK_TIMEOUT,FAILED,2026-08-11 09:39:46.966481
PAY_008646,CUST_04386,452.08,CARD,,SUCCESS,2026-07-31 15:19:46.967047
PAY_008647,CUST_02054,1682.93,WALLET,,SUCCESS,2026-08-12 12:59:46.967614
PAY_008648,CUST_01960,8059.97,WALLET,,SUCCESS,2026-08-03 21:47:46.968190
PAY_008649,CUST_04914,1086.9,UPI,,SUCCESS,2026-07-28 17:29:46.968755
PAY_008650,CUST_03449,5734.89,UPI,,SUCCESS,2026-08-24 20:33:46.969323
PAY_008651,CUST_03082,6152.44,NETBANKING,,SUCCESS,2026-08-21 04:56:46.969887
PAY_008652,CUST_02185,808.72,CARD,,SUCCESS,2026-08-17 00:12:46.970485
PAY_008653,CUST_00648,856.68,CARD,,SUCCESS,2026-08-02 00:53:46.971128
PAY_008654,CUST_02800,1102.31,WALLET,,SUCCESS,2026-08-26 17:29:46.971703
PAY_008655,CUST_04746,1193.64,CARD,AUTHENTICATION_FAILED,FAILED,2026-08-12 12:08:46.972451
PAY_008656,CUST_00097,924.18,UPI,BANK_TIMEOUT,FAILED,2026-08-19 04:05:46.973006
PAY_008657,CUST_03243,2270.33,WALLET,,SUCCESS,2026-08-18 00:03:46.973537
PAY_008658,CUST_03472,1799.7,UPI,,SUCCESS,2026-08-21 23:10:46.974066
PAY_008659,CUST_00213,1491.45,UPI,,SUCCESS,2026-08-23 15:58:46.974590
PAY_008660,CUST_02769,658.75,NETBANKING,,SUCCESS,2026-08-10 16:25:46.975107
PAY_008661,CUST_01636,1707.35,UPI,,SUCCESS,2026-08-02 02:53:46.975627
PAY_008662,CUST_01088,224.81,NETBANKING,AUTHENTICATION_FAILED,FAILED,2026-08-24 07:01:46.976154
PAY_008663,CUST_00858,685.94,UPI,,SUCCESS,2026-07-30 13:59:46.976683
PAY_008664,CUST_02233,1687.48,UPI,,SUCCESS,2026-08-18 03:41:46.977250
PAY_008665,CUST_03567,1469.71,NETBANKING,,SUCCESS,2026-08-25 03:21:46.978180
PAY_008666,CUST_01003,1246.28,NETBANKING,,SUCCESS,2026-08-21 06:55:46.978790
PAY_008667,CUST_00751,934.39,CARD,,SUCCESS,2026-07-31 13:18:46.979309
PAY_008668,CUST_00548,100.0,WALLET,,SUCCESS,2026-08-23 01:52:46.979857
PAY_008669,CUST_04388,1127.7,WALLET,,SUCCESS,2026-08-23 06:59:46.980380
PAY_008670,CUST_03285,571.45,UPI,,SUCCESS,2026-07-28 13:38:46.980897
PAY_008671,CUST_04938,2191.34,CARD,,SUCCESS,2026-07-30 14:18:46.981417
PAY_008672,CUST_01916,2031.17,CARD,,SUCCESS,2026-08-01 08:51:46.981928
PAY_008673,CUST_00193,1695.22,NETBANKING,,SUCCESS,2026-08-26 00:01:46.982448
PAY_008674,CUST_04403,1958.63,UPI,,SUCCESS,2026-07-30 11:20:46.982959
PAY_008675,CUST_03704,1987.19,CARD,,SUCCESS,2026-07-30 21:21:46.983478
PAY_008676,CUST_03256,671.97,CARD,,SUCCESS,2026-08-23 09:48:46.983992
PAY_008677,CUST_03105,228.99,NETBANKING,,SUCCESS,2026-07-31 13:12:46.984568
PAY_008678,CUST_03352,1177.66,CARD,,SUCCESS,2026-08-24 20:54:46.985158
PAY_008679,CUST_00719,944.96,NETBANKING,,SUCCESS,2026-08-24 21:43:46.985696
PAY_008680,CUST_03328,1776.78,CARD,,SUCCESS,2026-08-05 00:46:46.986208
PAY_008681,CUST_02758,1211.02,UPI,,SUCCESS,2026-08-05 08:13:46.986735
PAY_008682,CUST_00224,8776.53,NETBANKING,,SUCCESS,2026-08-09 05:58:46.987250
PAY_008683,CUST_04664,1964.84,WALLET,,SUCCESS,2026-08-15 04:28:46.987770
PAY_008684,CUST_00549,6080.34,WALLET,,SUCCESS,2026-08-08 14:36:46.988279
PAY_008685,CUST_04469,2388.42,CARD,,SUCCESS,2026-08-07 22:07:46.988967
PAY_008686,CUST_00458,1240.42,CARD,,SUCCESS,2026-08-25 07:01:46.989727
PAY_008687,CUST_03979,1646.28,UPI,,SUCCESS,2026-08-09 02:43:46.990412
PAY_008688,CUST_02791,1629.23,NETBANKING,,SUCCESS,2026-08-23 10:40:46.991043
PAY_008689,CUST_00858,798.63,WALLET,,SUCCESS,2026-08-22 12:58:46.991625
PAY_008690,CUST_01089,1075.54,UPI,,SUCCESS,2026-08-01 13:21:46.992250
PAY_008691,CUST_01373,1635.8,UPI,,SUCCESS,2026-08-02 02:49:46.992839
PAY_008692,CUST_02594,1991.57,UPI,INSUFFICIENT_FUNDS,FAILED,2026-07-28 10:17:46.993423
PAY_008693,CUST_04421,5862.32,CARD,,SUCCESS,2026-08-17 21:09:46.994041
PAY_008694,CUST_02402,8086.97,NETBANKING,BANK_DECLINED,FAILED,2026-07-31 05:18:46.994661
PAY_008695,CUST_04068,1707.56,WALLET,,SUCCESS,2026-07-31 08:29:46.995280
PAY_008696,CUST_00507,1880.0,CARD,,SUCCESS,2026-08-24 01:49:46.995850
PAY_008697,CUST_00256,2102.04,CARD,,SUCCESS,2026-08-16 17:18:46.996408
PAY_008698,CUST_03968,4232.05,NETBANKING,,SUCCESS,2026-08-11 06:35:46.996987
PAY_008699,CUST_04856,760.07,UPI,,SUCCESS,2026-08-25 20:51:46.997555
PAY_008700,CUST_03427,1031.01,WALLET,,SUCCESS,2026-07-28 23:11:46.998123
PAY_008701,CUST_03299,2640.12,WALLET,,SUCCESS,2026-08-01 20:47:46.998701
PAY_008702,CUST_02997,1453.32,NETBANKING,BANK_DECLINED,FAILED,2026-08-25 09:11:46.999297
PAY_008703,CUST_00450,1474.05,UPI,,SUCCESS,2026-08-23 19:46:46.999911
PAY_008704,CUST_00995,878.24,UPI,INSUFFICIENT_FUNDS,FAILED,2026-08-07 13:44:47.000457
PAY_008705,CUST_02144,2293.24,UPI,NETWORK_ERROR,FAILED,2026-08-14 07:30:47.001085
PAY_008706,CUST_03118,2574.7,UPI,,SUCCESS,2026-08-15 06:21:47.001698
PAY_008707,CUST_00200,1061.57,WALLET,,SUCCESS,2026-08-24 20:27:47.002279
PAY_008708,CUST_02725,564.0,UPI,,SUCCESS,2026-07-29 23:18:47.002870
PAY_008709,CUST_00124,820.02,UPI,,SUCCESS,2026-08-15 02:32:47.003473
PAY_008710,CUST_00419,1404.29,CARD,BANK_DECLINED,FAILED,2026-08-07 10:49:47.004064
PAY_008711,CUST_04106,855.35,NETBANKING,,SUCCESS,2026-08-14 00:30:47.004706
PAY_008712,CUST_04974,925.52,NETBANKING,,SUCCESS,2026-08-25 10:17:47.005340
PAY_008713,CUST_00655,167.74,UPI,,SUCCESS,2026-07-30 21:45:47.006643
PAY_008714,CUST_04173,1755.27,NETBANKING,,SUCCESS,2026-08-03 23:06:47.007423
PAY_008715,CUST_00395,1478.2,CARD,NETWORK_ERROR,FAILED,2026-08-14 20:24:47.008043
PAY_008716,CUST_03952,1424.84,WALLET,,SUCCESS,2026-07-30 17:56:47.008767
PAY_008717,CUST_03223,788.09,NETBANKING,,SUCCESS,2026-07-31 18:39:47.009535
PAY_008718,CUST_00479,770.66,WALLET,,SUCCESS,2026-08-15 01:11:47.010251
PAY_008719,CUST_03292,864.47,NETBANKING,BANK_TIMEOUT,FAILED,2026-08-12 21:41:47.011123
PAY_008720,CUST_01856,1593.38,UPI,BANK_DECLINED,FAILED,2026-07-29 13:21:47.011781
PAY_008721,CUST_04352,1673.38,WALLET,,SUCCESS,2026-08-07 04:01:47.012354
PAY_008722,CUST_03882,10195.69,CARD,,SUCCESS,2026-07-29 05:55:47.012950
PAY_008723,CUST_01605,226.67,WALLET,,SUCCESS,2026-08-08 07:09:47.013789
PAY_008724,CUST_04457,1141.31,UPI,,SUCCESS,2026-07-30 10:54:47.014416
PAY_008725,CUST_00361,6927.81,CARD,,SUCCESS,2026-08-24 17:50:47.014978
PAY_008726,CUST_01676,1321.27,NETBANKING,NETWORK_ERROR,FAILED,2026-08-20 11:04:47.015525
PAY_008727,CUST_04918,100.0,WALLET,,SUCCESS,2026-08-21 04:01:47.016035
PAY_008728,CUST_00338,260.91,NETBANKING,,SUCCESS,2026-08-09 16:55:47.016596
PAY_008729,CUST_03594,5419.41,NETBANKING,,SUCCESS,2026-07-31 06:41:47.017112
PAY_008730,CUST_00369,1564.35,CARD,,SUCCESS,2026-08-09 03:43:47.017664
PAY_008731,CUST_03242,1578.48,WALLET,,SUCCESS,2026-08-09 02:59:47.018172
PAY_008732,CUST_02228,1911.19,WALLET,NETWORK_ERROR,FAILED,2026-08-20 13:07:47.018736
PAY_008733,CUST_03153,446.24,WALLET,,SUCCESS,2026-08-06 23:19:47.019251
PAY_008734,CUST_04698,1259.09,CARD,BANK_DECLINED,FAILED,2026-07-30 15:03:47.019819
PAY_008735,CUST_03139,8862.9,NETBANKING,,SUCCESS,2026-08-08 13:57:47.020472
PAY_008736,CUST_00106,464.78,WALLET,,SUCCESS,2026-08-04 19:11:47.021003
PAY_008737,CUST_01705,2136.89,UPI,,SUCCESS,2026-08-08 18:31:47.021553
PAY_008738,CUST_01736,2752.75,CARD,,SUCCESS,2026-08-04 03:19:47.022205
PAY_008739,CUST_04118,2100.95,NETBANKING,,SUCCESS,2026-08-24 17:56:47.023446
PAY_008740,CUST_01819,297.9,NETBANKING,NETWORK_ERROR,FAILED,2026-08-20 18:33:47.024175
PAY_008741,CUST_04662,2340.68,CARD,,SUCCESS,2026-08-12 02:51:47.025377
PAY_008742,CUST_00803,391.57,CARD,INSUFFICIENT_FUNDS,FAILED,2026-08-11 07:17:47.026624
PAY_008743,CUST_03645,1432.54,WALLET,,SUCCESS,2026-08-25 05:54:47.027591
PAY_008744,CUST_01529,560.07,NETBANKING,AUTHENTICATION_FAILED,FAILED,2026-07-29 14:26:47.028378
PAY_008745,CUST_04757,1806.83,WALLET,,SUCCESS,2026-08-23 22:35:47.029132
PAY_008746,CUST_00720,1504.77,UPI,,SUCCESS,2026-08-10 07:31:47.029865
PAY_008747,CUST_02774,2154.22,UPI,,SUCCESS,2026-08-11 08:04:47.030572
PAY_008748,CUST_03676,1688.74,UPI,,SUCCESS,2026-07-29 07:11:47.031277
PAY_008749,CUST_04762,1236.54,CARD,,SUCCESS,2026-08-11 17:56:47.031960
PAY_008750,CUST_02320,8515.0,UPI,,SUCCESS,2026-08-18 05:04:47.033042
PAY_008751,CUST_00746,534.68,NETBANKING,,SUCCESS,2026-08-09 21:08:47.033766
PAY_008752,CUST_01154,1791.16,UPI,,SUCCESS,2026-08-11 19:06:47.034564
PAY_008753,CUST_00487,978.98,CARD,,SUCCESS,2026-08-13 16:08:47.035319
PAY_008754,CUST_01845,906.31,CARD,,SUCCESS,2026-08-19 23:40:47.036044
PAY_008755,CUST_01679,1166.37,UPI,BANK_TIMEOUT,FAILED,2026-07-30 06:34:47.037054
PAY_008756,CUST_00714,1390.32,CARD,AUTHENTICATION_FAILED,FAILED,2026-08-14 11:01:47.037808
PAY_008757,CUST_02219,8203.83,CARD,,SUCCESS,2026-08-21 19:49:47.038435
PAY_008758,CUST_02697,843.41,NETBANKING,,SUCCESS,2026-07-28 15:05:47.039176
PAY_008759,CUST_04219,1445.0,NETBANKING,,SUCCESS,2026-08-25 09:03:47.040180
PAY_008760,CUST_02423,1270.04,WALLET,,SUCCESS,2026-08-03 11:38:47.040850
PAY_008761,CUST_03330,2110.04,CARD,,SUCCESS,2026-07-28 21:06:47.041483
PAY_008762,CUST_00718,1549.08,WALLET,,SUCCESS,2026-07-30 20:32:47.042107
PAY_008763,CUST_00290,1824.19,CARD,,SUCCESS,2026-08-12 23:07:47.042725
PAY_008764,CUST_00640,2473.56,CARD,,SUCCESS,2026-08-22 09:17:47.043303
PAY_008765,CUST_03715,341.48,WALLET,,SUCCESS,2026-08-02 14:59:47.043887
PAY_008766,CUST_04562,562.73,UPI,,SUCCESS,2026-08-16 21:50:47.044464
PAY_008767,CUST_03081,868.49,UPI,,SUCCESS,2026-08-03 22:17:47.045048
PAY_008768,CUST_02094,1189.04,UPI,BANK_TIMEOUT,FAILED,2026-07-31 23:43:47.045633
PAY_008769,CUST_04331,1130.88,NETBANKING,,SUCCESS,2026-08-19 09:15:47.046206
PAY_008770,CUST_02033,1296.81,NETBANKING,,SUCCESS,2026-08-05 16:59:47.046800
PAY_008771,CUST_00127,2555.49,WALLET,,SUCCESS,2026-08-16 21:48:47.047368
PAY_008772,CUST_04319,1393.59,NETBANKING,,SUCCESS,2026-08-03 20:27:47.047993
PAY_008773,CUST_00231,1655.29,NETBANKING,,SUCCESS,2026-08-11 00:03:47.048702
PAY_008774,CUST_03474,812.43,WALLET,,SUCCESS,2026-08-17 02:00:47.049292
PAY_008775,CUST_04021,2079.9,NETBANKING,,SUCCESS,2026-08-03 22:16:47.049878
PAY_008776,CUST_01225,4699.21,CARD,,SUCCESS,2026-08-17 21:25:47.050474
PAY_008777,CUST_03166,1078.75,WALLET,,SUCCESS,2026-07-29 06:36:47.051068
PAY_008778,CUST_03530,1260.83,NETBANKING,,SUCCESS,2026-08-13 08:11:47.051670
PAY_008779,CUST_01673,8374.25,CARD,,SUCCESS,2026-07-28 16:29:47.052250
PAY_008780,CUST_02268,1068.08,NETBANKING,,SUCCESS,2026-08-21 11:21:47.052848
PAY_008781,CUST_04629,1460.01,WALLET,AUTHENTICATION_FAILED,FAILED,2026-08-01 10:22:47.053430
PAY_008782,CUST_03866,1284.62,UPI,,SUCCESS,2026-08-11 17:12:47.054007
PAY_008783,CUST_02469,2620.35,CARD,,SUCCESS,2026-08-15 07:53:47.054751
PAY_008784,CUST_02541,895.98,CARD,,SUCCESS,2026-08-01 13:44:47.055603
PAY_008785,CUST_04415,607.31,CARD,,SUCCESS,2026-08-03 12:58:47.056757
PAY_008786,CUST_03339,1961.73,CARD,,SUCCESS,2026-08-26 11:06:47.057402
PAY_008787,CUST_00166,1921.62,WALLET,,SUCCESS,2026-08-08 17:34:47.057995
PAY_008788,CUST_04956,852.3,WALLET,,SUCCESS,2026-08-09 13:03:47.058593
PAY_008789,CUST_02439,3587.37,CARD,,SUCCESS,2026-08-02 04:41:47.059167
PAY_008790,CUST_01650,1071.13,WALLET,,SUCCESS,2026-08-13 04:02:47.059752
PAY_008791,CUST_00801,1534.08,WALLET,,SUCCESS,2026-08-23 04:33:47.060325
PAY_008792,CUST_00126,1672.32,CARD,,SUCCESS,2026-08-24 06:08:47.060913
PAY_008793,CUST_03404,1751.78,NETBANKING,,SUCCESS,2026-08-17 08:07:47.061493
PAY_008794,CUST_02777,1483.24,CARD,NETWORK_ERROR,FAILED,2026-08-01 12:11:47.062128
PAY_008795,CUST_02480,1758.69,CARD,,SUCCESS,2026-08-22 02:40:47.062809
PAY_008796,CUST_00627,1799.68,CARD,,SUCCESS,2026-08-08 18:12:47.063409
PAY_008797,CUST_02575,1941.33,UPI,,SUCCESS,2026-08-04 21:45:47.063987
PAY_008798,CUST_01657,946.46,UPI,,SUCCESS,2026-08-15 02:15:47.064592
PAY_008799,CUST_00584,998.97,NETBANKING,,SUCCESS,2026-08-16 18:43:47.065170
PAY_008800,CUST_04200,448.15,UPI,BANK_TIMEOUT,FAILED,2026-08-09 03:25:47.065742
PAY_008801,CUST_02320,8379.76,NETBANKING,,SUCCESS,2026-08-10 14:36:47.066310
PAY_008802,CUST_03780,2083.64,WALLET,,SUCCESS,2026-08-12 20:46:47.066909
PAY_008803,CUST_04590,1014.41,WALLET,,SUCCESS,2026-08-12 14:13:47.067489
PAY_008804,CUST_02525,1226.01,CARD,,SUCCESS,2026-08-17 01:38:47.068154
PAY_008805,CUST_04998,1248.13,WALLET,BANK_TIMEOUT,FAILED,2026-08-21 05:06:47.068979
PAY_008806,CUST_00490,1083.88,NETBANKING,,SUCCESS,2026-08-16 11:10:47.070045
PAY_008807,CUST_04426,1558.2,CARD,,SUCCESS,2026-08-14 04:43:47.070761
PAY_008808,CUST_01565,1332.31,WALLET,,SUCCESS,2026-08-19 07:03:47.071287
PAY_008809,CUST_01826,2035.17,WALLET,,SUCCESS,2026-08-25 11:45:47.071811
PAY_008810,CUST_00508,1566.53,UPI,INSUFFICIENT_FUNDS,FAILED,2026-07-28 23:16:47.072504
PAY_008811,CUST_02910,1454.9,NETBANKING,,SUCCESS,2026-08-13 01:32:47.073047
PAY_008812,CUST_03453,680.76,WALLET,,SUCCESS,2026-08-10 04:58:47.073601
PAY_008813,CUST_02589,1664.66,NETBANKING,,SUCCESS,2026-08-01 16:26:47.074124
PAY_008814,CUST_00520,1036.36,UPI,,SUCCESS,2026-08-02 15:14:47.074670
PAY_008815,CUST_04193,619.47,UPI,,SUCCESS,2026-08-05 02:47:47.075184
PAY_008816,CUST_04820,1117.15,UPI,,SUCCESS,2026-08-20 19:58:47.075731
PAY_008817,CUST_03048,1313.02,CARD,NETWORK_ERROR,FAILED,2026-07-30 03:52:47.076263
PAY_008818,CUST_04240,1092.01,WALLET,,SUCCESS,2026-08-06 21:26:47.076834
PAY_008819,CUST_01066,2948.74,CARD,,SUCCESS,2026-08-03 08:23:47.077487
PAY_008820,CUST_01813,716.08,NETBANKING,AUTHENTICATION_FAILED,FAILED,2026-08-24 17:41:47.078024
PAY_008821,CUST_00047,897.43,CARD,,SUCCESS,2026-08-17 00:42:47.078572
PAY_008822,CUST_00922,1330.12,CARD,INSUFFICIENT_FUNDS,FAILED,2026-08-16 08:37:47.079082
PAY_008823,CUST_04832,965.52,NETBANKING,,SUCCESS,2026-08-14 18:28:47.079629
PAY_008824,CUST_01548,5508.41,WALLET,,SUCCESS,2026-08-26 03:49:47.080180
PAY_008825,CUST_04777,920.19,CARD,,SUCCESS,2026-08-21 10:22:47.080732
PAY_008826,CUST_02625,1134.84,CARD,,SUCCESS,2026-08-08 17:58:47.081245
PAY_008827,CUST_01169,1229.53,NETBANKING,,SUCCESS,2026-08-05 20:37:47.081791
PAY_008828,CUST_03222,1185.1,WALLET,,SUCCESS,2026-08-15 03:26:47.082307
PAY_008829,CUST_00518,2620.49,UPI,INSUFFICIENT_FUNDS,FAILED,2026-08-08 11:02:47.082857
PAY_008830,CUST_01272,1070.24,NETBANKING,,SUCCESS,2026-08-08 11:33:47.083398
PAY_008831,CUST_02307,560.9,WALLET,NETWORK_ERROR,FAILED,2026-08-20 10:47:47.083943
PAY_008832,CUST_04036,643.18,CARD,,SUCCESS,2026-08-21 07:39:47.084613
PAY_008833,CUST_02856,2861.48,CARD,,SUCCESS,2026-07-28 10:21:47.085138
PAY_008834,CUST_03402,1362.96,UPI,,SUCCESS,2026-07-31 08:14:47.085695
PAY_008835,CUST_01922,524.79,CARD,,SUCCESS,2026-08-03 20:59:47.086221
PAY_008836,CUST_03162,606.81,CARD,,SUCCESS,2026-08-04 21:45:47.086968
PAY_008837,CUST_02168,1363.99,NETBANKING,,SUCCESS,2026-08-06 17:53:47.087529
PAY_008838,CUST_03807,8652.6,NETBANKING,,SUCCESS,2026-08-16 23:30:47.088049
PAY_008839,CUST_01834,982.73,CARD,,SUCCESS,2026-08-26 06:45:47.088571
PAY_008840,CUST_04291,1106.98,NETBANKING,,SUCCESS,2026-07-28 11:37:47.089300
PAY_008841,CUST_01842,821.85,WALLET,,SUCCESS,2026-07-31 20:22:47.090073
PAY_008842,CUST_00752,455.63,UPI,NETWORK_ERROR,FAILED,2026-08-08 13:00:47.090763
PAY_008843,CUST_02985,2303.02,WALLET,,SUCCESS,2026-08-25 07:25:47.091323
PAY_008844,CUST_01932,1140.25,NETBANKING,,SUCCESS,2026-08-16 05:54:47.091879
PAY_008845,CUST_01110,769.95,CARD,BANK_DECLINED,FAILED,2026-07-28 01:09:47.092419
PAY_008846,CUST_04460,100.0,CARD,,SUCCESS,2026-08-11 07:27:47.092963
PAY_008847,CUST_02100,856.67,NETBANKING,,SUCCESS,2026-07-31 11:14:47.093518
PAY_008848,CUST_01168,610.0,UPI,,SUCCESS,2026-08-21 16:02:47.094034
PAY_008849,CUST_03156,909.08,NETBANKING,,SUCCESS,2026-08-07 01:56:47.094589
PAY_008850,CUST_00703,1787.49,CARD,,SUCCESS,2026-08-14 21:22:47.095100
PAY_008851,CUST_03024,3031.92,UPI,,SUCCESS,2026-08-09 02:12:47.095652
PAY_008852,CUST_03809,1209.88,WALLET,,SUCCESS,2026-08-01 10:07:47.096163
PAY_008853,CUST_02932,882.64,WALLET,,SUCCESS,2026-08-25 22:09:47.096716
PAY_008854,CUST_00494,1521.31,CARD,,SUCCESS,2026-08-09 15:54:47.097290
PAY_008855,CUST_03158,2906.32,UPI,,SUCCESS,2026-08-23 00:02:47.097947
PAY_008856,CUST_01290,719.03,NETBANKING,,SUCCESS,2026-07-31 10:02:47.098535
PAY_008857,CUST_00263,738.75,NETBANKING,,SUCCESS,2026-08-01 15:25:47.099044
PAY_008858,CUST_03733,1482.77,NETBANKING,,SUCCESS,2026-07-31 17:19:47.099622
PAY_008859,CUST_04026,1426.84,CARD,,SUCCESS,2026-08-23 10:52:47.100137
PAY_008860,CUST_03017,665.24,WALLET,,SUCCESS,2026-07-31 16:07:47.100696
PAY_008861,CUST_02549,527.31,UPI,,SUCCESS,2026-08-17 07:03:47.101209
PAY_008862,CUST_02514,1127.15,WALLET,,SUCCESS,2026-08-17 23:36:47.101768
PAY_008863,CUST_02894,1845.46,WALLET,,SUCCESS,2026-08-11 11:23:47.102293
PAY_008864,CUST_00468,1219.71,CARD,,SUCCESS,2026-08-04 12:54:47.103134
PAY_008865,CUST_00083,100.0,WALLET,,SUCCESS,2026-08-03 03:16:47.103723
PAY_008866,CUST_00852,2031.96,WALLET,,SUCCESS,2026-08-10 02:59:47.104321
PAY_008867,CUST_02248,1532.93,NETBANKING,,SUCCESS,2026-08-01 08:18:47.105029
PAY_008868,CUST_03456,837.56,CARD,,SUCCESS,2026-08-12 17:48:47.105946
PAY_008869,CUST_00561,1416.27,NETBANKING,AUTHENTICATION_FAILED,FAILED,2026-08-23 11:10:47.106680
PAY_008870,CUST_03870,2186.55,CARD,,SUCCESS,2026-08-01 12:14:47.107227
PAY_008871,CUST_01470,529.25,NETBANKING,INSUFFICIENT_FUNDS,FAILED,2026-08-07 02:38:47.107796
PAY_008872,CUST_03203,2174.88,CARD,,SUCCESS,2026-08-18 01:10:47.108308
PAY_008873,CUST_01795,1134.27,UPI,,SUCCESS,2026-08-04 11:39:47.108861
PAY_008874,CUST_00092,2103.5,UPI,,SUCCESS,2026-08-10 06:02:47.109414
PAY_008875,CUST_01992,814.04,UPI,,SUCCESS,2026-08-22 12:14:47.109946
PAY_008876,CUST_03461,2006.89,CARD,AUTHENTICATION_FAILED,FAILED,2026-08-21 22:48:47.110505
PAY_008877,CUST_00317,1643.61,UPI,,SUCCESS,2026-08-12 18:39:47.111081
PAY_008878,CUST_01657,706.12,CARD,,SUCCESS,2026-08-08 00:06:47.111742
PAY_008879,CUST_03074,740.62,WALLET,,SUCCESS,2026-07-29 15:20:47.112292
PAY_008880,CUST_01458,1449.43,UPI,,SUCCESS,2026-08-14 21:12:47.112859
PAY_008881,CUST_01354,1623.25,UPI,,SUCCESS,2026-08-22 19:49:47.113407
PAY_008882,CUST_01809,901.34,WALLET,BANK_TIMEOUT,FAILED,2026-08-09 06:56:47.113936
PAY_008883,CUST_00987,768.6,NETBANKING,,SUCCESS,2026-08-05 20:08:47.114482
PAY_008884,CUST_01891,1909.89,UPI,,SUCCESS,2026-08-12 14:14:47.114992
PAY_008885,CUST_01996,505.11,UPI,,SUCCESS,2026-08-11 04:38:47.115561
PAY_008886,CUST_03087,710.39,WALLET,,SUCCESS,2026-08-16 14:01:47.116077
PAY_008887,CUST_00562,1268.89,UPI,,SUCCESS,2026-08-09 10:16:47.116634
PAY_008888,CUST_04207,1808.91,WALLET,,SUCCESS,2026-08-05 18:29:47.117147
PAY_008889,CUST_02755,993.37,WALLET,,SUCCESS,2026-08-06 05:04:47.117709
PAY_008890,CUST_00934,2350.9,UPI,,SUCCESS,2026-07-31 04:57:47.118221
PAY_008891,CUST_01768,925.02,UPI,,SUCCESS,2026-08-24 17:40:47.118978
PAY_008892,CUST_04754,870.34,CARD,,SUCCESS,2026-08-05 22:32:47.119646
PAY_008893,CUST_00540,2570.55,NETBANKING,,SUCCESS,2026-08-16 14:31:47.120174
PAY_008894,CUST_01886,3012.57,UPI,,SUCCESS,2026-08-10 05:28:47.120728
PAY_008895,CUST_03426,562.09,WALLET,,SUCCESS,2026-07-31 22:53:47.121253
PAY_008896,CUST_04164,1973.2,CARD,,SUCCESS,2026-08-14 15:17:47.121816
PAY_008897,CUST_02717,1754.14,WALLET,,SUCCESS,2026-08-22 01:46:47.122682
PAY_008898,CUST_00270,667.4,NETBANKING,,SUCCESS,2026-08-10 07:34:47.123427
PAY_008899,CUST_02868,1130.24,WALLET,,SUCCESS,2026-07-29 15:47:47.124099
PAY_008900,CUST_00780,2795.9,WALLET,,SUCCESS,2026-08-05 12:53:47.124680
PAY_008901,CUST_02418,1530.51,UPI,BANK_DECLINED,FAILED,2026-08-12 18:11:47.125191
PAY_008902,CUST_01437,1373.58,UPI,,SUCCESS,2026-08-05 13:17:47.125764
PAY_008903,CUST_03122,1814.25,CARD,,SUCCESS,2026-07-29 07:50:47.126355
PAY_008904,CUST_04466,669.73,WALLET,,SUCCESS,2026-08-26 13:51:47.126892
PAY_008905,CUST_01663,783.63,WALLET,,SUCCESS,2026-08-03 16:02:47.127415
PAY_008906,CUST_00431,1734.88,WALLET,,SUCCESS,2026-08-23 22:14:47.127928
PAY_008907,CUST_04408,3765.22,NETBANKING,AUTHENTICATION_FAILED,FAILED,2026-08-05 04:50:47.128448
PAY_008908,CUST_03763,1313.52,NETBANKING,,SUCCESS,2026-08-03 23:42:47.128973
PAY_008909,CUST_03772,5849.74,WALLET,,SUCCESS,2026-07-30 21:10:47.129517
PAY_008910,CUST_00710,2735.98,CARD,,SUCCESS,2026-08-17 22:23:47.130034
PAY_008911,CUST_00208,2378.38,WALLET,,SUCCESS,2026-08-14 07:48:47.130552
PAY_008912,CUST_03973,1220.79,WALLET,BANK_TIMEOUT,FAILED,2026-08-19 03:08:47.131079
PAY_008913,CUST_03619,8423.46,CARD,,SUCCESS,2026-08-04 11:40:47.131602
PAY_008914,CUST_00768,1184.75,WALLET,,SUCCESS,2026-07-27 20:19:47.132124
PAY_008915,CUST_00090,2048.02,NETBANKING,,SUCCESS,2026-07-30 17:30:47.132685
PAY_008916,CUST_03445,667.7,NETBANKING,,SUCCESS,2026-08-11 13:12:47.133283
PAY_008917,CUST_02911,7883.12,WALLET,,SUCCESS,2026-08-09 06:20:47.133978
PAY_008918,CUST_01100,1190.24,NETBANKING,,SUCCESS,2026-08-06 15:25:47.134508
PAY_008919,CUST_03914,100.0,NETBANKING,,SUCCESS,2026-08-10 16:40:47.135034
PAY_008920,CUST_03901,1283.24,CARD,,SUCCESS,2026-08-14 06:25:47.135558
PAY_008921,CUST_02670,1456.46,NETBANKING,,SUCCESS,2026-08-12 05:40:47.136073
PAY_008922,CUST_03521,915.43,CARD,,SUCCESS,2026-08-15 06:20:47.136591
PAY_008923,CUST_00849,11617.83,NETBANKING,INSUFFICIENT_FUNDS,FAILED,2026-08-06 15:21:47.137114
PAY_008924,CUST_04465,2324.34,UPI,,SUCCESS,2026-08-01 08:08:47.137634
PAY_008925,CUST_04799,601.7,WALLET,,SUCCESS,2026-08-12 11:00:47.138141
PAY_008926,CUST_03148,2655.39,NETBANKING,,SUCCESS,2026-08-11 15:24:47.138695
PAY_008927,CUST_00813,2395.26,CARD,,SUCCESS,2026-08-06 17:16:47.139473
PAY_008928,CUST_02500,480.68,NETBANKING,,SUCCESS,2026-08-14 01:25:47.140331
PAY_008929,CUST_03715,1113.3,UPI,,SUCCESS,2026-08-04 20:22:47.140968
PAY_008930,CUST_01191,9911.13,NETBANKING,,SUCCESS,2026-08-16 08:07:47.141533
PAY_008931,CUST_00754,1286.68,CARD,,SUCCESS,2026-08-02 11:57:47.142041
PAY_008932,CUST_01391,100.0,WALLET,,SUCCESS,2026-07-31 08:59:47.142603
PAY_008933,CUST_02702,407.65,UPI,,SUCCESS,2026-08-15 12:21:47.143106
PAY_008934,CUST_00111,1259.52,WALLET,,SUCCESS,2026-08-12 23:59:47.143659
PAY_008935,CUST_00247,2156.59,UPI,,SUCCESS,2026-08-14 04:39:47.144171
PAY_008936,CUST_03676,638.92,UPI,,SUCCESS,2026-08-05 04:21:47.144731
PAY_008937,CUST_04535,1756.03,CARD,,SUCCESS,2026-08-24 06:24:47.145243
PAY_008938,CUST_03355,776.53,NETBANKING,,SUCCESS,2026-08-22 19:27:47.145794
PAY_008939,CUST_02669,2422.72,WALLET,,SUCCESS,2026-08-16 20:18:47.146344
PAY_008940,CUST_00304,912.62,NETBANKING,,SUCCESS,2026-08-25 10:51:47.146937
PAY_008941,CUST_03209,993.65,UPI,INSUFFICIENT_FUNDS,FAILED,2026-08-08 05:39:47.147543
PAY_008942,CUST_01611,1170.17,CARD,,SUCCESS,2026-08-02 12:44:47.148062
PAY_008943,CUST_04789,1615.87,WALLET,,SUCCESS,2026-08-17 09:54:47.148627
PAY_008944,CUST_04123,1722.59,NETBANKING,,SUCCESS,2026-08-08 19:54:47.149140
PAY_008945,CUST_04312,2116.88,WALLET,,SUCCESS,2026-08-14 15:49:47.149708
PAY_008946,CUST_03351,856.32,WALLET,,SUCCESS,2026-08-07 03:09:47.150220
PAY_008947,CUST_00181,8850.61,CARD,,SUCCESS,2026-08-16 20:19:47.150779
PAY_008948,CUST_04076,1509.81,CARD,,SUCCESS,2026-08-04 16:22:47.151300
PAY_008949,CUST_03522,1117.37,WALLET,,SUCCESS,2026-08-14 18:01:47.151860
PAY_008950,CUST_04161,1403.65,CARD,BANK_TIMEOUT,FAILED,2026-07-31 14:12:47.152374
PAY_008951,CUST_02424,821.58,UPI,,SUCCESS,2026-08-24 08:35:47.152932
PAY_008952,CUST_01970,757.9,UPI,,SUCCESS,2026-08-18 15:19:47.153512
PAY_008953,CUST_02881,405.45,WALLET,,SUCCESS,2026-08-24 17:49:47.154061
PAY_008954,CUST_04024,945.12,UPI,,SUCCESS,2026-07-30 15:32:47.154713
PAY_008955,CUST_04072,1802.22,WALLET,,SUCCESS,2026-08-13 04:15:47.155230
PAY_008956,CUST_00910,1198.41,NETBANKING,,SUCCESS,2026-07-30 20:22:47.155979
PAY_008957,CUST_04865,671.02,WALLET,,SUCCESS,2026-08-01 00:53:47.156543
PAY_008958,CUST_02719,1734.17,CARD,,SUCCESS,2026-08-03 04:41:47.157074
PAY_008959,CUST_01306,1564.34,CARD,,SUCCESS,2026-08-25 19:09:47.157612
PAY_008960,CUST_00724,1781.92,NETBANKING,,SUCCESS,2026-08-15 08:03:47.158128
PAY_008961,CUST_00567,1593.41,NETBANKING,,SUCCESS,2026-08-06 10:26:47.158654
PAY_008962,CUST_04462,1245.37,NETBANKING,,SUCCESS,2026-08-14 12:25:47.159164
PAY_008963,CUST_00828,1414.59,WALLET,,SUCCESS,2026-08-02 18:03:47.159734
PAY_008964,CUST_03272,2097.38,NETBANKING,,SUCCESS,2026-08-25 17:50:47.160249
PAY_008965,CUST_00287,1947.54,NETBANKING,,SUCCESS,2026-07-28 14:22:47.160770
PAY_008966,CUST_01782,203.66,WALLET,,SUCCESS,2026-08-25 08:15:47.161342
PAY_008967,CUST_01947,1003.6,WALLET,BANK_TIMEOUT,FAILED,2026-08-08 10:10:47.161980
PAY_008968,CUST_04380,2190.91,WALLET,,SUCCESS,2026-08-11 13:56:47.162514
PAY_008969,CUST_02670,1659.64,WALLET,,SUCCESS,2026-08-24 00:50:47.163035
PAY_008970,CUST_02211,1627.63,UPI,,SUCCESS,2026-08-19 12:12:47.163568
PAY_008971,CUST_03126,1573.12,CARD,,SUCCESS,2026-08-08 14:55:47.164083
PAY_008972,CUST_00978,1042.21,CARD,,SUCCESS,2026-07-31 20:18:47.164719
PAY_008973,CUST_04965,632.22,CARD,NETWORK_ERROR,FAILED,2026-08-05 18:33:47.165332
PAY_008974,CUST_04808,1318.95,NETBANKING,,SUCCESS,2026-08-22 02:58:47.165866
PAY_008975,CUST_00893,1786.28,CARD,,SUCCESS,2026-08-15 11:29:47.166386
PAY_008976,CUST_01366,1151.81,WALLET,,SUCCESS,2026-08-26 09:04:47.166899
PAY_008977,CUST_03749,1263.84,UPI,NETWORK_ERROR,FAILED,2026-07-31 10:42:47.167452
PAY_008978,CUST_04037,1609.03,UPI,NETWORK_ERROR,FAILED,2026-07-28 14:32:47.167991
PAY_008979,CUST_02422,1275.43,UPI,,SUCCESS,2026-08-07 08:08:47.168595
PAY_008980,CUST_01235,1015.65,WALLET,,SUCCESS,2026-08-25 03:45:47.169127
PAY_008981,CUST_04778,336.46,CARD,,SUCCESS,2026-08-02 07:24:47.169663
PAY_008982,CUST_04837,1222.79,NETBANKING,,SUCCESS,2026-08-06 16:47:47.170175
PAY_008983,CUST_00051,1187.34,NETBANKING,,SUCCESS,2026-08-03 11:19:47.170693
PAY_008984,CUST_03954,974.82,UPI,,SUCCESS,2026-08-16 09:50:47.171215
PAY_008985,CUST_03111,5556.85,NETBANKING,,SUCCESS,2026-08-05 17:46:47.171743
PAY_008986,CUST_01803,1701.23,NETBANKING,,SUCCESS,2026-08-13 19:51:47.172413
PAY_008987,CUST_00163,2405.46,UPI,,SUCCESS,2026-08-13 12:58:47.173030
PAY_008988,CUST_00597,6570.36,CARD,,SUCCESS,2026-08-04 23:27:47.173597
PAY_008989,CUST_04166,1220.36,UPI,,SUCCESS,2026-07-29 19:51:47.174124
PAY_008990,CUST_01352,1763.97,UPI,NETWORK_ERROR,FAILED,2026-08-01 13:40:47.174701
PAY_008991,CUST_01602,1194.69,CARD,,SUCCESS,2026-08-09 00:56:47.175305
PAY_008992,CUST_02880,889.47,NETBANKING,,SUCCESS,2026-08-15 14:30:47.175875
PAY_008993,CUST_04518,1566.47,UPI,,SUCCESS,2026-08-07 07:22:47.176418
PAY_008994,CUST_03129,771.45,NETBANKING,,SUCCESS,2026-07-29 09:07:47.176951
PAY_008995,CUST_02073,753.95,NETBANKING,,SUCCESS,2026-08-14 21:42:47.177497
PAY_008996,CUST_04426,2083.36,UPI,,SUCCESS,2026-08-01 17:14:47.178021
PAY_008997,CUST_01858,2203.28,NETBANKING,,SUCCESS,2026-07-31 01:02:47.178575
PAY_008998,CUST_00388,1594.37,CARD,,SUCCESS,2026-08-18 07:30:47.179082
PAY_008999,CUST_04653,5695.69,UPI,,SUCCESS,2026-08-05 19:09:47.179634
PAY_009000,CUST_01916,2466.66,NETBANKING,,SUCCESS,2026-08-06 22:58:47.180159
PAY_009001,CUST_02998,608.01,NETBANKING,INSUFFICIENT_FUNDS,FAILED,2026-08-07 12:29:47.181002
PAY_009002,CUST_04164,1802.41,UPI,,SUCCESS,2026-08-21 03:13:47.181676
PAY_009003,CUST_02679,2106.58,CARD,,SUCCESS,2026-08-17 09:05:47.182305
PAY_009004,CUST_02062,7022.26,UPI,,SUCCESS,2026-08-20 20:31:47.182871
PAY_009005,CUST_03066,2496.81,WALLET,,SUCCESS,2026-08-09 10:37:47.183408
PAY_009006,CUST_04873,1315.78,UPI,,SUCCESS,2026-07-30 11:05:47.183933
PAY_009007,CUST_03283,1111.13,CARD,,SUCCESS,2026-08-15 14:18:47.184500
PAY_009008,CUST_02228,1688.35,WALLET,,SUCCESS,2026-08-10 17:43:47.185018
PAY_009009,CUST_03512,1855.88,UPI,,SUCCESS,2026-08-15 15:28:47.185567
PAY_009010,CUST_00864,1188.13,UPI,BANK_DECLINED,FAILED,2026-08-14 06:18:47.186081
PAY_009011,CUST_00862,970.31,UPI,,SUCCESS,2026-08-18 14:16:47.186640
PAY_009012,CUST_04178,990.74,CARD,,SUCCESS,2026-08-19 08:27:47.187156
PAY_009013,CUST_02560,1083.84,CARD,AUTHENTICATION_FAILED,FAILED,2026-08-10 12:38:47.187705
PAY_009014,CUST_03958,742.11,NETBANKING,,SUCCESS,2026-08-26 14:06:47.188226
PAY_009015,CUST_00467,3045.32,CARD,INSUFFICIENT_FUNDS,FAILED,2026-08-23 05:15:47.188964
PAY_009016,CUST_00390,1128.53,CARD,,SUCCESS,2026-08-25 00:18:47.189852
PAY_009017,CUST_02616,1012.7,WALLET,,SUCCESS,2026-08-03 05:59:47.190571
PAY_009018,CUST_03621,747.03,UPI,,SUCCESS,2026-08-13 02:09:47.191286
PAY_009019,CUST_02303,1416.29,UPI,,SUCCESS,2026-08-25 07:20:47.191839
PAY_009020,CUST_04773,912.29,UPI,,SUCCESS,2026-08-11 00:18:47.192354
PAY_009021,CUST_03820,530.78,NETBANKING,,SUCCESS,2026-08-06 09:14:47.192889
PAY_009022,CUST_02579,1364.84,NETBANKING,,SUCCESS,2026-08-06 14:30:47.193405
PAY_009023,CUST_04722,965.69,WALLET,,SUCCESS,2026-07-30 11:31:47.193920
PAY_009024,CUST_02241,526.19,CARD,,SUCCESS,2026-07-31 01:49:47.194437
PAY_009025,CUST_03371,825.63,CARD,,SUCCESS,2026-08-14 10:59:47.194956
PAY_009026,CUST_04917,6004.17,NETBANKING,,SUCCESS,2026-07-28 17:55:47.195474
PAY_009027,CUST_01263,1545.29,CARD,,SUCCESS,2026-08-02 20:03:47.195986
PAY_009028,CUST_03027,2669.15,NETBANKING,,SUCCESS,2026-08-22 22:25:47.196622
PAY_009029,CUST_04632,2202.01,WALLET,,SUCCESS,2026-08-20 04:08:47.197213
PAY_009030,CUST_02903,318.6,CARD,,SUCCESS,2026-08-03 08:07:47.197740
PAY_009031,CUST_01362,125.88,WALLET,,SUCCESS,2026-08-14 07:04:47.198253
PAY_009032,CUST_02886,2142.1,NETBANKING,,SUCCESS,2026-08-22 07:19:47.198783
PAY_009033,CUST_03407,1915.29,CARD,,SUCCESS,2026-08-10 07:06:47.199295
PAY_009034,CUST_01817,1415.14,WALLET,,SUCCESS,2026-08-07 17:26:47.199818
PAY_009035,CUST_02185,232.35,UPI,,SUCCESS,2026-08-11 11:17:47.200329
PAY_009036,CUST_02806,470.98,UPI,,SUCCESS,2026-08-15 16:43:47.200859
PAY_009037,CUST_00173,2126.37,UPI,AUTHENTICATION_FAILED,FAILED,2026-08-07 12:36:47.201406
PAY_009038,CUST_01076,2576.27,NETBANKING,,SUCCESS,2026-08-12 23:33:47.201921
PAY_009039,CUST_02848,381.74,WALLET,,SUCCESS,2026-08-09 03:25:47.202428
PAY_009040,CUST_00121,6638.75,NETBANKING,,SUCCESS,2026-08-26 02:36:47.202996
PAY_009041,CUST_03812,837.06,NETBANKING,,SUCCESS,2026-08-03 11:05:47.203544
PAY_009042,CUST_03206,6761.18,UPI,,SUCCESS,2026-08-11 23:31:47.204112
PAY_009043,CUST_03719,100.0,CARD,,SUCCESS,2026-07-28 00:05:47.204665
PAY_009044,CUST_02326,679.48,WALLET,,SUCCESS,2026-08-13 13:36:47.205181
PAY_009045,CUST_01388,1382.92,NETBANKING,BANK_TIMEOUT,FAILED,2026-08-06 14:19:47.205923
PAY_009046,CUST_00705,1475.32,WALLET,,SUCCESS,2026-07-30 16:15:47.206657
PAY_009047,CUST_03984,1374.78,NETBANKING,,SUCCESS,2026-08-10 18:04:47.207357
PAY_009048,CUST_02667,1771.57,CARD,,SUCCESS,2026-08-10 00:38:47.207928
PAY_009049,CUST_00569,1380.86,UPI,,SUCCESS,2026-08-23 23:09:47.208478
PAY_009050,CUST_03932,1402.62,CARD,,SUCCESS,2026-08-19 20:15:47.208991
PAY_009051,CUST_02432,679.21,NETBANKING,,SUCCESS,2026-08-13 03:10:47.209546
PAY_009052,CUST_04649,1438.56,WALLET,,SUCCESS,2026-07-29 05:23:47.210116
PAY_009053,CUST_01398,1973.16,WALLET,,SUCCESS,2026-08-14 10:19:47.210735
PAY_009054,CUST_03487,756.29,CARD,,SUCCESS,2026-08-09 22:48:47.211267
PAY_009055,CUST_00246,3735.17,UPI,,SUCCESS,2026-08-21 01:02:47.211877
PAY_009056,CUST_03640,1737.32,WALLET,,SUCCESS,2026-08-20 00:48:47.212408
PAY_009057,CUST_04499,1753.29,CARD,,SUCCESS,2026-08-04 19:50:47.212939
PAY_009058,CUST_04473,9027.1,UPI,,SUCCESS,2026-08-26 00:17:47.213496
PAY_009059,CUST_00403,1500.72,NETBANKING,,SUCCESS,2026-08-11 17:24:47.214019
PAY_009060,CUST_02839,1098.01,NETBANKING,,SUCCESS,2026-08-01 20:57:47.214567
PAY_009061,CUST_00237,712.62,WALLET,,SUCCESS,2026-08-05 18:25:47.215081
PAY_009062,CUST_03362,1201.34,UPI,,SUCCESS,2026-08-06 22:14:47.215643
PAY_009063,CUST_04095,2499.21,CARD,,SUCCESS,2026-08-01 03:14:47.216159
PAY_009064,CUST_02343,1698.37,WALLET,,SUCCESS,2026-07-27 19:05:47.216731
PAY_009065,CUST_01487,530.07,UPI,,SUCCESS,2026-08-19 18:37:47.217321
PAY_009066,CUST_04098,1747.49,CARD,,SUCCESS,2026-08-11 03:40:47.217992
PAY_009067,CUST_00806,1406.97,CARD,,SUCCESS,2026-08-06 06:55:47.218548
PAY_009068,CUST_00963,781.21,NETBANKING,,SUCCESS,2026-07-29 09:14:47.219055
PAY_009069,CUST_01464,107.58,UPI,,SUCCESS,2026-08-09 16:37:47.219645
PAY_009070,CUST_02729,229.2,CARD,INSUFFICIENT_FUNDS,FAILED,2026-08-04 10:46:47.220159
PAY_009071,CUST_03761,529.55,WALLET,NETWORK_ERROR,FAILED,2026-08-10 09:10:47.220721
PAY_009072,CUST_02751,2002.76,UPI,,SUCCESS,2026-08-13 21:44:47.221244
PAY_009073,CUST_00586,3043.44,UPI,,SUCCESS,2026-07-29 05:21:47.221790
PAY_009074,CUST_04947,2006.41,UPI,,SUCCESS,2026-08-04 04:38:47.222507
PAY_009075,CUST_01433,5939.34,UPI,,SUCCESS,2026-08-24 05:50:47.223252
PAY_009076,CUST_01527,2165.23,NETBANKING,,SUCCESS,2026-08-11 11:27:47.224029
PAY_009077,CUST_03310,1441.09,NETBANKING,,SUCCESS,2026-08-10 17:06:47.224719
PAY_009078,CUST_02218,769.64,NETBANKING,,SUCCESS,2026-08-10 05:48:47.225253
PAY_009079,CUST_02140,1452.46,CARD,,SUCCESS,2026-08-21 04:30:47.225782
PAY_009080,CUST_03627,907.17,CARD,,SUCCESS,2026-08-17 12:33:47.226308
PAY_009081,CUST_03574,522.99,WALLET,,SUCCESS,2026-08-07 22:00:47.226832
PAY_009082,CUST_02724,1107.81,UPI,,SUCCESS,2026-08-01 06:40:47.227336
PAY_009083,CUST_02527,100.0,NETBANKING,,SUCCESS,2026-08-26 10:23:47.227977
PAY_009084,CUST_04485,1378.18,UPI,,SUCCESS,2026-08-25 10:08:47.228497
PAY_009085,CUST_01166,1229.55,UPI,,SUCCESS,2026-08-13 10:04:47.229015
PAY_009086,CUST_02235,1040.25,WALLET,,SUCCESS,2026-08-22 17:53:47.229534
PAY_009087,CUST_04376,6603.16,NETBANKING,,SUCCESS,2026-08-05 07:49:47.230055
PAY_009088,CUST_02563,7932.02,CARD,,SUCCESS,2026-08-22 12:46:47.230572
PAY_009089,CUST_03548,6167.83,WALLET,,SUCCESS,2026-07-31 06:00:47.231111
PAY_009090,CUST_01076,2631.13,WALLET,,SUCCESS,2026-08-01 11:35:47.231655
PAY_009091,CUST_03470,314.49,UPI,,SUCCESS,2026-07-29 17:58:47.232258
PAY_009092,CUST_01639,1521.54,CARD,,SUCCESS,2026-08-23 15:59:47.232792
PAY_009093,CUST_01489,940.45,WALLET,,SUCCESS,2026-08-25 03:30:47.233305
PAY_009094,CUST_03561,408.09,NETBANKING,,SUCCESS,2026-07-28 09:01:47.233826
PAY_009095,CUST_01310,1719.86,UPI,,SUCCESS,2026-08-25 06:23:47.234382
PAY_009096,CUST_02589,1786.47,CARD,,SUCCESS,2026-07-30 14:33:47.234900
PAY_009097,CUST_04306,863.67,UPI,,SUCCESS,2026-08-09 23:22:47.235419
PAY_009098,CUST_00182,837.16,CARD,,SUCCESS,2026-08-24 19:08:47.235943
PAY_009099,CUST_03326,864.86,NETBANKING,,SUCCESS,2026-08-24 13:55:47.236458
PAY_009100,CUST_04520,1650.45,CARD,INSUFFICIENT_FUNDS,FAILED,2026-08-16 21:42:47.236973
PAY_009101,CUST_02938,753.98,WALLET,,SUCCESS,2026-08-15 17:28:47.237487
PAY_009102,CUST_00489,1510.29,UPI,,SUCCESS,2026-08-18 08:52:47.238017
PAY_009103,CUST_03728,1252.27,CARD,,SUCCESS,2026-08-02 01:24:47.238558
PAY_009104,CUST_04005,1444.4,WALLET,,SUCCESS,2026-08-03 04:15:47.239417
PAY_009105,CUST_01414,1358.36,UPI,,SUCCESS,2026-08-01 07:39:47.240201
PAY_009106,CUST_04782,1925.85,CARD,,SUCCESS,2026-08-02 17:56:47.240866
PAY_009107,CUST_03350,1483.2,WALLET,AUTHENTICATION_FAILED,FAILED,2026-08-22 06:22:47.241418
PAY_009108,CUST_03142,1561.69,WALLET,,SUCCESS,2026-08-06 04:17:47.241960
PAY_009109,CUST_04829,1023.35,CARD,,SUCCESS,2026-08-14 08:43:47.242575
PAY_009110,CUST_03986,1343.99,CARD,,SUCCESS,2026-08-26 10:15:47.243128
PAY_009111,CUST_00622,1186.39,NETBANKING,,SUCCESS,2026-08-03 11:05:47.243680
PAY_009112,CUST_03070,100.0,CARD,,SUCCESS,2026-08-13 09:48:47.244195
PAY_009113,CUST_01256,818.41,WALLET,,SUCCESS,2026-08-06 23:47:47.244753
PAY_009114,CUST_03728,1811.72,NETBANKING,,SUCCESS,2026-08-20 00:14:47.245335
PAY_009115,CUST_04993,1253.97,WALLET,,SUCCESS,2026-08-12 19:36:47.245998
PAY_009116,CUST_02085,2356.19,UPI,,SUCCESS,2026-08-15 01:27:47.246583
PAY_009117,CUST_01516,4400.83,CARD,,SUCCESS,2026-08-19 05:04:47.247101
PAY_009118,CUST_01487,843.38,WALLET,,SUCCESS,2026-08-08 06:54:47.247650
PAY_009119,CUST_04357,1233.86,NETBANKING,AUTHENTICATION_FAILED,FAILED,2026-08-22 13:23:47.248156
PAY_009120,CUST_04451,8288.01,WALLET,,SUCCESS,2026-08-06 14:19:47.248719
PAY_009121,CUST_01012,539.53,NETBANKING,,SUCCESS,2026-08-14 09:06:47.249229
PAY_009122,CUST_00351,1169.79,CARD,,SUCCESS,2026-08-12 15:04:47.249806
PAY_009123,CUST_03602,2219.28,WALLET,,SUCCESS,2026-08-22 18:25:47.250322
PAY_009124,CUST_02559,649.55,NETBANKING,,SUCCESS,2026-08-09 07:25:47.250881
PAY_009125,CUST_02837,2321.38,CARD,,SUCCESS,2026-07-31 21:20:47.251408
PAY_009126,CUST_04212,1495.58,NETBANKING,,SUCCESS,2026-08-15 10:33:47.251951
PAY_009127,CUST_04939,1452.1,NETBANKING,BANK_DECLINED,FAILED,2026-08-06 21:23:47.252571
PAY_009128,CUST_03271,2384.04,CARD,,SUCCESS,2026-08-17 20:48:47.253204
PAY_009129,CUST_04864,465.8,UPI,,SUCCESS,2026-08-19 20:12:47.253765
PAY_009130,CUST_04818,1322.99,UPI,,SUCCESS,2026-08-01 12:06:47.254275
PAY_009131,CUST_02897,1049.51,WALLET,,SUCCESS,2026-08-14 13:51:47.254838
PAY_009132,CUST_00309,10508.19,WALLET,,SUCCESS,2026-08-09 00:22:47.255387
PAY_009133,CUST_03188,1408.75,UPI,,SUCCESS,2026-08-21 05:54:47.256088
PAY_009134,CUST_00402,2538.34,CARD,,SUCCESS,2026-08-20 10:56:47.256641
PAY_009135,CUST_00446,1337.82,CARD,,SUCCESS,2026-08-15 17:28:47.257159
PAY_009136,CUST_00299,785.37,CARD,,SUCCESS,2026-08-14 16:01:47.257694
PAY_009137,CUST_00673,417.3,WALLET,,SUCCESS,2026-08-20 12:50:47.258203
PAY_009138,CUST_02936,5261.32,UPI,,SUCCESS,2026-08-16 11:25:47.258800
PAY_009139,CUST_00098,2093.65,CARD,,SUCCESS,2026-08-04 16:04:47.259382
PAY_009140,CUST_04694,2507.1,NETBANKING,,SUCCESS,2026-08-24 08:44:47.259963
PAY_009141,CUST_04682,1279.99,UPI,,SUCCESS,2026-08-17 12:19:47.260519
PAY_009142,CUST_04785,2264.91,WALLET,,SUCCESS,2026-08-13 02:19:47.261039
PAY_009143,CUST_04013,1753.55,NETBANKING,,SUCCESS,2026-08-04 05:22:47.261574
PAY_009144,CUST_02250,2619.28,UPI,,SUCCESS,2026-08-14 16:53:47.262091
PAY_009145,CUST_02315,1542.49,NETBANKING,,SUCCESS,2026-07-31 04:52:47.262609
PAY_009146,CUST_04765,737.91,NETBANKING,,SUCCESS,2026-08-06 08:04:47.263124
PAY_009147,CUST_01004,1441.29,NETBANKING,,SUCCESS,2026-08-05 20:01:47.263652
PAY_009148,CUST_02916,908.05,UPI,,SUCCESS,2026-08-24 07:46:47.264165
PAY_009149,CUST_03785,1699.6,NETBANKING,,SUCCESS,2026-08-23 17:35:47.264682
PAY_009150,CUST_04641,697.29,CARD,,SUCCESS,2026-08-08 18:47:47.265197
PAY_009151,CUST_03766,2022.41,WALLET,,SUCCESS,2026-07-28 03:05:47.265727
PAY_009152,CUST_02763,1829.74,NETBANKING,,SUCCESS,2026-07-30 09:42:47.266280
PAY_009153,CUST_00108,1025.97,WALLET,,SUCCESS,2026-08-16 14:00:47.266858
PAY_009154,CUST_02650,165.08,UPI,,SUCCESS,2026-08-10 01:19:47.267396
PAY_009155,CUST_04062,652.41,NETBANKING,,SUCCESS,2026-08-07 00:24:47.267912
PAY_009156,CUST_04870,1246.5,NETBANKING,,SUCCESS,2026-08-15 06:19:47.268425
PAY_009157,CUST_03528,1536.66,UPI,,SUCCESS,2026-08-13 12:07:47.268939
PAY_009158,CUST_01494,840.46,WALLET,,SUCCESS,2026-08-06 14:55:47.269477
PAY_009159,CUST_03441,1077.25,UPI,,SUCCESS,2026-08-10 00:12:47.269989
PAY_009160,CUST_04926,1485.0,CARD,,SUCCESS,2026-08-11 23:01:47.270508
PAY_009161,CUST_01577,7700.39,UPI,,SUCCESS,2026-07-31 18:29:47.271022
PAY_009162,CUST_01593,1108.3,NETBANKING,,SUCCESS,2026-07-27 20:49:47.271550
PAY_009163,CUST_04583,5587.26,NETBANKING,NETWORK_ERROR,FAILED,2026-08-09 18:18:47.272168
PAY_009164,CUST_02404,612.2,CARD,,SUCCESS,2026-08-16 14:26:47.272963
PAY_009165,CUST_03197,2047.14,NETBANKING,,SUCCESS,2026-08-24 12:38:47.273615
PAY_009166,CUST_02389,1353.05,NETBANKING,,SUCCESS,2026-08-18 06:02:47.274199
PAY_009167,CUST_04656,559.01,CARD,,SUCCESS,2026-08-01 04:18:47.274846
PAY_009168,CUST_00797,1074.54,WALLET,,SUCCESS,2026-08-07 12:30:47.275402
PAY_009169,CUST_03969,1175.92,CARD,,SUCCESS,2026-08-18 07:32:47.275921
PAY_009170,CUST_00004,671.09,UPI,,SUCCESS,2026-08-14 01:58:47.276439
PAY_009171,CUST_02534,248.46,CARD,,SUCCESS,2026-08-01 20:21:47.276958
PAY_009172,CUST_02618,1564.19,WALLET,,SUCCESS,2026-08-24 22:35:47.277481
PAY_009173,CUST_02726,1138.29,UPI,,SUCCESS,2026-08-04 10:30:47.277993
PAY_009174,CUST_03432,1109.44,NETBANKING,INSUFFICIENT_FUNDS,FAILED,2026-08-21 00:15:47.278516
PAY_009175,CUST_03790,1066.73,NETBANKING,,SUCCESS,2026-08-10 21:03:47.279029
PAY_009176,CUST_02267,2135.14,NETBANKING,,SUCCESS,2026-07-31 08:57:47.279580
PAY_009177,CUST_02496,1333.33,WALLET,,SUCCESS,2026-08-10 07:38:47.280096
PAY_009178,CUST_01319,515.75,UPI,,SUCCESS,2026-08-11 14:20:47.280616
PAY_009179,CUST_01648,100.0,WALLET,,SUCCESS,2026-08-25 22:11:47.281176
PAY_009180,CUST_02487,1151.42,NETBANKING,,SUCCESS,2026-07-29 17:35:47.281788
PAY_009181,CUST_01553,800.42,UPI,,SUCCESS,2026-08-21 15:23:47.282312
PAY_009182,CUST_01877,487.17,CARD,,SUCCESS,2026-08-12 09:08:47.282839
PAY_009183,CUST_01013,1276.33,CARD,,SUCCESS,2026-08-24 18:00:47.283367
PAY_009184,CUST_03442,1605.42,UPI,,SUCCESS,2026-07-29 05:28:47.283885
PAY_009185,CUST_02089,233.88,NETBANKING,,SUCCESS,2026-08-21 03:59:47.284400
PAY_009186,CUST_03009,1830.21,WALLET,BANK_TIMEOUT,FAILED,2026-08-26 07:02:47.284919
PAY_009187,CUST_02421,2547.73,CARD,,SUCCESS,2026-08-20 10:02:47.285453
PAY_009188,CUST_04014,1137.62,WALLET,BANK_DECLINED,FAILED,2026-08-11 08:26:47.285969
PAY_009189,CUST_03674,2436.22,CARD,,SUCCESS,2026-08-05 20:32:47.286487
PAY_009190,CUST_03632,2543.75,WALLET,,SUCCESS,2026-08-15 21:36:47.286999
PAY_009191,CUST_00392,458.56,CARD,,SUCCESS,2026-08-24 19:07:47.287578
PAY_009192,CUST_03908,1689.82,UPI,,SUCCESS,2026-07-30 01:02:47.288169
PAY_009193,CUST_03189,549.69,NETBANKING,INSUFFICIENT_FUNDS,FAILED,2026-08-22 19:52:47.288733
PAY_009194,CUST_03890,1244.0,WALLET,NETWORK_ERROR,FAILED,2026-08-10 19:04:47.289639
PAY_009195,CUST_04591,741.83,UPI,,SUCCESS,2026-08-18 19:09:47.290220
PAY_009196,CUST_00616,1175.95,WALLET,,SUCCESS,2026-08-22 20:27:47.290751
PAY_009197,CUST_00080,1659.87,NETBANKING,,SUCCESS,2026-08-11 07:46:47.291636
PAY_009198,CUST_04197,2627.15,WALLET,,SUCCESS,2026-08-20 03:54:47.292186
PAY_009199,CUST_00069,1752.27,NETBANKING,,SUCCESS,2026-08-11 16:30:47.292707
PAY_009200,CUST_04953,746.26,WALLET,,SUCCESS,2026-08-05 23:49:47.293217
PAY_009201,CUST_00584,1149.29,UPI,,SUCCESS,2026-08-15 18:36:47.293739
PAY_009202,CUST_02696,1412.05,WALLET,,SUCCESS,2026-08-24 04:08:47.294271
PAY_009203,CUST_01857,7915.38,NETBANKING,,SUCCESS,2026-08-21 15:44:47.294823
PAY_009204,CUST_03304,617.2,NETBANKING,NETWORK_ERROR,FAILED,2026-08-01 18:17:47.295449
PAY_009205,CUST_01406,1252.42,WALLET,,SUCCESS,2026-07-31 10:24:47.295974
PAY_009206,CUST_01336,1858.99,WALLET,BANK_TIMEOUT,FAILED,2026-08-23 13:20:47.296499
PAY_009207,CUST_01758,1081.68,UPI,,SUCCESS,2026-08-03 00:07:47.297012
PAY_009208,CUST_01094,2173.83,WALLET,,SUCCESS,2026-08-06 03:23:47.297533
PAY_009209,CUST_00702,1404.49,CARD,,SUCCESS,2026-08-18 14:01:47.298048
PAY_009210,CUST_00119,1172.6,NETBANKING,,SUCCESS,2026-08-18 05:56:47.298563
PAY_009211,CUST_03208,1881.84,CARD,,SUCCESS,2026-08-16 06:11:47.299081
PAY_009212,CUST_02866,1479.32,NETBANKING,BANK_DECLINED,FAILED,2026-08-02 16:16:47.299617
PAY_009213,CUST_03040,1515.94,NETBANKING,,SUCCESS,2026-08-23 01:25:47.300124
PAY_009214,CUST_00547,1079.05,WALLET,,SUCCESS,2026-08-11 17:30:47.300646
PAY_009215,CUST_01993,1560.99,UPI,,SUCCESS,2026-08-06 15:42:47.301157
PAY_009216,CUST_01611,874.43,CARD,,SUCCESS,2026-08-20 04:11:47.301723
PAY_009217,CUST_01384,7201.1,CARD,,SUCCESS,2026-08-25 07:51:47.302314
PAY_009218,CUST_01714,1717.96,CARD,NETWORK_ERROR,FAILED,2026-08-14 17:21:47.302844
PAY_009219,CUST_02598,1645.78,NETBANKING,,SUCCESS,2026-07-29 04:51:47.303357
PAY_009220,CUST_02947,100.0,NETBANKING,,SUCCESS,2026-08-21 18:19:47.303876
PAY_009221,CUST_03448,1031.75,CARD,,SUCCESS,2026-08-25 05:10:47.304627
PAY_009222,CUST_04773,468.84,UPI,,SUCCESS,2026-08-12 02:05:47.305519
PAY_009223,CUST_02334,954.14,UPI,,SUCCESS,2026-08-12 09:39:47.306234
PAY_009224,CUST_04939,1173.3,CARD,INSUFFICIENT_FUNDS,FAILED,2026-08-13 20:12:47.306788
PAY_009225,CUST_04163,1023.91,NETBANKING,,SUCCESS,2026-08-15 12:12:47.307300
PAY_009226,CUST_00409,1318.82,WALLET,,SUCCESS,2026-08-17 13:03:47.307839
PAY_009227,CUST_04654,1197.69,UPI,,SUCCESS,2026-08-12 10:02:47.308349
PAY_009228,CUST_02862,1611.69,NETBANKING,,SUCCESS,2026-08-13 00:18:47.308864
PAY_009229,CUST_00536,6696.82,UPI,,SUCCESS,2026-08-26 15:43:47.309378
PAY_009230,CUST_04483,973.03,NETBANKING,,SUCCESS,2026-08-21 08:20:47.309987
PAY_009231,CUST_00051,1292.28,NETBANKING,,SUCCESS,2026-08-16 04:04:47.310684
PAY_009232,CUST_04422,2601.76,WALLET,,SUCCESS,2026-08-25 06:49:47.311662
PAY_009233,CUST_00406,1304.91,CARD,,SUCCESS,2026-08-22 10:08:47.312301
PAY_009234,CUST_03845,1382.04,UPI,,SUCCESS,2026-08-14 12:27:47.312861
PAY_009235,CUST_03428,7194.91,UPI,,SUCCESS,2026-08-18 09:58:47.313416
PAY_009236,CUST_03139,8176.22,CARD,,SUCCESS,2026-08-01 16:10:47.313953
PAY_009237,CUST_03962,2977.6,CARD,,SUCCESS,2026-08-17 03:08:47.314506
PAY_009238,CUST_04862,947.47,WALLET,,SUCCESS,2026-08-22 13:48:47.315030
PAY_009239,CUST_01201,2279.81,NETBANKING,,SUCCESS,2026-08-09 11:04:47.315583
PAY_009240,CUST_01566,7089.55,WALLET,,SUCCESS,2026-08-09 13:21:47.316095
PAY_009241,CUST_01264,1167.85,NETBANKING,,SUCCESS,2026-08-25 02:40:47.316636
PAY_009242,CUST_01965,704.83,UPI,,SUCCESS,2026-08-04 07:45:47.317160
PAY_009243,CUST_01685,1867.96,CARD,,SUCCESS,2026-08-01 04:09:47.317707
PAY_009244,CUST_01918,1170.62,UPI,,SUCCESS,2026-08-24 04:23:47.318217
PAY_009245,CUST_04864,575.69,NETBANKING,,SUCCESS,2026-07-30 22:48:47.318761
PAY_009246,CUST_01934,1058.52,WALLET,AUTHENTICATION_FAILED,FAILED,2026-08-01 20:06:47.319287
PAY_009247,CUST_03005,2597.33,UPI,,SUCCESS,2026-08-04 13:43:47.319831
PAY_009248,CUST_03567,1425.27,WALLET,,SUCCESS,2026-08-13 16:49:47.320343
PAY_009249,CUST_04106,1039.88,UPI,,SUCCESS,2026-08-03 03:51:47.320948
PAY_009250,CUST_01129,925.38,NETBANKING,,SUCCESS,2026-08-13 03:13:47.321499
PAY_009251,CUST_03820,100.0,NETBANKING,BANK_DECLINED,FAILED,2026-08-10 15:11:47.322212
PAY_009252,CUST_00311,1243.84,NETBANKING,,SUCCESS,2026-07-31 19:16:47.323072
PAY_009253,CUST_00338,601.98,NETBANKING,,SUCCESS,2026-08-05 12:42:47.323740
PAY_009254,CUST_00360,994.07,WALLET,NETWORK_ERROR,FAILED,2026-08-10 00:11:47.324285
PAY_009255,CUST_04362,1705.46,NETBANKING,NETWORK_ERROR,FAILED,2026-08-18 14:21:47.324836
PAY_009256,CUST_00252,8322.33,WALLET,,SUCCESS,2026-08-02 07:15:47.325346
PAY_009257,CUST_03838,814.81,NETBANKING,,SUCCESS,2026-08-07 10:15:47.325903
PAY_009258,CUST_02213,8277.11,CARD,,SUCCESS,2026-08-06 07:10:47.326431
PAY_009259,CUST_00524,7281.89,CARD,,SUCCESS,2026-08-08 02:19:47.326957
PAY_009260,CUST_02660,1336.98,CARD,NETWORK_ERROR,FAILED,2026-08-23 20:02:47.327507
PAY_009261,CUST_02274,1551.19,WALLET,,SUCCESS,2026-08-03 11:03:47.328029
PAY_009262,CUST_02890,918.28,UPI,,SUCCESS,2026-08-21 10:29:47.328574
PAY_009263,CUST_04266,560.51,CARD,NETWORK_ERROR,FAILED,2026-08-26 15:21:47.329086
PAY_009264,CUST_00329,1816.68,UPI,,SUCCESS,2026-07-30 22:55:47.329634
PAY_009265,CUST_01046,1514.46,UPI,,SUCCESS,2026-08-01 11:51:47.330153
PAY_009266,CUST_03614,659.16,WALLET,BANK_TIMEOUT,FAILED,2026-08-24 13:22:47.330708
PAY_009267,CUST_01931,3672.92,CARD,,SUCCESS,2026-08-04 01:11:47.331223
PAY_009268,CUST_02690,1834.93,CARD,,SUCCESS,2026-08-02 18:50:47.331773
PAY_009269,CUST_03425,1535.55,WALLET,NETWORK_ERROR,FAILED,2026-08-04 10:38:47.332294
PAY_009270,CUST_00294,1856.55,UPI,,SUCCESS,2026-08-22 22:26:47.332847
PAY_009271,CUST_01891,1773.98,WALLET,,SUCCESS,2026-08-20 16:22:47.333354
PAY_009272,CUST_03637,1772.55,CARD,,SUCCESS,2026-08-22 05:02:47.333910
PAY_009273,CUST_02819,1123.23,NETBANKING,NETWORK_ERROR,FAILED,2026-07-28 07:39:47.334435
PAY_009274,CUST_03546,2036.52,WALLET,,SUCCESS,2026-08-12 20:44:47.334962
PAY_009275,CUST_01265,1358.19,WALLET,,SUCCESS,2026-08-06 07:48:47.335502
PAY_009276,CUST_03435,1056.98,NETBANKING,,SUCCESS,2026-07-30 17:23:47.336025
PAY_009277,CUST_03524,1529.75,UPI,,SUCCESS,2026-07-30 19:20:47.336704
PAY_009278,CUST_02311,1478.57,CARD,,SUCCESS,2026-08-25 02:33:47.337305
PAY_009279,CUST_04162,767.19,UPI,,SUCCESS,2026-08-17 11:20:47.337840
PAY_009280,CUST_01335,685.79,CARD,,SUCCESS,2026-07-31 21:27:47.338360
PAY_009281,CUST_04258,724.99,WALLET,,SUCCESS,2026-08-13 22:31:47.338984
PAY_009282,CUST_01320,9544.44,CARD,,SUCCESS,2026-08-10 18:43:47.339745
PAY_009283,CUST_02290,779.76,WALLET,BANK_DECLINED,FAILED,2026-08-21 23:16:47.340471
PAY_009284,CUST_03714,1068.24,NETBANKING,,SUCCESS,2026-08-02 21:30:47.341017
PAY_009285,CUST_03282,7057.44,WALLET,,SUCCESS,2026-08-18 04:17:47.341556
PAY_009286,CUST_02442,1709.33,UPI,,SUCCESS,2026-08-01 17:02:47.342069
PAY_009287,CUST_00832,1437.36,UPI,,SUCCESS,2026-08-04 11:36:47.342585
PAY_009288,CUST_02124,1713.64,NETBANKING,,SUCCESS,2026-08-03 14:16:47.343094
PAY_009289,CUST_03609,1357.26,NETBANKING,,SUCCESS,2026-08-04 01:42:47.343614
PAY_009290,CUST_01456,565.66,CARD,,SUCCESS,2026-08-09 18:34:47.344125
PAY_009291,CUST_03265,851.42,NETBANKING,,SUCCESS,2026-07-27 23:52:47.344635
PAY_009292,CUST_00394,1643.21,CARD,,SUCCESS,2026-08-02 08:17:47.345151
PAY_009293,CUST_02736,1051.29,WALLET,,SUCCESS,2026-07-30 06:42:47.345668
PAY_009294,CUST_00867,1859.87,WALLET,,SUCCESS,2026-08-21 03:13:47.346178
PAY_009295,CUST_02753,1512.28,CARD,BANK_TIMEOUT,FAILED,2026-08-23 03:13:47.346697
PAY_009296,CUST_01944,1274.17,UPI,,SUCCESS,2026-08-09 11:51:47.347207
PAY_009297,CUST_01659,286.91,WALLET,,SUCCESS,2026-07-28 15:22:47.347785
PAY_009298,CUST_02293,5298.08,CARD,,SUCCESS,2026-08-09 10:09:47.348292
PAY_009299,CUST_01030,3070.74,UPI,,SUCCESS,2026-07-31 12:17:47.348813
PAY_009300,CUST_02850,1556.64,WALLET,AUTHENTICATION_FAILED,FAILED,2026-07-31 14:36:47.349318
PAY_009301,CUST_04980,2016.33,NETBANKING,,SUCCESS,2026-08-15 21:51:47.349834
PAY_009302,CUST_02744,6725.38,CARD,,SUCCESS,2026-07-29 05:54:47.350341
PAY_009303,CUST_01906,6731.21,WALLET,,SUCCESS,2026-08-01 10:41:47.350860
PAY_009304,CUST_04497,1047.09,NETBANKING,,SUCCESS,2026-07-28 14:18:47.351413
PAY_009305,CUST_01730,1871.66,CARD,,SUCCESS,2026-08-03 07:42:47.352097
PAY_009306,CUST_02493,1707.4,WALLET,,SUCCESS,2026-08-09 18:28:47.352706
PAY_009307,CUST_01863,905.58,NETBANKING,,SUCCESS,2026-08-11 16:48:47.353222
PAY_009308,CUST_04296,954.82,CARD,,SUCCESS,2026-08-24 08:42:47.353800
PAY_009309,CUST_01995,8042.04,NETBANKING,,SUCCESS,2026-08-01 19:22:47.354317
PAY_009310,CUST_03716,466.43,NETBANKING,,SUCCESS,2026-08-04 22:32:47.354835
PAY_009311,CUST_03956,1544.01,UPI,,SUCCESS,2026-08-18 07:23:47.355383
PAY_009312,CUST_00977,1787.55,WALLET,,SUCCESS,2026-07-30 21:28:47.356220
PAY_009313,CUST_01147,4720.75,CARD,,SUCCESS,2026-08-13 13:42:47.356800
PAY_009314,CUST_00262,1029.51,UPI,,SUCCESS,2026-08-06 05:06:47.357337
PAY_009315,CUST_04590,1262.26,CARD,INSUFFICIENT_FUNDS,FAILED,2026-08-20 12:45:47.357893
PAY_009316,CUST_03473,5671.48,UPI,,SUCCESS,2026-08-06 17:44:47.358430
PAY_009317,CUST_04406,100.0,WALLET,,SUCCESS,2026-08-11 12:16:47.358959
PAY_009318,CUST_04420,1967.0,UPI,,SUCCESS,2026-08-15 16:02:47.359523
PAY_009319,CUST_02428,1980.95,NETBANKING,,SUCCESS,2026-08-06 18:57:47.360036
PAY_009320,CUST_04801,172.36,UPI,,SUCCESS,2026-08-12 09:26:47.360584
PAY_009321,CUST_02580,794.93,WALLET,,SUCCESS,2026-08-04 06:16:47.361104
PAY_009322,CUST_04014,989.13,UPI,,SUCCESS,2026-08-05 21:52:47.361650
PAY_009323,CUST_03488,2116.7,UPI,,SUCCESS,2026-08-21 01:45:47.362163
PAY_009324,CUST_03484,354.39,CARD,,SUCCESS,2026-08-13 01:13:47.362724
PAY_009325,CUST_02312,474.21,CARD,,SUCCESS,2026-08-10 20:52:47.363245
PAY_009326,CUST_00550,2180.05,UPI,,SUCCESS,2026-08-23 15:50:47.363798
PAY_009327,CUST_01256,1292.37,WALLET,,SUCCESS,2026-08-10 18:42:47.364314
PAY_009328,CUST_00999,797.98,CARD,NETWORK_ERROR,FAILED,2026-08-19 14:23:47.364864
PAY_009329,CUST_01452,1430.21,NETBANKING,,SUCCESS,2026-08-03 07:44:47.365404
PAY_009330,CUST_01289,511.5,CARD,NETWORK_ERROR,FAILED,2026-07-30 20:46:47.365935
PAY_009331,CUST_03978,7697.49,NETBANKING,,SUCCESS,2026-08-06 06:35:47.366487
PAY_009332,CUST_04204,1911.07,WALLET,,SUCCESS,2026-08-18 07:13:47.366995
PAY_009333,CUST_03095,2053.04,NETBANKING,,SUCCESS,2026-08-17 19:37:47.367733
PAY_009334,CUST_00692,1023.69,UPI,,SUCCESS,2026-08-08 06:23:47.368288
PAY_009335,CUST_02123,884.07,WALLET,,SUCCESS,2026-08-26 13:40:47.368838
PAY_009336,CUST_02231,1191.24,NETBANKING,,SUCCESS,2026-08-12 00:25:47.369358
PAY_009337,CUST_02776,2031.67,NETBANKING,INSUFFICIENT_FUNDS,FAILED,2026-07-31 10:13:47.369921
PAY_009338,CUST_04242,835.15,NETBANKING,,SUCCESS,2026-08-14 16:18:47.370477
PAY_009339,CUST_01441,2560.79,UPI,,SUCCESS,2026-08-23 17:12:47.370982
PAY_009340,CUST_04587,6970.9,CARD,NETWORK_ERROR,FAILED,2026-07-30 19:09:47.371541
PAY_009341,CUST_04242,771.08,CARD,,SUCCESS,2026-08-10 21:53:47.372262
PAY_009342,CUST_00967,1961.28,CARD,,SUCCESS,2026-08-21 13:33:47.372949
PAY_009343,CUST_03888,975.89,UPI,,SUCCESS,2026-08-21 22:13:47.373537
PAY_009344,CUST_01057,1663.9,UPI,,SUCCESS,2026-08-03 19:21:47.374062
PAY_009345,CUST_04258,851.31,WALLET,,SUCCESS,2026-07-29 23:11:47.374623
PAY_009346,CUST_00580,5186.49,UPI,,SUCCESS,2026-08-17 00:59:47.375147
PAY_009347,CUST_03524,1740.01,CARD,,SUCCESS,2026-08-09 23:03:47.375699
PAY_009348,CUST_03991,1424.86,NETBANKING,,SUCCESS,2026-08-17 05:21:47.376210
PAY_009349,CUST_04865,1269.13,UPI,,SUCCESS,2026-08-22 04:50:47.376757
PAY_009350,CUST_03184,1913.08,WALLET,,SUCCESS,2026-08-25 01:49:47.377275
PAY_009351,CUST_04569,1019.82,NETBANKING,,SUCCESS,2026-08-05 22:33:47.377824
PAY_009352,CUST_00555,1488.59,UPI,,SUCCESS,2026-07-28 12:31:47.378335
PAY_009353,CUST_01857,7640.63,WALLET,,SUCCESS,2026-08-13 18:10:47.378885
PAY_009354,CUST_00461,1731.2,CARD,,SUCCESS,2026-08-09 07:04:47.379430
PAY_009355,CUST_03332,1108.78,NETBANKING,,SUCCESS,2026-08-12 01:42:47.379955
PAY_009356,CUST_04517,772.29,CARD,,SUCCESS,2026-08-26 15:20:47.380499
PAY_009357,CUST_00235,2150.65,UPI,,SUCCESS,2026-08-16 07:05:47.381009
PAY_009358,CUST_02359,1618.93,NETBANKING,,SUCCESS,2026-08-09 01:34:47.381572
PAY_009359,CUST_04418,760.82,CARD,,SUCCESS,2026-08-20 05:30:47.382081
PAY_009360,CUST_02642,683.43,NETBANKING,,SUCCESS,2026-08-26 14:33:47.382631
PAY_009361,CUST_02790,1502.01,UPI,,SUCCESS,2026-08-06 13:01:47.383151
PAY_009362,CUST_04102,2489.02,NETBANKING,,SUCCESS,2026-08-16 08:40:47.383759
PAY_009363,CUST_04940,2441.39,WALLET,,SUCCESS,2026-08-23 23:05:47.384277
PAY_009364,CUST_01691,828.3,NETBANKING,,SUCCESS,2026-08-14 23:46:47.384828
PAY_009365,CUST_02983,1354.24,UPI,,SUCCESS,2026-08-24 11:34:47.385352
PAY_009366,CUST_03200,1905.06,CARD,,SUCCESS,2026-07-31 19:32:47.385905
PAY_009367,CUST_04300,1390.12,UPI,,SUCCESS,2026-08-24 10:39:47.386443
PAY_009368,CUST_03006,950.07,NETBANKING,,SUCCESS,2026-08-21 20:31:47.386972
PAY_009369,CUST_03127,1833.42,NETBANKING,,SUCCESS,2026-08-20 17:06:47.387530
PAY_009370,CUST_01703,1524.39,UPI,INSUFFICIENT_FUNDS,FAILED,2026-08-26 18:23:47.388042
PAY_009371,CUST_04235,1567.45,CARD,,SUCCESS,2026-08-13 12:57:47.388594
PAY_009372,CUST_04860,1265.18,WALLET,,SUCCESS,2026-08-11 09:44:47.389619
PAY_009373,CUST_02715,895.39,WALLET,,SUCCESS,2026-08-03 08:48:47.390168
PAY_009374,CUST_02367,1499.78,NETBANKING,,SUCCESS,2026-08-06 22:31:47.390733
PAY_009375,CUST_04661,371.22,UPI,,SUCCESS,2026-08-02 17:18:47.391246
PAY_009376,CUST_02501,7785.69,NETBANKING,,SUCCESS,2026-08-14 12:10:47.391796
PAY_009377,CUST_00103,1149.98,CARD,INSUFFICIENT_FUNDS,FAILED,2026-08-07 00:01:47.392313
PAY_009378,CUST_00953,341.27,UPI,,SUCCESS,2026-08-20 09:26:47.392878
PAY_009379,CUST_01478,1665.16,UPI,,SUCCESS,2026-08-11 19:48:47.393411
PAY_009380,CUST_03978,8115.35,NETBANKING,,SUCCESS,2026-08-01 16:02:47.393940
PAY_009381,CUST_04774,1896.24,UPI,,SUCCESS,2026-08-09 19:14:47.394488
PAY_009382,CUST_02210,1303.24,CARD,,SUCCESS,2026-08-01 00:51:47.395022
PAY_009383,CUST_01589,1508.62,NETBANKING,INSUFFICIENT_FUNDS,FAILED,2026-08-12 22:48:47.395594
PAY_009384,CUST_02717,1260.19,CARD,,SUCCESS,2026-08-22 21:20:47.396105
PAY_009385,CUST_00839,1587.03,UPI,,SUCCESS,2026-07-28 12:25:47.396669
PAY_009386,CUST_03875,1257.05,NETBANKING,,SUCCESS,2026-08-19 12:05:47.397185
PAY_009387,CUST_04950,574.85,NETBANKING,,SUCCESS,2026-08-03 20:37:47.397740
PAY_009388,CUST_03883,5674.97,UPI,,SUCCESS,2026-08-13 20:24:47.398250
PAY_009389,CUST_04953,903.24,UPI,INSUFFICIENT_FUNDS,FAILED,2026-08-03 10:17:47.398877
PAY_009390,CUST_01038,505.47,WALLET,,SUCCESS,2026-07-31 12:22:47.399454
PAY_009391,CUST_02440,2361.6,UPI,,SUCCESS,2026-08-13 20:07:47.399991
PAY_009392,CUST_00118,644.94,WALLET,,SUCCESS,2026-08-12 03:46:47.400548
PAY_009393,CUST_02198,2230.99,UPI,,SUCCESS,2026-08-19 09:37:47.401065
PAY_009394,CUST_04096,433.67,UPI,,SUCCESS,2026-08-21 20:50:47.401618
PAY_009395,CUST_01063,1509.15,UPI,,SUCCESS,2026-08-19 20:41:47.402136
PAY_009396,CUST_04862,1750.35,NETBANKING,BANK_DECLINED,FAILED,2026-08-06 22:49:47.402700
PAY_009397,CUST_04108,1190.65,WALLET,,SUCCESS,2026-08-08 10:25:47.403205
PAY_009398,CUST_02072,319.52,NETBANKING,,SUCCESS,2026-08-02 00:57:47.403759
PAY_009399,CUST_01022,1490.78,CARD,,SUCCESS,2026-08-05 16:46:47.404276
PAY_009400,CUST_00947,1623.26,UPI,INSUFFICIENT_FUNDS,FAILED,2026-08-09 05:43:47.404840
PAY_009401,CUST_04647,1757.76,NETBANKING,,SUCCESS,2026-07-30 04:14:47.405371
PAY_009402,CUST_03351,694.55,WALLET,,SUCCESS,2026-08-12 13:54:47.406145
PAY_009403,CUST_01265,1435.96,UPI,,SUCCESS,2026-08-12 12:36:47.406703
PAY_009404,CUST_03544,8134.69,CARD,,SUCCESS,2026-08-21 14:42:47.407226
PAY_009405,CUST_04790,801.73,UPI,,SUCCESS,2026-08-22 11:00:47.407760
PAY_009406,CUST_01329,1068.61,UPI,AUTHENTICATION_FAILED,FAILED,2026-08-12 11:12:47.408272
PAY_009407,CUST_04906,1750.64,CARD,,SUCCESS,2026-08-22 03:05:47.408792
PAY_009408,CUST_00573,7179.5,CARD,,SUCCESS,2026-08-16 01:18:47.409301
PAY_009409,CUST_00906,1350.77,NETBANKING,,SUCCESS,2026-08-26 05:22:47.409820
PAY_009410,CUST_04893,1727.7,CARD,,SUCCESS,2026-08-15 07:51:47.410342
PAY_009411,CUST_00568,100.0,WALLET,,SUCCESS,2026-08-05 02:17:47.410865
PAY_009412,CUST_03020,1526.57,CARD,,SUCCESS,2026-08-19 14:11:47.411383
PAY_009413,CUST_01195,1478.4,CARD,BANK_DECLINED,FAILED,2026-08-15 13:12:47.411899
PAY_009414,CUST_00442,1616.7,NETBANKING,,SUCCESS,2026-08-19 13:17:47.412413
PAY_009415,CUST_03842,1116.68,WALLET,,SUCCESS,2026-08-06 17:10:47.412924
PAY_009416,CUST_04689,1351.35,WALLET,,SUCCESS,2026-08-05 05:03:47.413441
PAY_009417,CUST_03289,1315.64,NETBANKING,,SUCCESS,2026-08-20 15:50:47.413954
PAY_009418,CUST_02749,1221.93,CARD,,SUCCESS,2026-07-28 02:55:47.414618
PAY_009419,CUST_03205,2241.32,WALLET,,SUCCESS,2026-07-28 16:03:47.415270
PAY_009420,CUST_01221,391.24,WALLET,,SUCCESS,2026-08-08 19:17:47.415861
PAY_009421,CUST_00483,1478.09,NETBANKING,,SUCCESS,2026-08-24 10:17:47.416490
PAY_009422,CUST_04433,1551.74,WALLET,,SUCCESS,2026-08-04 15:10:47.417014
PAY_009423,CUST_01296,986.35,UPI,,SUCCESS,2026-08-24 23:30:47.417535
PAY_009424,CUST_00815,1042.31,NETBANKING,,SUCCESS,2026-08-18 15:56:47.418070
PAY_009425,CUST_00564,951.58,UPI,,SUCCESS,2026-08-25 20:31:47.418705
PAY_009426,CUST_02041,886.89,CARD,,SUCCESS,2026-08-25 03:47:47.419230
PAY_009427,CUST_00934,2621.31,NETBANKING,,SUCCESS,2026-08-23 11:06:47.419758
PAY_009428,CUST_04192,600.35,WALLET,INSUFFICIENT_FUNDS,FAILED,2026-08-13 21:03:47.420286
PAY_009429,CUST_00254,2181.28,CARD,,SUCCESS,2026-08-11 02:25:47.420812
PAY_009430,CUST_00288,2084.52,WALLET,,SUCCESS,2026-08-11 00:34:47.421328
PAY_009431,CUST_04569,1231.77,UPI,,SUCCESS,2026-08-06 21:42:47.421847
PAY_009432,CUST_02100,901.01,CARD,,SUCCESS,2026-07-30 18:35:47.422576
PAY_009433,CUST_03837,1291.85,WALLET,,SUCCESS,2026-08-16 03:21:47.423134
PAY_009434,CUST_02960,1667.19,NETBANKING,,SUCCESS,2026-08-18 08:30:47.423695
PAY_009435,CUST_00489,875.38,UPI,,SUCCESS,2026-08-01 16:40:47.424233
PAY_009436,CUST_01776,10682.4,CARD,,SUCCESS,2026-08-09 10:22:47.424791
PAY_009437,CUST_04490,357.03,CARD,,SUCCESS,2026-08-05 21:04:47.425294
PAY_009438,CUST_04537,919.29,WALLET,,SUCCESS,2026-08-03 07:18:47.425853
PAY_009439,CUST_03915,1043.68,UPI,BANK_DECLINED,FAILED,2026-08-18 13:34:47.426371
PAY_009440,CUST_01016,1707.18,CARD,,SUCCESS,2026-08-10 18:05:47.426921
PAY_009441,CUST_04518,2503.48,WALLET,,SUCCESS,2026-07-28 04:25:47.427473
PAY_009442,CUST_03307,886.61,NETBANKING,,SUCCESS,2026-07-31 10:39:47.427988
PAY_009443,CUST_03380,1304.58,UPI,,SUCCESS,2026-08-07 09:09:47.428541
PAY_009444,CUST_02733,1641.16,CARD,,SUCCESS,2026-08-23 02:32:47.429051
PAY_009445,CUST_01554,1617.41,NETBANKING,,SUCCESS,2026-08-15 10:25:47.429651
PAY_009446,CUST_02830,402.54,WALLET,,SUCCESS,2026-08-24 04:35:47.430182
PAY_009447,CUST_03471,2588.44,WALLET,,SUCCESS,2026-07-27 22:57:47.430735
PAY_009448,CUST_01796,783.76,WALLET,BANK_DECLINED,FAILED,2026-08-26 12:11:47.431246
PAY_009449,CUST_02811,1733.31,NETBANKING,,SUCCESS,2026-08-01 00:17:47.431801
PAY_009450,CUST_04278,1267.11,WALLET,,SUCCESS,2026-08-17 18:48:47.432321
PAY_009451,CUST_04968,2077.19,WALLET,,SUCCESS,2026-08-09 14:07:47.432870
PAY_009452,CUST_01898,569.53,WALLET,,SUCCESS,2026-08-21 02:04:47.433398
PAY_009453,CUST_04568,828.57,CARD,,SUCCESS,2026-08-01 21:35:47.433929
PAY_009454,CUST_03450,1956.35,NETBANKING,,SUCCESS,2026-07-31 10:40:47.434478
PAY_009455,CUST_03879,4778.44,NETBANKING,,SUCCESS,2026-08-01 15:27:47.434989
PAY_009456,CUST_01304,8613.07,NETBANKING,,SUCCESS,2026-08-14 03:20:47.435536
PAY_009457,CUST_02781,629.46,CARD,,SUCCESS,2026-08-09 21:53:47.436063
PAY_009458,CUST_04359,1385.8,NETBANKING,,SUCCESS,2026-08-22 04:45:47.436616
PAY_009459,CUST_01259,1683.77,CARD,,SUCCESS,2026-08-25 05:07:47.437127
PAY_009460,CUST_02851,1727.71,UPI,,SUCCESS,2026-08-10 19:28:47.437674
PAY_009461,CUST_00026,918.95,WALLET,,SUCCESS,2026-08-17 07:30:47.438218
PAY_009462,CUST_03217,518.38,NETBANKING,,SUCCESS,2026-08-21 19:01:47.438869
PAY_009463,CUST_04408,3625.38,UPI,,SUCCESS,2026-08-25 14:34:47.439645
PAY_009464,CUST_01161,702.15,WALLET,,SUCCESS,2026-08-12 17:47:47.440187
PAY_009465,CUST_01904,1615.99,CARD,,SUCCESS,2026-08-07 06:25:47.440738
PAY_009466,CUST_04386,1085.76,NETBANKING,,SUCCESS,2026-07-30 05:37:47.441247
PAY_009467,CUST_04309,893.79,NETBANKING,BANK_TIMEOUT,FAILED,2026-08-15 07:50:47.441799
PAY_009468,CUST_00619,6681.37,CARD,NETWORK_ERROR,FAILED,2026-08-20 07:23:47.442320
PAY_009469,CUST_02037,7666.87,NETBANKING,,SUCCESS,2026-08-20 16:10:47.442868
PAY_009470,CUST_00448,2128.15,WALLET,,SUCCESS,2026-08-03 22:12:47.443394
PAY_009471,CUST_04457,693.31,WALLET,,SUCCESS,2026-08-24 23:41:47.443934
PAY_009472,CUST_03894,1414.12,CARD,,SUCCESS,2026-08-18 22:28:47.444486
PAY_009473,CUST_03273,2451.9,UPI,,SUCCESS,2026-08-20 10:02:47.444996
PAY_009474,CUST_01323,2247.33,WALLET,,SUCCESS,2026-08-23 21:55:47.445560
PAY_009475,CUST_00544,2293.96,CARD,,SUCCESS,2026-08-10 16:58:47.446131
PAY_009476,CUST_00073,1692.34,NETBANKING,,SUCCESS,2026-08-06 14:52:47.446685
PAY_009477,CUST_01607,100.0,NETBANKING,,SUCCESS,2026-08-20 11:01:47.447196
PAY_009478,CUST_01283,1125.73,UPI,,SUCCESS,2026-08-23 13:45:47.447741
PAY_009479,CUST_01219,1015.24,WALLET,,SUCCESS,2026-08-12 08:26:47.448256
PAY_009480,CUST_03489,1918.83,WALLET,,SUCCESS,2026-08-15 16:11:47.448801
PAY_009481,CUST_04546,1036.63,WALLET,,SUCCESS,2026-08-16 21:21:47.449312
PAY_009482,CUST_01396,674.49,NETBANKING,AUTHENTICATION_FAILED,FAILED,2026-08-17 10:02:47.449864
PAY_009483,CUST_02020,8425.53,UPI,,SUCCESS,2026-08-26 01:14:47.450403
PAY_009484,CUST_04116,2152.94,WALLET,,SUCCESS,2026-08-19 09:57:47.450930
PAY_009485,CUST_01659,1047.67,UPI,,SUCCESS,2026-08-07 03:02:47.451482
PAY_009486,CUST_00976,859.34,NETBANKING,,SUCCESS,2026-07-31 07:46:47.452006
PAY_009487,CUST_01307,1549.07,UPI,,SUCCESS,2026-08-25 13:39:47.452565
PAY_009488,CUST_00979,1249.08,UPI,,SUCCESS,2026-08-03 14:26:47.453077
PAY_009489,CUST_00899,476.46,CARD,,SUCCESS,2026-08-07 18:52:47.453623
PAY_009490,CUST_00142,742.07,NETBANKING,,SUCCESS,2026-08-22 13:39:47.454147
PAY_009491,CUST_00678,642.05,UPI,,SUCCESS,2026-08-20 21:59:47.454694
PAY_009492,CUST_00058,5453.8,CARD,BANK_DECLINED,FAILED,2026-08-23 08:05:47.455209
PAY_009493,CUST_00254,1773.3,UPI,,SUCCESS,2026-08-02 00:43:47.456058
PAY_009494,CUST_04248,832.1,UPI,INSUFFICIENT_FUNDS,FAILED,2026-08-03 05:18:47.456634
PAY_009495,CUST_02121,291.36,WALLET,,SUCCESS,2026-08-23 22:25:47.457160
PAY_009496,CUST_01228,4758.49,WALLET,,SUCCESS,2026-08-02 12:45:47.457683
PAY_009497,CUST_00249,1171.02,CARD,,SUCCESS,2026-08-18 10:12:47.458199
PAY_009498,CUST_01729,1452.3,NETBANKING,,SUCCESS,2026-07-31 22:36:47.458720
PAY_009499,CUST_04774,2223.99,WALLET,,SUCCESS,2026-08-26 07:08:47.459237
PAY_009500,CUST_01676,1624.7,CARD,,SUCCESS,2026-08-25 20:22:47.459782
PAY_009501,CUST_01103,1639.68,NETBANKING,,SUCCESS,2026-08-04 05:34:47.460296
PAY_009502,CUST_01621,1327.07,CARD,,SUCCESS,2026-08-12 19:47:47.460820
PAY_009503,CUST_04928,1982.97,UPI,,SUCCESS,2026-08-24 19:29:47.461331
PAY_009504,CUST_01198,1026.62,UPI,,SUCCESS,2026-08-24 17:44:47.461954
PAY_009505,CUST_04465,1882.27,NETBANKING,,SUCCESS,2026-08-08 19:19:47.462481
PAY_009506,CUST_00849,11792.15,UPI,BANK_DECLINED,FAILED,2026-08-21 18:09:47.462991
PAY_009507,CUST_04955,742.39,CARD,,SUCCESS,2026-08-11 11:37:47.463513
PAY_009508,CUST_00142,1081.03,WALLET,,SUCCESS,2026-07-31 18:57:47.464028
PAY_009509,CUST_01165,832.82,UPI,,SUCCESS,2026-08-05 06:56:47.464552
PAY_009510,CUST_03540,2077.69,CARD,,SUCCESS,2026-08-20 23:10:47.465064
PAY_009511,CUST_00582,1486.84,NETBANKING,,SUCCESS,2026-08-07 12:34:47.465590
PAY_009512,CUST_02665,497.86,WALLET,,SUCCESS,2026-08-20 20:22:47.466102
PAY_009513,CUST_02603,1453.48,WALLET,,SUCCESS,2026-08-09 14:15:47.466669
PAY_009514,CUST_03155,1771.25,UPI,,SUCCESS,2026-08-02 23:55:47.467182
PAY_009515,CUST_03636,7129.07,WALLET,,SUCCESS,2026-08-01 14:04:47.467706
PAY_009516,CUST_00410,1441.88,WALLET,,SUCCESS,2026-08-04 10:27:47.468219
PAY_009517,CUST_01351,1238.1,WALLET,,SUCCESS,2026-08-09 21:34:47.468738
PAY_009518,CUST_01962,1628.56,CARD,,SUCCESS,2026-08-04 00:38:47.469250
PAY_009519,CUST_01191,10070.05,UPI,,SUCCESS,2026-08-20 22:12:47.469761
PAY_009520,CUST_02294,1814.11,UPI,,SUCCESS,2026-08-02 12:40:47.470273
PAY_009521,CUST_03955,1032.31,CARD,,SUCCESS,2026-07-29 19:26:47.470793
PAY_009522,CUST_02138,354.62,CARD,,SUCCESS,2026-08-24 21:18:47.471302
PAY_009523,CUST_03674,1628.17,WALLET,,SUCCESS,2026-08-16 13:18:47.471823
PAY_009524,CUST_00086,2282.74,NETBANKING,BANK_TIMEOUT,FAILED,2026-07-31 01:48:47.472547
PAY_009525,CUST_01691,1035.1,NETBANKING,AUTHENTICATION_FAILED,FAILED,2026-08-08 03:10:47.473112
PAY_009526,CUST_03355,1164.43,UPI,,SUCCESS,2026-07-28 10:09:47.473646
PAY_009527,CUST_00563,1269.88,WALLET,,SUCCESS,2026-08-16 14:55:47.474163
PAY_009528,CUST_04810,1011.23,UPI,,SUCCESS,2026-08-04 02:14:47.474689
PAY_009529,CUST_02962,6452.0,WALLET,,SUCCESS,2026-08-12 14:25:47.475204
PAY_009530,CUST_00757,1799.91,UPI,,SUCCESS,2026-08-15 12:01:47.475719
PAY_009531,CUST_02873,860.81,UPI,,SUCCESS,2026-08-10 22:57:47.476227
PAY_009532,CUST_01248,462.65,NETBANKING,,SUCCESS,2026-08-03 13:49:47.476907
PAY_009533,CUST_03343,637.34,CARD,,SUCCESS,2026-07-31 21:40:47.477451
PAY_009534,CUST_04804,395.65,NETBANKING,INSUFFICIENT_FUNDS,FAILED,2026-08-08 23:28:47.477968
PAY_009535,CUST_04940,1882.5,UPI,,SUCCESS,2026-08-10 07:48:47.478486
PAY_009536,CUST_00962,1039.3,NETBANKING,,SUCCESS,2026-07-30 10:29:47.479000
PAY_009537,CUST_03477,484.81,CARD,,SUCCESS,2026-07-31 05:30:47.479521
PAY_009538,CUST_00147,1900.22,UPI,,SUCCESS,2026-08-01 03:20:47.480032
PAY_009539,CUST_00165,1095.76,UPI,,SUCCESS,2026-08-08 02:25:47.480561
PAY_009540,CUST_00623,1210.93,NETBANKING,,SUCCESS,2026-08-07 15:36:47.481075
PAY_009541,CUST_00578,1351.89,UPI,,SUCCESS,2026-08-20 09:40:47.481676
PAY_009542,CUST_01619,1887.53,WALLET,,SUCCESS,2026-07-28 21:25:47.482189
PAY_009543,CUST_04224,2152.34,NETBANKING,INSUFFICIENT_FUNDS,FAILED,2026-08-05 21:55:47.482706
PAY_009544,CUST_02290,755.62,NETBANKING,,SUCCESS,2026-08-18 07:49:47.483219
PAY_009545,CUST_02857,1644.02,NETBANKING,BANK_DECLINED,FAILED,2026-07-28 06:07:47.483738
PAY_009546,CUST_02647,1102.59,NETBANKING,,SUCCESS,2026-08-16 19:37:47.484253
PAY_009547,CUST_04866,1059.98,NETBANKING,,SUCCESS,2026-08-13 22:24:47.484775
PAY_009548,CUST_03328,2445.74,UPI,,SUCCESS,2026-08-06 07:10:47.485277
PAY_009549,CUST_03827,2072.24,WALLET,,SUCCESS,2026-08-06 00:46:47.485797
PAY_009550,CUST_03036,2130.48,CARD,,SUCCESS,2026-07-28 11:05:47.486310
PAY_009551,CUST_03944,3909.63,CARD,,SUCCESS,2026-08-21 23:15:47.486822
PAY_009552,CUST_02470,1993.01,UPI,,SUCCESS,2026-08-25 00:36:47.487335
PAY_009553,CUST_02611,1362.77,CARD,,SUCCESS,2026-08-26 08:53:47.487860
PAY_009554,CUST_04481,1004.88,UPI,,SUCCESS,2026-07-29 15:15:47.488384
PAY_009555,CUST_04475,1923.44,UPI,,SUCCESS,2026-08-21 02:34:47.489045
PAY_009556,CUST_04653,5942.84,NETBANKING,,SUCCESS,2026-08-08 11:12:47.489755
PAY_009557,CUST_04728,1196.6,WALLET,BANK_DECLINED,FAILED,2026-08-04 09:43:47.490287
PAY_009558,CUST_02309,1928.59,UPI,,SUCCESS,2026-08-14 01:36:47.490860
PAY_009559,CUST_01982,1833.27,UPI,,SUCCESS,2026-08-12 15:35:47.491393
PAY_009560,CUST_02812,2162.88,WALLET,,SUCCESS,2026-08-04 18:47:47.491931
PAY_009561,CUST_04846,1324.27,WALLET,BANK_DECLINED,FAILED,2026-08-14 08:14:47.492488
PAY_009562,CUST_02093,1373.8,WALLET,INSUFFICIENT_FUNDS,FAILED,2026-08-13 11:33:47.493164
PAY_009563,CUST_04205,405.28,WALLET,BANK_TIMEOUT,FAILED,2026-08-15 00:14:47.493747
PAY_009564,CUST_02043,2228.92,WALLET,,SUCCESS,2026-08-05 09:29:47.494263
PAY_009565,CUST_01163,1317.11,UPI,BANK_TIMEOUT,FAILED,2026-08-03 22:28:47.494836
PAY_009566,CUST_04218,1369.06,UPI,,SUCCESS,2026-08-16 06:38:47.495344
PAY_009567,CUST_03049,1721.6,NETBANKING,,SUCCESS,2026-08-05 16:53:47.495895
PAY_009568,CUST_04522,1417.67,NETBANKING,,SUCCESS,2026-08-13 10:01:47.496422
PAY_009569,CUST_04991,669.37,UPI,,SUCCESS,2026-08-05 16:31:47.496955
PAY_009570,CUST_00183,533.62,NETBANKING,NETWORK_ERROR,FAILED,2026-08-07 12:41:47.497505
PAY_009571,CUST_00569,859.93,WALLET,,SUCCESS,2026-07-27 20:58:47.498016
PAY_009572,CUST_04204,1919.54,UPI,,SUCCESS,2026-08-17 01:22:47.498579
PAY_009573,CUST_03540,2236.59,UPI,,SUCCESS,2026-08-14 22:02:47.499096
PAY_009574,CUST_00637,1812.25,CARD,,SUCCESS,2026-08-03 10:05:47.499644
PAY_009575,CUST_04482,902.32,WALLET,,SUCCESS,2026-08-06 15:45:47.500152
PAY_009576,CUST_04153,766.47,CARD,,SUCCESS,2026-08-14 21:40:47.500717
PAY_009577,CUST_00968,2204.09,CARD,,SUCCESS,2026-08-13 21:05:47.501228
PAY_009578,CUST_04051,1694.64,NETBANKING,,SUCCESS,2026-08-02 18:49:47.501781
PAY_009579,CUST_03707,2313.74,CARD,,SUCCESS,2026-08-24 02:14:47.502295
PAY_009580,CUST_03205,1438.01,WALLET,,SUCCESS,2026-08-13 15:51:47.502859
PAY_009581,CUST_02395,976.79,CARD,,SUCCESS,2026-08-22 23:25:47.503368
PAY_009582,CUST_04132,1180.86,NETBANKING,,SUCCESS,2026-08-09 12:57:47.503912
PAY_009583,CUST_00119,710.2,UPI,,SUCCESS,2026-08-03 13:42:47.504430
PAY_009584,CUST_04599,1056.75,CARD,,SUCCESS,2026-08-05 16:22:47.504964
PAY_009585,CUST_00865,1046.74,UPI,,SUCCESS,2026-08-05 04:27:47.505592
PAY_009586,CUST_00427,374.45,CARD,BANK_DECLINED,FAILED,2026-08-15 18:31:47.506253
PAY_009587,CUST_00413,1041.27,WALLET,,SUCCESS,2026-08-14 11:05:47.506789
PAY_009588,CUST_02812,2801.78,CARD,,SUCCESS,2026-08-10 16:06:47.507314
PAY_009589,CUST_04518,1626.7,WALLET,,SUCCESS,2026-08-13 07:33:47.507833
PAY_009590,CUST_03110,2172.0,NETBANKING,INSUFFICIENT_FUNDS,FAILED,2026-08-09 11:53:47.508349
PAY_009591,CUST_02430,763.64,UPI,INSUFFICIENT_FUNDS,FAILED,2026-08-17 10:25:47.509143
PAY_009592,CUST_00849,11751.55,NETBANKING,,SUCCESS,2026-08-15 01:15:47.509703
PAY_009593,CUST_01484,1405.05,UPI,BANK_TIMEOUT,FAILED,2026-07-30 20:24:47.510223
PAY_009594,CUST_03151,1669.11,UPI,,SUCCESS,2026-07-28 15:44:47.510754
PAY_009595,CUST_02420,1403.39,WALLET,BANK_TIMEOUT,FAILED,2026-08-04 12:58:47.511279
PAY_009596,CUST_03612,939.44,WALLET,AUTHENTICATION_FAILED,FAILED,2026-08-17 12:10:47.511802
PAY_009597,CUST_02181,2411.86,UPI,,SUCCESS,2026-08-10 09:08:47.512320
PAY_009598,CUST_04849,985.97,CARD,,SUCCESS,2026-08-23 08:32:47.512846
PAY_009599,CUST_04449,1626.9,NETBANKING,,SUCCESS,2026-08-14 17:40:47.513371
PAY_009600,CUST_00216,1029.34,WALLET,NETWORK_ERROR,FAILED,2026-07-28 00:33:47.513892
PAY_009601,CUST_04030,4047.83,CARD,,SUCCESS,2026-08-10 03:37:47.514428
PAY_009602,CUST_04052,861.13,NETBANKING,,SUCCESS,2026-08-20 14:14:47.514969
PAY_009603,CUST_01088,585.63,WALLET,,SUCCESS,2026-08-21 07:53:47.515500
PAY_009604,CUST_03321,2123.46,WALLET,,SUCCESS,2026-08-21 20:11:47.516017
PAY_009605,CUST_01887,259.99,NETBANKING,,SUCCESS,2026-07-29 12:23:47.516539
PAY_009606,CUST_04633,2375.29,NETBANKING,,SUCCESS,2026-08-14 11:49:47.517050
PAY_009607,CUST_01926,429.56,WALLET,,SUCCESS,2026-08-22 21:44:47.517575
PAY_009608,CUST_00315,6193.54,NETBANKING,,SUCCESS,2026-08-12 11:16:47.518089
PAY_009609,CUST_00566,754.27,NETBANKING,,SUCCESS,2026-08-02 10:10:47.518611
PAY_009610,CUST_00276,1813.73,WALLET,,SUCCESS,2026-08-02 16:01:47.519124
PAY_009611,CUST_00650,1249.42,NETBANKING,,SUCCESS,2026-08-24 01:19:47.519679
PAY_009612,CUST_02564,1187.91,NETBANKING,,SUCCESS,2026-07-29 22:22:47.520194
PAY_009613,CUST_01048,1717.34,NETBANKING,,SUCCESS,2026-08-25 08:35:47.520720
PAY_009614,CUST_02047,482.98,CARD,,SUCCESS,2026-08-20 16:59:47.521244
PAY_009615,CUST_02588,1669.45,NETBANKING,,SUCCESS,2026-07-30 18:59:47.521770
PAY_009616,CUST_02329,1685.32,NETBANKING,AUTHENTICATION_FAILED,FAILED,2026-08-24 05:45:47.522442
PAY_009617,CUST_00903,859.04,NETBANKING,,SUCCESS,2026-07-28 10:32:47.523067
PAY_009618,CUST_01513,458.74,UPI,,SUCCESS,2026-08-11 11:48:47.523681
PAY_009619,CUST_00151,687.11,WALLET,BANK_DECLINED,FAILED,2026-08-24 17:06:47.524222
PAY_009620,CUST_01747,4198.34,UPI,,SUCCESS,2026-07-31 02:54:47.524780
PAY_009621,CUST_04605,1497.33,WALLET,,SUCCESS,2026-08-17 03:31:47.525293
PAY_009622,CUST_04466,769.44,NETBANKING,,SUCCESS,2026-08-20 19:14:47.525844
PAY_009623,CUST_01231,1372.64,NETBANKING,,SUCCESS,2026-08-05 05:50:47.526364
PAY_009624,CUST_01614,3529.22,WALLET,,SUCCESS,2026-08-15 06:25:47.526913
PAY_009625,CUST_02513,1427.5,NETBANKING,AUTHENTICATION_FAILED,FAILED,2026-08-09 00:19:47.527464
PAY_009626,CUST_01542,1086.3,CARD,,SUCCESS,2026-08-25 05:49:47.527989
PAY_009627,CUST_04840,514.18,NETBANKING,,SUCCESS,2026-08-24 09:08:47.528541
PAY_009628,CUST_01940,1835.93,UPI,,SUCCESS,2026-08-09 04:41:47.529052
PAY_009629,CUST_02414,1331.31,CARD,,SUCCESS,2026-08-09 00:42:47.529593
PAY_009630,CUST_03798,1183.53,WALLET,INSUFFICIENT_FUNDS,FAILED,2026-08-05 23:11:47.530116
PAY_009631,CUST_01317,1737.6,NETBANKING,,SUCCESS,2026-08-17 07:48:47.530670
PAY_009632,CUST_02640,2374.66,CARD,,SUCCESS,2026-08-01 04:30:47.531175
PAY_009633,CUST_04396,1147.85,NETBANKING,,SUCCESS,2026-07-28 01:23:47.531728
PAY_009634,CUST_03443,415.15,UPI,,SUCCESS,2026-07-31 06:17:47.532246
PAY_009635,CUST_02982,6617.11,UPI,,SUCCESS,2026-08-25 18:42:47.532792
PAY_009636,CUST_04372,1039.38,NETBANKING,,SUCCESS,2026-08-25 16:16:47.533309
PAY_009637,CUST_04628,1442.11,NETBANKING,,SUCCESS,2026-08-15 06:13:47.533859
PAY_009638,CUST_01637,1717.61,NETBANKING,,SUCCESS,2026-08-17 18:29:47.534394
PAY_009639,CUST_03948,7058.19,UPI,,SUCCESS,2026-08-22 13:45:47.534933
PAY_009640,CUST_02736,1208.72,UPI,,SUCCESS,2026-07-31 16:27:47.535485
PAY_009641,CUST_03761,834.04,CARD,,SUCCESS,2026-08-20 08:30:47.536008
PAY_009642,CUST_00196,1979.65,NETBANKING,,SUCCESS,2026-08-05 10:54:47.536556
PAY_009643,CUST_01355,1218.31,CARD,NETWORK_ERROR,FAILED,2026-08-20 14:15:47.537069
PAY_009644,CUST_02568,1097.41,UPI,,SUCCESS,2026-08-05 01:57:47.537616
PAY_009645,CUST_04801,576.7,UPI,,SUCCESS,2026-08-08 20:15:47.538143
PAY_009646,CUST_02330,1048.12,CARD,,SUCCESS,2026-08-20 19:02:47.538703
PAY_009647,CUST_02899,1484.31,CARD,,SUCCESS,2026-07-31 04:27:47.539478
PAY_009648,CUST_02192,1461.21,NETBANKING,,SUCCESS,2026-08-14 14:46:47.540093
PAY_009649,CUST_02817,100.0,WALLET,,SUCCESS,2026-08-01 10:41:47.540649
PAY_009650,CUST_04962,1918.6,CARD,,SUCCESS,2026-08-15 17:41:47.541175
PAY_009651,CUST_02321,831.41,WALLET,,SUCCESS,2026-07-30 20:46:47.541697
PAY_009652,CUST_02065,1836.59,WALLET,,SUCCESS,2026-08-14 20:05:47.542205
PAY_009653,CUST_00568,300.45,NETBANKING,AUTHENTICATION_FAILED,FAILED,2026-08-10 15:50:47.542734
PAY_009654,CUST_02263,779.24,NETBANKING,,SUCCESS,2026-08-06 00:21:47.543247
PAY_009655,CUST_02801,1019.95,UPI,,SUCCESS,2026-08-18 21:35:47.543765
PAY_009656,CUST_04608,100.0,CARD,,SUCCESS,2026-08-21 19:36:47.544276
PAY_009657,CUST_00935,1108.21,NETBANKING,,SUCCESS,2026-07-27 19:21:47.544807
PAY_009658,CUST_02298,8141.14,WALLET,,SUCCESS,2026-08-21 22:35:47.545324
PAY_009659,CUST_04473,9386.02,CARD,,SUCCESS,2026-08-20 04:25:47.545846
PAY_009660,CUST_04431,1308.71,NETBANKING,,SUCCESS,2026-08-25 17:01:47.546360
PAY_009661,CUST_01534,1947.47,CARD,,SUCCESS,2026-08-08 20:22:47.546878
PAY_009662,CUST_02622,1429.05,CARD,,SUCCESS,2026-08-05 03:11:47.547399
PAY_009663,CUST_00651,1902.18,WALLET,,SUCCESS,2026-08-08 04:31:47.547910
PAY_009664,CUST_02922,403.5,NETBANKING,,SUCCESS,2026-08-25 09:40:47.548444
PAY_009665,CUST_01411,1492.66,NETBANKING,,SUCCESS,2026-08-24 22:43:47.548989
PAY_009666,CUST_00080,1933.69,WALLET,,SUCCESS,2026-08-11 11:29:47.549540
PAY_009667,CUST_00528,1652.8,UPI,,SUCCESS,2026-08-23 02:39:47.550057
PAY_009668,CUST_00065,1923.36,WALLET,INSUFFICIENT_FUNDS,FAILED,2026-08-03 19:40:47.550585
PAY_009669,CUST_00002,2154.27,UPI,,SUCCESS,2026-08-26 01:30:47.551099
PAY_009670,CUST_03053,1424.06,CARD,,SUCCESS,2026-08-20 19:30:47.551619
PAY_009671,CUST_02544,2085.26,CARD,,SUCCESS,2026-08-25 01:31:47.552132
PAY_009672,CUST_01651,2270.99,NETBANKING,,SUCCESS,2026-07-28 19:43:47.552657
PAY_009673,CUST_03359,8002.5,NETBANKING,,SUCCESS,2026-08-19 01:31:47.553171
PAY_009674,CUST_01555,1900.76,CARD,,SUCCESS,2026-08-06 15:42:47.553747
PAY_009675,CUST_04245,10681.31,WALLET,,SUCCESS,2026-08-04 11:16:47.554268
PAY_009676,CUST_01745,672.58,NETBANKING,,SUCCESS,2026-08-18 11:28:47.555002
PAY_009677,CUST_03551,1724.43,CARD,,SUCCESS,2026-08-12 07:09:47.555755
PAY_009678,CUST_02317,1311.41,CARD,,SUCCESS,2026-08-16 08:29:47.556372
PAY_009679,CUST_00171,871.65,WALLET,,SUCCESS,2026-08-17 23:30:47.556902
PAY_009680,CUST_02956,1587.8,CARD,,SUCCESS,2026-08-06 17:46:47.557431
PAY_009681,CUST_04376,6515.06,CARD,,SUCCESS,2026-07-30 02:52:47.557957
PAY_009682,CUST_00454,1338.04,CARD,,SUCCESS,2026-08-23 03:42:47.558478
PAY_009683,CUST_01257,1273.57,NETBANKING,,SUCCESS,2026-08-21 08:08:47.558993
PAY_009684,CUST_04141,877.46,CARD,NETWORK_ERROR,FAILED,2026-08-26 17:20:47.559529
PAY_009685,CUST_04492,1049.91,CARD,,SUCCESS,2026-08-23 16:55:47.560040
PAY_009686,CUST_00690,8321.9,NETBANKING,,SUCCESS,2026-08-03 00:48:47.560556
PAY_009687,CUST_04879,803.76,WALLET,,SUCCESS,2026-08-11 03:56:47.561065
PAY_009688,CUST_03701,1655.43,WALLET,,SUCCESS,2026-08-23 16:17:47.561598
PAY_009689,CUST_02224,1392.85,NETBANKING,,SUCCESS,2026-08-05 02:31:47.562109
PAY_009690,CUST_01723,178.3,UPI,,SUCCESS,2026-08-10 13:55:47.562623
PAY_009691,CUST_02493,1493.57,CARD,BANK_TIMEOUT,FAILED,2026-08-01 11:27:47.563138
PAY_009692,CUST_00440,1584.92,UPI,,SUCCESS,2026-07-31 22:05:47.563662
PAY_009693,CUST_02108,6644.79,UPI,,SUCCESS,2026-08-05 02:37:47.564175
PAY_009694,CUST_04114,346.73,CARD,,SUCCESS,2026-08-05 12:42:47.564694
PAY_009695,CUST_01235,1176.41,CARD,,SUCCESS,2026-08-21 23:42:47.565221
PAY_009696,CUST_00578,1315.25,WALLET,,SUCCESS,2026-08-18 00:19:47.565741
PAY_009697,CUST_01248,512.67,NETBANKING,,SUCCESS,2026-08-22 21:20:47.566251
PAY_009698,CUST_03344,1515.65,NETBANKING,,SUCCESS,2026-08-24 10:26:47.566777
PAY_009699,CUST_03983,6907.52,CARD,,SUCCESS,2026-08-06 03:08:47.567304
PAY_009700,CUST_01678,2083.68,NETBANKING,,SUCCESS,2026-07-30 04:22:47.567831
PAY_009701,CUST_03299,1963.96,UPI,,SUCCESS,2026-08-02 20:54:47.568333
PAY_009702,CUST_01750,1161.16,UPI,,SUCCESS,2026-08-26 18:36:47.568852
PAY_009703,CUST_03386,2042.37,WALLET,,SUCCESS,2026-08-19 22:13:47.569377
PAY_009704,CUST_03672,1525.6,WALLET,,SUCCESS,2026-08-22 21:36:47.570162
PAY_009705,CUST_00473,2050.86,UPI,,SUCCESS,2026-08-03 00:13:47.570702
PAY_009706,CUST_04189,1535.04,NETBANKING,,SUCCESS,2026-08-10 23:40:47.571230
PAY_009707,CUST_02600,1146.62,NETBANKING,,SUCCESS,2026-07-31 20:02:47.571749
PAY_009708,CUST_02737,2506.18,UPI,,SUCCESS,2026-08-20 19:21:47.572413
PAY_009709,CUST_02264,1508.5,UPI,,SUCCESS,2026-08-11 20:46:47.573035
PAY_009710,CUST_01569,1867.46,WALLET,,SUCCESS,2026-08-10 19:44:47.573626
PAY_009711,CUST_04851,1762.03,NETBANKING,NETWORK_ERROR,FAILED,2026-07-29 12:31:47.574162
PAY_009712,CUST_01472,1389.43,CARD,INSUFFICIENT_FUNDS,FAILED,2026-08-26 03:51:47.574718
PAY_009713,CUST_04292,2299.28,UPI,,SUCCESS,2026-08-07 00:53:47.575236
PAY_009714,CUST_02372,505.98,NETBANKING,,SUCCESS,2026-08-23 17:39:47.575790
PAY_009715,CUST_01825,105.54,UPI,,SUCCESS,2026-08-19 01:57:47.576313
PAY_009716,CUST_04001,1644.89,NETBANKING,,SUCCESS,2026-08-21 05:53:47.576864
PAY_009717,CUST_02885,7687.69,UPI,,SUCCESS,2026-08-24 15:27:47.577372
PAY_009718,CUST_00986,6179.98,WALLET,,SUCCESS,2026-08-04 07:42:47.577928
PAY_009719,CUST_03528,900.76,WALLET,,SUCCESS,2026-08-12 00:23:47.578482
PAY_009720,CUST_04716,1824.89,NETBANKING,,SUCCESS,2026-08-26 13:32:47.578990
PAY_009721,CUST_04708,1176.58,UPI,,SUCCESS,2026-08-12 23:12:47.579566
PAY_009722,CUST_00095,1686.92,NETBANKING,,SUCCESS,2026-07-29 15:11:47.580088
PAY_009723,CUST_00759,1627.02,WALLET,,SUCCESS,2026-08-18 18:40:47.580646
PAY_009724,CUST_00610,2321.36,WALLET,,SUCCESS,2026-08-08 00:32:47.581159
PAY_009725,CUST_00060,1816.75,WALLET,,SUCCESS,2026-08-20 23:08:47.581709
PAY_009726,CUST_01882,189.62,WALLET,,SUCCESS,2026-08-11 08:28:47.582235
PAY_009727,CUST_00033,1600.47,UPI,BANK_DECLINED,FAILED,2026-08-20 16:09:47.582787
PAY_009728,CUST_02369,629.78,CARD,AUTHENTICATION_FAILED,FAILED,2026-08-14 11:32:47.583300
PAY_009729,CUST_00151,1020.13,NETBANKING,,SUCCESS,2026-08-24 16:39:47.583849
PAY_009730,CUST_01813,901.89,NETBANKING,,SUCCESS,2026-08-08 12:29:47.584374
PAY_009731,CUST_00239,804.1,WALLET,NETWORK_ERROR,FAILED,2026-08-14 22:01:47.584923
PAY_009732,CUST_00132,2695.51,NETBANKING,,SUCCESS,2026-07-30 06:18:47.585469
PAY_009733,CUST_03786,745.03,NETBANKING,,SUCCESS,2026-08-21 22:25:47.586098
PAY_009734,CUST_04337,899.9,WALLET,,SUCCESS,2026-08-06 08:18:47.586663
PAY_009735,CUST_00247,2134.25,UPI,,SUCCESS,2026-08-06 16:31:47.587179
PAY_009736,CUST_02736,1323.73,WALLET,,SUCCESS,2026-08-01 03:14:47.587725
PAY_009737,CUST_02027,448.98,NETBANKING,,SUCCESS,2026-08-02 12:48:47.588249
PAY_009738,CUST_01198,924.33,NETBANKING,,SUCCESS,2026-07-29 13:01:47.588911
PAY_009739,CUST_00861,1533.64,UPI,BANK_TIMEOUT,FAILED,2026-08-08 19:07:47.589577
PAY_009740,CUST_04860,1589.98,WALLET,,SUCCESS,2026-08-05 22:55:47.590108
PAY_009741,CUST_03282,7476.56,WALLET,,SUCCESS,2026-08-13 14:27:47.590704
PAY_009742,CUST_03336,1073.81,WALLET,,SUCCESS,2026-07-29 08:25:47.591222
PAY_009743,CUST_04530,1808.64,WALLET,,SUCCESS,2026-08-02 07:16:47.591751
PAY_009744,CUST_03364,1064.23,NETBANKING,,SUCCESS,2026-08-16 22:16:47.592260
PAY_009745,CUST_04956,626.25,UPI,,SUCCESS,2026-08-23 11:42:47.592801
PAY_009746,CUST_02216,1866.16,NETBANKING,,SUCCESS,2026-07-31 14:50:47.593315
PAY_009747,CUST_02905,2140.89,UPI,,SUCCESS,2026-08-07 03:56:47.593843
PAY_009748,CUST_04218,1581.69,NETBANKING,,SUCCESS,2026-07-30 14:06:47.594353
PAY_009749,CUST_02966,1279.11,CARD,,SUCCESS,2026-08-15 00:20:47.594880
PAY_009750,CUST_01805,8241.21,WALLET,,SUCCESS,2026-08-01 21:52:47.595400
PAY_009751,CUST_01997,1210.17,WALLET,BANK_TIMEOUT,FAILED,2026-08-13 11:08:47.595913
PAY_009752,CUST_00123,7692.63,CARD,NETWORK_ERROR,FAILED,2026-08-11 02:31:47.596429
PAY_009753,CUST_04631,663.67,WALLET,BANK_DECLINED,FAILED,2026-08-08 20:37:47.596946
PAY_009754,CUST_00976,1151.89,CARD,,SUCCESS,2026-08-07 02:54:47.597463
PAY_009755,CUST_00167,2009.42,CARD,,SUCCESS,2026-08-24 12:04:47.597980
PAY_009756,CUST_00757,1497.16,CARD,,SUCCESS,2026-08-19 13:10:47.598495
PAY_009757,CUST_02981,1086.4,CARD,,SUCCESS,2026-08-11 05:00:47.599014
PAY_009758,CUST_03233,1426.98,UPI,,SUCCESS,2026-08-20 08:53:47.599535
PAY_009759,CUST_02998,1131.46,WALLET,,SUCCESS,2026-08-18 09:15:47.600052
PAY_009760,CUST_03809,1470.25,CARD,,SUCCESS,2026-08-15 10:43:47.600580
PAY_009761,CUST_02895,1087.86,NETBANKING,NETWORK_ERROR,FAILED,2026-08-03 18:15:47.601096
PAY_009762,CUST_02963,1014.63,NETBANKING,,SUCCESS,2026-07-31 01:44:47.601761
PAY_009763,CUST_01593,1821.27,CARD,,SUCCESS,2026-08-20 07:55:47.602314
PAY_009764,CUST_03577,1323.03,CARD,,SUCCESS,2026-08-11 07:03:47.602849
PAY_009765,CUST_00254,2267.14,WALLET,,SUCCESS,2026-08-25 21:20:47.603365
PAY_009766,CUST_04975,892.86,UPI,BANK_DECLINED,FAILED,2026-08-04 10:27:47.603889
PAY_009767,CUST_00757,1856.78,CARD,,SUCCESS,2026-08-08 06:02:47.604406
PAY_009768,CUST_00730,7732.14,UPI,,SUCCESS,2026-08-17 10:22:47.604941
PAY_009769,CUST_04395,2124.62,NETBANKING,BANK_TIMEOUT,FAILED,2026-08-15 14:18:47.605532
PAY_009770,CUST_03889,1381.47,WALLET,,SUCCESS,2026-08-11 09:17:47.606198
PAY_009771,CUST_04958,1596.09,CARD,,SUCCESS,2026-07-31 00:17:47.606770
PAY_009772,CUST_02732,2341.74,WALLET,,SUCCESS,2026-08-02 09:18:47.607294
PAY_009773,CUST_04389,1804.29,WALLET,,SUCCESS,2026-08-06 16:59:47.607851
PAY_009774,CUST_02064,630.68,UPI,,SUCCESS,2026-08-04 02:34:47.608363
PAY_009775,CUST_00690,7703.64,WALLET,,SUCCESS,2026-08-24 18:50:47.608911
PAY_009776,CUST_02998,401.26,NETBANKING,NETWORK_ERROR,FAILED,2026-08-22 06:24:47.609495
PAY_009777,CUST_00069,1408.97,CARD,,SUCCESS,2026-08-15 12:31:47.610023
PAY_009778,CUST_02412,1056.87,UPI,,SUCCESS,2026-08-24 11:18:47.610574
PAY_009779,CUST_00921,758.43,UPI,,SUCCESS,2026-08-04 13:38:47.611094
PAY_009780,CUST_00990,2174.97,NETBANKING,,SUCCESS,2026-08-17 19:44:47.611746
PAY_009781,CUST_02293,5493.13,WALLET,,SUCCESS,2026-08-23 00:49:47.612491
PAY_009782,CUST_03880,400.13,WALLET,,SUCCESS,2026-08-15 22:31:47.613069
PAY_009783,CUST_02168,1494.99,WALLET,,SUCCESS,2026-08-06 21:55:47.613681
PAY_009784,CUST_00110,1001.24,UPI,BANK_DECLINED,FAILED,2026-08-05 00:46:47.614200
PAY_009785,CUST_04553,591.76,NETBANKING,,SUCCESS,2026-08-26 12:05:47.614763
PAY_009786,CUST_00918,946.49,NETBANKING,,SUCCESS,2026-08-09 17:39:47.615282
PAY_009787,CUST_02065,1576.31,WALLET,,SUCCESS,2026-08-07 06:12:47.615835
PAY_009788,CUST_04532,771.07,CARD,BANK_DECLINED,FAILED,2026-08-02 05:55:47.616347
PAY_009789,CUST_04410,1833.1,NETBANKING,,SUCCESS,2026-08-23 17:37:47.617045
PAY_009790,CUST_02819,757.33,WALLET,,SUCCESS,2026-08-03 18:18:47.617591
PAY_009791,CUST_04829,1012.02,CARD,,SUCCESS,2026-07-29 05:11:47.618109
PAY_009792,CUST_01684,588.23,UPI,AUTHENTICATION_FAILED,FAILED,2026-08-03 21:20:47.618633
PAY_009793,CUST_02000,2135.65,CARD,,SUCCESS,2026-08-07 18:01:47.619149
PAY_009794,CUST_00513,8154.62,NETBANKING,,SUCCESS,2026-07-31 18:09:47.619669
PAY_009795,CUST_04250,1188.28,CARD,,SUCCESS,2026-08-20 13:56:47.620188
PAY_009796,CUST_01238,496.71,CARD,,SUCCESS,2026-07-31 13:28:47.620710
PAY_009797,CUST_02166,1215.69,CARD,,SUCCESS,2026-08-21 04:53:47.621226
PAY_009798,CUST_03813,2381.87,UPI,,SUCCESS,2026-08-26 03:15:47.621745
PAY_009799,CUST_00969,1128.05,UPI,,SUCCESS,2026-08-17 03:44:47.622505
PAY_009800,CUST_02975,2388.38,CARD,,SUCCESS,2026-08-26 11:32:47.623137
PAY_009801,CUST_02291,789.01,NETBANKING,AUTHENTICATION_FAILED,FAILED,2026-08-15 00:27:47.623706
PAY_009802,CUST_03607,1960.03,NETBANKING,,SUCCESS,2026-08-07 16:13:47.624238
PAY_009803,CUST_03820,100.0,WALLET,,SUCCESS,2026-08-23 13:15:47.624794
PAY_009804,CUST_03561,859.64,NETBANKING,,SUCCESS,2026-08-21 18:13:47.625307
PAY_009805,CUST_02749,697.61,WALLET,,SUCCESS,2026-07-28 05:00:47.625872
PAY_009806,CUST_04770,1620.62,WALLET,,SUCCESS,2026-08-26 11:09:47.626407
PAY_009807,CUST_00799,1336.82,WALLET,,SUCCESS,2026-08-01 20:15:47.626932
PAY_009808,CUST_03683,7448.67,CARD,,SUCCESS,2026-07-31 12:56:47.627493
PAY_009809,CUST_00145,1095.3,UPI,NETWORK_ERROR,FAILED,2026-08-12 16:09:47.628015
PAY_009810,CUST_03406,778.19,WALLET,,SUCCESS,2026-08-04 09:58:47.628572
PAY_009811,CUST_03448,1346.33,WALLET,,SUCCESS,2026-08-08 14:31:47.629080
PAY_009812,CUST_03175,1705.67,WALLET,,SUCCESS,2026-08-07 01:54:47.629629
PAY_009813,CUST_01739,2169.74,NETBANKING,,SUCCESS,2026-08-04 21:52:47.630152
PAY_009814,CUST_04079,2794.95,UPI,,SUCCESS,2026-08-01 04:52:47.630704
PAY_009815,CUST_04133,921.64,UPI,,SUCCESS,2026-08-04 00:36:47.631216
PAY_009816,CUST_01669,1551.23,NETBANKING,,SUCCESS,2026-07-28 15:00:47.631765
PAY_009817,CUST_02995,665.74,WALLET,BANK_DECLINED,FAILED,2026-08-11 18:56:47.632287
PAY_009818,CUST_01690,1759.76,CARD,,SUCCESS,2026-08-23 13:45:47.632883
PAY_009819,CUST_03997,1401.32,UPI,,SUCCESS,2026-08-13 16:50:47.633449
PAY_009820,CUST_04763,1656.9,WALLET,,SUCCESS,2026-08-02 16:50:47.634048
PAY_009821,CUST_00828,1704.76,WALLET,,SUCCESS,2026-08-20 06:02:47.634602
PAY_009822,CUST_04070,1768.65,NETBANKING,,SUCCESS,2026-08-14 05:33:47.635108
PAY_009823,CUST_03583,2125.61,UPI,,SUCCESS,2026-08-07 03:58:47.635656
PAY_009824,CUST_04397,2257.64,NETBANKING,,SUCCESS,2026-08-24 22:32:47.636175
PAY_009825,CUST_03733,1231.37,CARD,,SUCCESS,2026-07-30 17:04:47.636729
PAY_009826,CUST_02560,1114.68,WALLET,,SUCCESS,2026-08-16 05:18:47.637240
PAY_009827,CUST_04839,1951.1,WALLET,,SUCCESS,2026-08-14 05:49:47.637791
PAY_009828,CUST_00572,421.86,WALLET,NETWORK_ERROR,FAILED,2026-08-20 10:18:47.638319
PAY_009829,CUST_04378,1812.47,WALLET,,SUCCESS,2026-08-17 14:03:47.638998
PAY_009830,CUST_00249,670.65,CARD,,SUCCESS,2026-08-19 09:41:47.639672
PAY_009831,CUST_01854,6420.46,UPI,,SUCCESS,2026-08-15 02:13:47.640201
PAY_009832,CUST_02232,1578.15,CARD,,SUCCESS,2026-08-22 17:42:47.640737
PAY_009833,CUST_01569,1422.9,CARD,,SUCCESS,2026-07-31 23:55:47.641252
PAY_009834,CUST_00164,534.36,CARD,,SUCCESS,2026-08-15 18:45:47.641772
PAY_009835,CUST_04967,6866.93,UPI,,SUCCESS,2026-08-21 20:22:47.642283
PAY_009836,CUST_03319,732.78,NETBANKING,,SUCCESS,2026-08-25 19:27:47.642859
PAY_009837,CUST_02006,325.99,NETBANKING,,SUCCESS,2026-08-03 22:49:47.643377
PAY_009838,CUST_01261,1850.78,NETBANKING,,SUCCESS,2026-08-02 23:33:47.643892
PAY_009839,CUST_00308,1306.28,NETBANKING,,SUCCESS,2026-08-20 17:08:47.644413
PAY_009840,CUST_01459,8903.54,NETBANKING,,SUCCESS,2026-08-19 19:14:47.644932
PAY_009841,CUST_03832,260.01,UPI,,SUCCESS,2026-08-11 03:34:47.645446
PAY_009842,CUST_04805,1059.92,CARD,NETWORK_ERROR,FAILED,2026-07-30 02:06:47.645962
PAY_009843,CUST_01253,1527.06,NETBANKING,,SUCCESS,2026-08-11 00:28:47.646482
PAY_009844,CUST_03462,2307.82,CARD,,SUCCESS,2026-08-12 08:13:47.647007
PAY_009845,CUST_01411,1655.22,WALLET,,SUCCESS,2026-07-31 18:14:47.647591
PAY_009846,CUST_03386,2134.83,CARD,,SUCCESS,2026-07-28 04:43:47.648108
PAY_009847,CUST_02369,260.72,UPI,,SUCCESS,2026-07-27 21:33:47.648686
PAY_009848,CUST_02511,378.94,NETBANKING,,SUCCESS,2026-08-08 16:47:47.649221
PAY_009849,CUST_02824,699.96,WALLET,,SUCCESS,2026-08-15 12:36:47.649756
PAY_009850,CUST_01337,188.64,CARD,,SUCCESS,2026-08-02 02:12:47.650269
PAY_009851,CUST_03582,1914.07,NETBANKING,,SUCCESS,2026-08-02 08:07:47.650801
PAY_009852,CUST_03286,2565.75,NETBANKING,,SUCCESS,2026-08-23 16:17:47.651313
PAY_009853,CUST_01605,642.54,CARD,,SUCCESS,2026-08-11 21:41:47.651839
PAY_009854,CUST_04863,7199.05,WALLET,,SUCCESS,2026-08-24 16:44:47.652344
PAY_009855,CUST_04661,697.33,UPI,,SUCCESS,2026-08-07 02:50:47.652878
PAY_009856,CUST_01822,1614.71,WALLET,,SUCCESS,2026-07-30 08:30:47.653388
PAY_009857,CUST_03451,1806.06,WALLET,,SUCCESS,2026-08-07 15:08:47.653903
PAY_009858,CUST_01204,1521.0,CARD,,SUCCESS,2026-07-30 20:21:47.654440
PAY_009859,CUST_04203,649.25,NETBANKING,,SUCCESS,2026-08-20 12:49:47.654991
PAY_009860,CUST_03192,937.79,NETBANKING,,SUCCESS,2026-08-21 11:10:47.655611
PAY_009861,CUST_00466,2872.71,WALLET,,SUCCESS,2026-08-18 01:59:47.656267
PAY_009862,CUST_00279,2268.95,UPI,,SUCCESS,2026-08-22 16:04:47.656837
PAY_009863,CUST_04572,1156.74,UPI,,SUCCESS,2026-08-20 19:40:47.657368
PAY_009864,CUST_02099,1567.79,WALLET,,SUCCESS,2026-08-23 06:41:47.657923
PAY_009865,CUST_01024,1444.12,UPI,,SUCCESS,2026-07-29 13:30:47.658474
PAY_009866,CUST_04500,356.8,CARD,,SUCCESS,2026-08-26 09:01:47.658977
PAY_009867,CUST_04218,1035.92,WALLET,,SUCCESS,2026-08-19 13:22:47.659538
PAY_009868,CUST_01652,1069.34,CARD,BANK_TIMEOUT,FAILED,2026-08-10 03:50:47.660052
PAY_009869,CUST_04530,1899.79,UPI,,SUCCESS,2026-07-28 22:28:47.660603
PAY_009870,CUST_03485,1659.28,NETBANKING,,SUCCESS,2026-08-09 08:52:47.661115
PAY_009871,CUST_02640,1872.53,NETBANKING,,SUCCESS,2026-08-14 11:14:47.661672
PAY_009872,CUST_01970,1058.44,CARD,,SUCCESS,2026-08-19 22:29:47.662185
PAY_009873,CUST_01090,1585.24,WALLET,BANK_DECLINED,FAILED,2026-08-07 10:38:47.662735
PAY_009874,CUST_03195,1854.49,CARD,,SUCCESS,2026-07-30 09:44:47.663577
PAY_009875,CUST_01148,1421.2,NETBANKING,,SUCCESS,2026-08-25 03:02:47.664446
PAY_009876,CUST_00084,1410.95,NETBANKING,,SUCCESS,2026-08-18 04:52:47.664992
PAY_009877,CUST_03671,1295.16,WALLET,,SUCCESS,2026-08-20 22:49:47.665524
PAY_009878,CUST_03618,1015.71,UPI,,SUCCESS,2026-08-14 04:51:47.666034
PAY_009879,CUST_02549,759.07,UPI,NETWORK_ERROR,FAILED,2026-08-12 12:02:47.666554
PAY_009880,CUST_01612,1264.49,NETBANKING,,SUCCESS,2026-08-23 19:17:47.667069
PAY_009881,CUST_00281,6791.57,CARD,,SUCCESS,2026-08-23 23:56:47.667589
PAY_009882,CUST_04836,2632.24,NETBANKING,,SUCCESS,2026-08-02 16:50:47.668095
PAY_009883,CUST_04930,946.19,NETBANKING,,SUCCESS,2026-08-24 13:04:47.668614
PAY_009884,CUST_02329,1151.03,NETBANKING,,SUCCESS,2026-08-26 03:03:47.669111
PAY_009885,CUST_01028,1462.12,CARD,,SUCCESS,2026-08-15 13:21:47.669674
PAY_009886,CUST_03433,305.54,UPI,,SUCCESS,2026-07-31 04:43:47.670186
PAY_009887,CUST_02609,406.62,WALLET,,SUCCESS,2026-08-25 16:11:47.670710
PAY_009888,CUST_03253,614.12,NETBANKING,BANK_TIMEOUT,FAILED,2026-08-13 00:42:47.671219
PAY_009889,CUST_02442,1743.26,CARD,,SUCCESS,2026-08-22 20:54:47.671739
PAY_009890,CUST_00672,2006.16,UPI,NETWORK_ERROR,FAILED,2026-08-04 17:59:47.672488
PAY_009891,CUST_04501,1506.2,CARD,,SUCCESS,2026-08-16 01:32:47.673138
PAY_009892,CUST_00225,2722.45,CARD,,SUCCESS,2026-08-20 21:44:47.673704
PAY_009893,CUST_01414,1268.85,WALLET,,SUCCESS,2026-08-05 04:22:47.674243
PAY_009894,CUST_00526,8222.39,CARD,,SUCCESS,2026-08-04 12:11:47.674793
PAY_009895,CUST_01013,588.52,NETBANKING,,SUCCESS,2026-08-15 01:53:47.675306
PAY_009896,CUST_03069,982.59,UPI,,SUCCESS,2026-08-06 20:56:47.675863
PAY_009897,CUST_01390,8328.04,NETBANKING,,SUCCESS,2026-08-05 03:09:47.676373
PAY_009898,CUST_01034,1838.88,NETBANKING,,SUCCESS,2026-08-12 04:49:47.676930
PAY_009899,CUST_03939,1846.73,UPI,,SUCCESS,2026-08-13 16:12:47.677478
PAY_009900,CUST_00268,625.49,UPI,,SUCCESS,2026-08-18 14:34:47.677999
PAY_009901,CUST_03152,1301.19,WALLET,,SUCCESS,2026-08-07 07:24:47.678693
PAY_009902,CUST_04236,1775.18,CARD,AUTHENTICATION_FAILED,FAILED,2026-08-16 21:41:47.679281
PAY_009903,CUST_00703,1560.62,CARD,,SUCCESS,2026-07-30 03:38:47.679812
PAY_009904,CUST_02440,2028.05,WALLET,,SUCCESS,2026-08-24 11:10:47.680327
PAY_009905,CUST_00228,1763.89,UPI,,SUCCESS,2026-08-11 01:14:47.680859
PAY_009906,CUST_03686,2142.55,UPI,INSUFFICIENT_FUNDS,FAILED,2026-08-15 04:42:47.681380
PAY_009907,CUST_04181,733.48,CARD,,SUCCESS,2026-07-28 19:33:47.681894
PAY_009908,CUST_03162,1256.89,UPI,,SUCCESS,2026-08-06 21:55:47.682413
PAY_009909,CUST_00145,1265.73,NETBANKING,,SUCCESS,2026-08-03 20:06:47.682933
PAY_009910,CUST_02212,979.5,NETBANKING,,SUCCESS,2026-08-06 11:13:47.683453
PAY_009911,CUST_02531,771.19,CARD,,SUCCESS,2026-08-01 01:47:47.683972
PAY_009912,CUST_04920,187.08,CARD,AUTHENTICATION_FAILED,FAILED,2026-07-30 07:30:47.684497
PAY_009913,CUST_03386,1873.83,CARD,,SUCCESS,2026-08-06 07:26:47.685004
PAY_009914,CUST_04069,6668.26,UPI,,SUCCESS,2026-08-20 01:11:47.685529
PAY_009915,CUST_01000,1727.63,NETBANKING,,SUCCESS,2026-07-30 12:07:47.686039
PAY_009916,CUST_03255,533.89,NETBANKING,,SUCCESS,2026-08-12 10:45:47.686561
PAY_009917,CUST_00871,923.76,UPI,,SUCCESS,2026-08-13 16:30:47.687071
PAY_009918,CUST_02584,1581.67,UPI,,SUCCESS,2026-08-22 17:02:47.687592
PAY_009919,CUST_04841,1505.14,CARD,,SUCCESS,2026-08-18 17:15:47.688094
PAY_009920,CUST_03558,1609.22,WALLET,BANK_DECLINED,FAILED,2026-07-30 13:39:47.688612
PAY_009921,CUST_03992,868.86,UPI,BANK_DECLINED,FAILED,2026-08-15 08:15:47.689423
PAY_009922,CUST_02157,1608.23,NETBANKING,,SUCCESS,2026-08-16 23:24:47.690019
PAY_009923,CUST_04939,1204.63,NETBANKING,,SUCCESS,2026-08-15 08:44:47.690551
PAY_009924,CUST_04431,1553.17,CARD,,SUCCESS,2026-08-01 03:28:47.691063
PAY_009925,CUST_04357,1015.08,WALLET,,SUCCESS,2026-07-31 00:22:47.691578
PAY_009926,CUST_01134,1949.59,CARD,,SUCCESS,2026-08-19 16:09:47.692088
PAY_009927,CUST_04925,1911.09,UPI,,SUCCESS,2026-07-29 01:04:47.692607
PAY_009928,CUST_00275,1284.54,CARD,,SUCCESS,2026-08-19 06:29:47.693116
PAY_009929,CUST_04020,1413.69,WALLET,,SUCCESS,2026-08-08 16:11:47.693647
PAY_009930,CUST_04252,1413.86,CARD,,SUCCESS,2026-08-12 06:17:47.694160
PAY_009931,CUST_00697,862.3,UPI,AUTHENTICATION_FAILED,FAILED,2026-08-06 11:41:47.694840
PAY_009932,CUST_02666,594.06,NETBANKING,,SUCCESS,2026-08-04 19:58:47.695374
PAY_009933,CUST_03985,1206.16,CARD,INSUFFICIENT_FUNDS,FAILED,2026-08-02 04:36:47.695891
PAY_009934,CUST_03151,840.35,CARD,,SUCCESS,2026-08-24 23:44:47.696406
PAY_009935,CUST_04831,6076.04,UPI,BANK_TIMEOUT,FAILED,2026-08-07 12:51:47.696915
PAY_009936,CUST_01621,1348.91,CARD,,SUCCESS,2026-08-11 05:12:47.697444
PAY_009937,CUST_03623,2244.38,WALLET,,SUCCESS,2026-07-28 09:56:47.697946
PAY_009938,CUST_04834,933.3,WALLET,,SUCCESS,2026-08-11 17:39:47.698465
PAY_009939,CUST_02133,1720.54,NETBANKING,,SUCCESS,2026-08-01 16:28:47.698981
PAY_009940,CUST_01050,1018.05,WALLET,,SUCCESS,2026-08-19 05:53:47.699537
PAY_009941,CUST_01358,1302.89,NETBANKING,,SUCCESS,2026-08-05 17:41:47.700052
PAY_009942,CUST_04507,1936.45,CARD,,SUCCESS,2026-08-13 14:53:47.700569
PAY_009943,CUST_01912,1273.14,WALLET,,SUCCESS,2026-07-28 18:19:47.701070
PAY_009944,CUST_03414,1926.54,CARD,,SUCCESS,2026-08-13 17:21:47.701589
PAY_009945,CUST_04797,1052.55,NETBANKING,,SUCCESS,2026-07-28 06:32:47.702105
PAY_009946,CUST_02174,1363.4,WALLET,,SUCCESS,2026-08-02 17:46:47.702627
PAY_009947,CUST_00841,449.19,UPI,,SUCCESS,2026-08-11 13:51:47.703140
PAY_009948,CUST_04198,10594.86,WALLET,,SUCCESS,2026-08-17 15:40:47.703661
PAY_009949,CUST_04527,526.81,WALLET,,SUCCESS,2026-08-12 13:25:47.704170
PAY_009950,CUST_03110,1865.09,NETBANKING,,SUCCESS,2026-08-23 16:37:47.704690
PAY_009951,CUST_02397,1402.13,NETBANKING,,SUCCESS,2026-08-21 20:40:47.705202
PAY_009952,CUST_03749,1957.14,WALLET,,SUCCESS,2026-08-08 18:28:47.705925
PAY_009953,CUST_01870,2394.53,WALLET,,SUCCESS,2026-08-10 10:47:47.706526
PAY_009954,CUST_02914,1616.97,NETBANKING,,SUCCESS,2026-07-31 09:27:47.707050
PAY_009955,CUST_04560,2031.96,WALLET,,SUCCESS,2026-08-26 05:06:47.707618
PAY_009956,CUST_04613,1104.38,CARD,INSUFFICIENT_FUNDS,FAILED,2026-08-06 09:52:47.708122
PAY_009957,CUST_04947,1466.3,CARD,,SUCCESS,2026-08-18 11:43:47.708671
PAY_009958,CUST_03939,2458.64,WALLET,,SUCCESS,2026-08-14 09:44:47.709179
PAY_009959,CUST_01277,641.66,CARD,,SUCCESS,2026-08-22 18:27:47.709791
PAY_009960,CUST_04068,1355.4,CARD,INSUFFICIENT_FUNDS,FAILED,2026-08-20 23:12:47.710308
PAY_009961,CUST_04302,1287.67,NETBANKING,,SUCCESS,2026-08-11 09:08:47.710863
PAY_009962,CUST_03332,467.87,NETBANKING,,SUCCESS,2026-08-17 18:39:47.711403
PAY_009963,CUST_03438,1959.26,CARD,,SUCCESS,2026-08-16 07:49:47.711928
PAY_009964,CUST_02360,1647.09,WALLET,,SUCCESS,2026-08-24 17:39:47.712478
PAY_009965,CUST_02769,1891.44,NETBANKING,,SUCCESS,2026-08-20 05:40:47.712996
PAY_009966,CUST_04259,556.35,NETBANKING,,SUCCESS,2026-08-17 01:08:47.713552
PAY_009967,CUST_02543,2111.42,WALLET,BANK_TIMEOUT,FAILED,2026-08-01 23:27:47.714065
PAY_009968,CUST_02925,1353.23,WALLET,,SUCCESS,2026-08-19 17:18:47.714621
PAY_009969,CUST_04076,1538.75,CARD,,SUCCESS,2026-08-21 05:46:47.715137
PAY_009970,CUST_00567,1174.78,CARD,BANK_DECLINED,FAILED,2026-07-28 17:36:47.715707
PAY_009971,CUST_01727,1138.1,NETBANKING,,SUCCESS,2026-08-18 03:08:47.716224
PAY_009972,CUST_01126,1997.24,CARD,,SUCCESS,2026-07-30 03:29:47.716779
PAY_009973,CUST_02067,581.35,UPI,,SUCCESS,2026-08-22 19:54:47.717304
PAY_009974,CUST_02050,647.43,NETBANKING,,SUCCESS,2026-07-31 22:43:47.717853
PAY_009975,CUST_03976,2293.33,CARD,,SUCCESS,2026-08-01 10:29:47.718361
PAY_009976,CUST_04019,6924.62,WALLET,,SUCCESS,2026-08-07 02:27:47.718910
PAY_009977,CUST_01485,1500.21,NETBANKING,,SUCCESS,2026-08-17 18:27:47.719472
PAY_009978,CUST_00027,1648.36,WALLET,,SUCCESS,2026-08-02 06:42:47.719981
PAY_009979,CUST_04417,1753.43,NETBANKING,,SUCCESS,2026-08-04 02:01:47.720533
PAY_009980,CUST_00694,720.53,UPI,,SUCCESS,2026-08-24 11:56:47.721044
PAY_009981,CUST_03350,910.25,WALLET,,SUCCESS,2026-08-03 18:26:47.721602
PAY_009982,CUST_01859,1835.8,NETBANKING,NETWORK_ERROR,FAILED,2026-08-07 04:10:47.722195
PAY_009983,CUST_00698,1111.71,WALLET,,SUCCESS,2026-07-30 03:15:47.722897
PAY_009984,CUST_02592,831.24,CARD,,SUCCESS,2026-08-07 03:38:47.723436
PAY_009985,CUST_02805,1411.63,UPI,,SUCCESS,2026-08-01 01:40:47.723951
PAY_009986,CUST_03832,601.33,CARD,,SUCCESS,2026-08-03 05:02:47.724466
PAY_009987,CUST_02490,2364.56,CARD,,SUCCESS,2026-08-10 14:03:47.725000
PAY_009988,CUST_03530,1213.64,UPI,,SUCCESS,2026-08-02 16:39:47.725604
PAY_009989,CUST_00735,2126.03,CARD,,SUCCESS,2026-08-11 13:51:47.726126
PAY_009990,CUST_03656,1238.75,WALLET,,SUCCESS,2026-08-19 06:28:47.726660
PAY_009991,CUST_00465,180.76,CARD,,SUCCESS,2026-08-09 15:05:47.727173
PAY_009992,CUST_04646,1024.87,CARD,,SUCCESS,2026-08-17 04:43:47.727684
PAY_009993,CUST_02932,1466.78,CARD,,SUCCESS,2026-08-11 21:16:47.728197
PAY_009994,CUST_04830,665.63,CARD,,SUCCESS,2026-08-04 14:01:47.728723
PAY_009995,CUST_00720,1630.17,NETBANKING,,SUCCESS,2026-08-07 23:55:47.729229
PAY_009996,CUST_02986,1058.05,CARD,,SUCCESS,2026-08-05 05:36:47.729783
PAY_009997,CUST_02391,1287.71,NETBANKING,,SUCCESS,2026-08-05 12:13:47.730295
PAY_009998,CUST_04017,530.23,CARD,,SUCCESS,2026-08-15 06:11:47.730823
PAY_009999,CUST_01623,814.73,WALLET,,SUCCESS,2026-08-07 20:17:47.731335
PAY_010000,CUST_00944,4538.33,UPI,,SUCCESS,2026-08-10 16:50:47.731856
